candidate_id,fuente,sku_semilla,caja_grosor_mm,L_int,W_int,H_int,caja_exterior_largo,caja_exterior_ancho,caja_exterior_alto,cajas_L,cajas_W,cajas_H,capacidad_pallet,carga_maxima_kg
t3_0_c00001,referencia_individual,BR0001,3.0,386.0,286.0,303.0,392.0,292.0,309.0,2,4,5,40,139.44954128440367
t3_0_c00002,optima_individual,BR0001,3.0,391.35487,291.922494,292.79096,397.35486966473627,297.9224941799595,298.7909596882509,2,4,6,48,141.74869803153837
t3_0_c00003,referencia_individual,BR0002,3.0,395.0,296.0,260.0,401.0,302.0,266.0,1,3,6,18,143.32313965341487
t3_0_c00004,optima_individual,BR0002,3.0,388.1985,289.841003,270.177064,394.1985001630886,295.8410026902726,276.17706410419214,2,4,6,48,140.68083646347833
t3_0_c00005,referencia_individual,BR0003,3.0,388.0,288.0,164.0,394.0,294.0,170.0,2,4,10,80,140.2650356778797
t3_0_c00006,referencia_individual,BR0004,3.0,395.0,296.0,224.0,401.0,302.0,230.0,1,3,7,21,143.32313965341487
t3_0_c00007,optima_individual,BR0004,3.0,388.1985,289.841003,232.767932,394.1985001630886,295.8410026902726,238.76793215130397,2,4,7,56,140.68083646347833
t3_0_c00008,referencia_individual,BR0005,3.0,386.0,286.0,253.0,392.0,292.0,259.0,2,4,6,48,139.44954128440367
t3_0_c00009,optima_individual,BR0005,3.0,392.667559,290.940212,244.480985,398.66755862796725,296.9402118331571,250.4809846453623,2,4,7,56,141.8160592173546
t3_0_c00010,referencia_individual,BR0006,3.0,386.0,286.0,286.0,392.0,292.0,292.0,2,4,6,48,139.44954128440367
t3_0_c00011,referencia_individual,BR0007,3.0,395.0,296.0,291.0,401.0,302.0,297.0,1,3,6,18,143.32313965341487
t3_0_c00012,optima_individual,BR0007,3.0,393.879447,293.913577,293.899487,399.87944673658205,299.9135773725474,299.8994867430204,2,4,6,48,142.66932193866043
t3_0_c00013,referencia_individual,BR0008,3.0,386.0,286.0,184.0,392.0,292.0,190.0,2,4,9,72,139.44954128440367
t3_0_c00014,referencia_individual,BR0009,3.0,386.0,286.0,179.0,392.0,292.0,185.0,2,4,9,72,139.44954128440367
t3_0_c00015,optima_individual,BR0009,3.0,391.102692,291.724432,173.197955,397.10269192598287,297.72443183590445,179.1979554224186,2,4,10,80,141.65690596572628
t3_0_c00016,referencia_individual,BR0010,3.0,386.0,286.0,164.0,392.0,292.0,170.0,2,4,10,80,139.44954128440367
t3_0_c00017,optima_individual,BR0010,3.0,392.705405,292.983215,157.357543,398.7054050483174,298.98321510292266,163.35754326615606,2,4,11,88,142.2402895313435
t3_0_c00018,referencia_individual,BR0011,3.0,388.0,288.0,283.0,394.0,294.0,289.0,2,4,6,48,140.2650356778797
t3_0_c00019,referencia_individual,BR0012,3.0,386.0,286.0,214.0,392.0,292.0,220.0,2,4,8,64,139.44954128440367
t3_0_c00020,referencia_individual,BR0014,3.0,386.0,286.0,244.0,392.0,292.0,250.0,2,4,7,56,139.44954128440367
t3_0_c00021,referencia_individual,BR0018,3.0,386.0,286.0,288.0,392.0,292.0,294.0,2,4,6,48,139.44954128440367
t3_0_c00022,referencia_individual,BR0019,3.0,393.0,255.0,260.0,399.0,261.0,266.0,2,4,6,48,134.5565749235474
t3_0_c00023,optima_individual,BR0019,3.0,390.325154,267.467103,249.579647,396.3251536132624,273.4671027390772,255.5796470005659,2,4,7,56,136.55295746225067
t3_0_c00024,referencia_individual,BR0020,3.0,393.0,255.0,204.0,399.0,261.0,210.0,2,4,8,64,134.5565749235474
t3_0_c00025,optima_individual,BR0020,3.0,392.164248,269.373582,193.526258,398.1642482908057,275.3735820212254,199.52625755261988,2,4,9,72,137.31658110337023
t3_0_c00026,referencia_individual,BR0021,3.0,383.0,248.0,199.0,389.0,254.0,205.0,2,4,8,64,131.0907237512742
t3_0_c00027,optima_individual,BR0021,3.0,389.167841,232.941434,208.506617,395.1678408604193,238.94143362717824,214.50661718899985,2,5,8,80,129.27813954894955
t3_0_c00028,referencia_individual,BR0022,3.0,393.0,255.0,230.0,399.0,261.0,236.0,2,4,7,56,134.5565749235474
t3_0_c00029,optima_individual,BR0022,3.0,392.009661,269.213331,218.407343,398.0096609005317,275.2133305342098,224.40734312943297,2,4,8,64,137.25239376855077
t3_0_c00030,referencia_individual,BR0023,3.0,383.0,248.0,179.0,389.0,254.0,185.0,2,4,9,72,131.0907237512742
t3_0_c00031,optima_individual,BR0023,3.0,389.167841,232.941434,187.551178,395.1678408604193,238.94143362717824,193.55117827553255,2,5,9,90,129.27813954894955
t3_0_c00032,referencia_individual,BR0024,3.0,393.0,255.0,235.0,399.0,261.0,241.0,2,4,7,56,134.5565749235474
t3_0_c00033,referencia_individual,BR0026,3.0,388.0,288.0,219.0,394.0,294.0,225.0,2,4,8,64,140.2650356778797
t3_0_c00034,referencia_individual,BR0027,3.0,386.0,286.0,171.0,392.0,292.0,177.0,2,4,10,80,139.44954128440367
t3_0_c00035,referencia_individual,BR0028,3.0,386.0,286.0,217.0,392.0,292.0,223.0,2,4,8,64,139.44954128440367
t3_0_c00036,referencia_individual,BR0030,3.0,380.0,282.0,172.0,386.0,288.0,178.0,2,4,10,80,137.41080530071355
t3_0_c00037,referencia_individual,BR0031,3.0,386.0,286.0,169.0,392.0,292.0,175.0,2,4,10,80,139.44954128440367
t3_0_c00038,referencia_individual,BR0032,3.0,386.0,286.0,159.0,392.0,292.0,165.0,2,4,10,80,139.44954128440367
t3_0_c00039,optima_individual,BR0032,3.0,392.806546,291.043192,153.537442,398.8065460158066,297.04319212570124,159.5374418987182,2,4,11,88,141.86539003904338
t3_0_c00040,referencia_individual,BR0033,3.0,388.0,288.0,184.0,394.0,294.0,190.0,2,4,9,72,140.2650356778797
t3_0_c00041,referencia_individual,BR0034,3.0,379.0,246.0,182.0,385.0,252.0,188.0,2,4,9,72,129.86748216106014
t3_0_c00042,optima_individual,BR0034,3.0,390.715783,231.46835,187.626049,396.71578334585155,237.46835029442454,193.6260489945778,2,5,9,90,129.29340135377697
t3_0_c00043,referencia_individual,BR0035,3.0,395.0,296.0,214.0,401.0,302.0,220.0,1,3,8,24,143.32313965341487
t3_0_c00044,optima_individual,BR0035,3.0,392.304156,292.784278,217.837136,398.30415636184154,298.78427829986595,223.83713576093285,2,4,8,64,142.11792755590363
t3_0_c00045,referencia_individual,BR0036,3.0,384.0,286.0,163.0,390.0,292.0,169.0,2,4,10,80,139.04179408766564
t3_0_c00046,optima_individual,BR0036,3.0,390.979072,291.715579,156.953761,396.97907207747807,297.7155792753997,162.95376095470093,2,4,11,88,141.62989833901688
t3_0_c00047,referencia_individual,BR0037,3.0,393.0,255.0,245.0,399.0,261.0,251.0,2,4,7,56,134.5565749235474
t3_0_c00048,referencia_individual,BR0042,3.0,393.0,255.0,194.0,399.0,261.0,200.0,2,4,9,72,134.5565749235474
t3_0_c00049,referencia_individual,BR0043,3.0,380.0,252.0,144.0,386.0,258.0,150.0,2,4,12,96,131.29459734964323
t3_0_c00050,optima_individual,BR0043,3.0,390.088344,233.458386,151.41684,396.088343971927,239.45838600874765,157.41683956571677,2,5,11,110,129.57119877281846
t3_0_c00051,referencia_individual,BR0045,3.0,375.0,182.0,152.0,381.0,188.0,158.0,2,6,11,132,116.00407747196738
t3_0_c00052,optima_individual,BR0045,3.0,387.13887,187.891398,142.617418,393.138869554199,193.89139802363792,148.61741756669724,2,6,12,144,119.67997300261709
t3_0_c00053,referencia_individual,BR0048,3.0,380.0,252.0,235.0,386.0,258.0,241.0,2,4,7,56,131.29459734964323
t3_0_c00054,optima_individual,BR0048,3.0,390.088344,233.458386,247.10387,396.088343971927,239.45838600874765,253.10387012460723,2,5,7,70,129.57119877281846
t3_0_c00055,referencia_individual,BR0049,3.0,380.0,252.0,245.0,386.0,258.0,251.0,2,4,7,56,131.29459734964323
t3_0_c00056,optima_individual,BR0049,3.0,390.088344,233.458386,257.618928,396.0883439719269,239.45838600874765,263.618928427782,2,5,6,60,129.57119877281846
t3_0_c00057,referencia_individual,BR0050,3.0,380.0,252.0,218.0,386.0,258.0,224.0,2,4,8,64,131.29459734964323
t3_0_c00058,optima_individual,BR0050,3.0,390.088344,233.458386,229.228271,396.088343971927,239.45838600874765,235.2282710092101,2,5,7,70,129.57119877281846
t3_0_c00059,referencia_individual,BR0051,3.0,380.0,252.0,228.0,386.0,258.0,234.0,2,4,7,56,131.29459734964323
t3_0_c00060,optima_individual,BR0051,3.0,390.088344,233.458386,239.743329,396.0883439719269,239.45838600874765,245.7433293123849,2,5,7,70,129.57119877281846
t3_0_c00061,referencia_individual,BR0057,3.0,380.0,252.0,226.0,386.0,258.0,232.0,2,4,7,56,131.29459734964323
t3_0_c00062,optima_individual,BR0057,3.0,390.088344,233.458386,237.640318,396.0883439719269,239.45838600874765,243.64031765174994,2,5,7,70,129.57119877281846
t3_0_c00063,referencia_individual,BR0065,3.0,388.0,288.0,169.0,394.0,294.0,175.0,2,4,10,80,140.2650356778797
t3_0_c00064,referencia_individual,BR0066,3.0,386.0,286.0,162.0,392.0,292.0,168.0,2,4,10,80,139.44954128440367
t3_0_c00065,optima_individual,BR0066,3.0,390.962092,291.614004,156.864737,396.96209218480413,297.61400371306917,162.86473735215452,2,4,11,88,141.60572801179882
t3_0_c00066,referencia_individual,BR0067,3.0,393.0,255.0,250.0,399.0,261.0,256.0,2,4,7,56,134.5565749235474
t3_0_c00067,referencia_individual,BR0069,3.0,393.0,255.0,214.0,399.0,261.0,220.0,2,4,8,64,134.5565749235474
t3_0_c00068,referencia_individual,BR0071,3.0,393.0,255.0,219.0,399.0,261.0,225.0,2,4,8,64,134.5565749235474
t3_0_c00069,referencia_individual,BR0074,3.0,395.0,296.0,245.0,401.0,302.0,251.0,1,3,7,21,143.32313965341487
t3_0_c00070,optima_individual,BR0074,3.0,392.108324,292.64389,249.637238,398.10832428212797,298.6438895883192,255.63723767453322,2,4,7,56,142.04938101334292
t3_0_c00071,referencia_individual,BR0076,3.0,393.0,255.0,168.0,399.0,261.0,174.0,2,4,10,80,134.5565749235474
t3_0_c00072,optima_individual,BR0076,3.0,393.899154,271.172055,157.620257,399.8991540910123,277.1720549356219,163.6202573257092,2,4,11,88,138.03694373631686
t3_0_c00073,referencia_individual,BR0079,3.0,393.0,255.0,265.0,399.0,261.0,271.0,2,4,6,48,134.5565749235474
t3_0_c00074,optima_individual,BR0079,3.0,392.595474,269.820608,250.702231,398.59547419087426,275.8206080794513,256.70223129105676,2,4,7,56,137.49563349038237
t3_0_c00075,referencia_individual,BR0080,3.0,393.0,255.0,270.0,399.0,261.0,276.0,2,4,6,48,134.5565749235474
t3_0_c00076,referencia_individual,BR0081,3.0,393.0,255.0,275.0,399.0,261.0,281.0,2,4,6,48,134.5565749235474
t3_0_c00077,referencia_individual,BR0082,3.0,395.0,296.0,280.0,401.0,302.0,286.0,1,3,6,18,143.32313965341487
t3_0_c00078,optima_individual,BR0082,3.0,388.1985,289.841003,290.959915,394.1985001630886,295.8410026902726,296.95991518912996,2,4,6,48,140.68083646347833
t3_0_c00079,referencia_individual,BR0086,3.0,383.0,248.0,229.0,389.0,254.0,235.0,2,4,7,56,131.0907237512742
t3_0_c00080,optima_individual,BR0086,3.0,389.167841,232.941434,239.939776,395.1678408604193,238.94143362717824,245.93977555920085,2,5,7,70,129.27813954894955
t3_0_c00081,referencia_individual,BR0087,3.0,383.0,248.0,214.0,389.0,254.0,220.0,2,4,8,64,131.0907237512742
t3_0_c00082,optima_individual,BR0087,3.0,389.167841,232.941434,224.223196,395.1678408604193,238.94143362717824,230.22319637410035,2,5,7,70,129.27813954894955
t3_0_c00083,referencia_individual,BR0089,3.0,383.0,248.0,239.0,389.0,254.0,245.0,2,4,7,56,131.0907237512742
t3_0_c00084,optima_individual,BR0089,3.0,389.167841,232.941434,250.417495,395.1678408604193,238.94143362717824,256.4174950159345,2,5,7,70,129.27813954894955
t3_0_c00085,referencia_individual,BR0091,3.0,383.0,248.0,209.0,389.0,254.0,215.0,2,4,8,64,131.0907237512742
t3_0_c00086,optima_individual,BR0091,3.0,389.167841,232.941434,218.984337,395.16784086041923,238.94143362717824,224.98433664573355,2,5,8,80,129.27813954894955
t3_0_c00087,referencia_individual,BR0092XL,3.0,393.0,294.0,224.0,399.0,300.0,230.0,2,4,7,56,142.50764525993884
t3_0_c00088,referencia_individual,BR0094,3.0,393.0,255.0,224.0,399.0,261.0,230.0,2,4,7,56,134.5565749235474
t3_0_c00089,optima_individual,BR0094,3.0,389.015047,266.108994,216.847688,395.01504722794374,272.1089939306953,222.84768783522298,2,4,8,64,136.0089788294881
t3_0_c00090,referencia_individual,BR0097,3.0,379.0,246.0,197.0,385.0,252.0,203.0,2,4,8,64,129.86748216106014
t3_0_c00091,optima_individual,BR0097,3.0,390.715783,231.46835,203.089734,396.71578334585155,237.46835029442454,209.08973435127376,2,5,8,80,129.29340135377697
t3_0_c00092,referencia_individual,BR0098,3.0,393.0,255.0,209.0,399.0,261.0,215.0,2,4,8,64,134.5565749235474
t3_0_c00093,referencia_individual,BR0100,3.0,380.0,282.0,181.0,386.0,288.0,187.0,2,4,9,72,137.41080530071355
t3_0_c00094,optima_individual,BR0100,3.0,393.130716,286.816533,172.016505,399.13071642930066,292.81653293957834,178.01650530446062,2,4,10,80,141.0697756103729
t3_0_c00095,referencia_individual,BR0101,3.0,380.0,282.0,175.0,386.0,288.0,181.0,2,4,9,72,137.41080530071355
t3_0_c00096,optima_individual,BR0101,3.0,386.385312,286.738573,169.263776,392.3853115186442,292.7385732848886,175.2637761018789,2,4,10,80,139.67867172345214
t3_0_c00097,referencia_individual,BR0102,3.0,395.0,296.0,178.0,401.0,302.0,184.0,1,3,9,27,143.32313965341487
t3_0_c00098,optima_individual,BR0102,3.0,388.1985,289.841003,184.967375,394.19850016308857,295.8410026902726,190.9673746559469,2,4,9,72,140.68083646347833
t3_0_c00099,referencia_individual,BR0103,3.0,380.0,282.0,201.0,386.0,288.0,207.0,2,4,8,64,137.41080530071355
t3_0_c00100,optima_individual,BR0103,3.0,389.852145,289.311328,190.969229,395.85214450731803,295.31132829227283,196.96922937397494,2,4,9,72,140.90998426087478
t3_0_c00101,referencia_individual,BR0104,3.0,386.0,286.0,201.0,392.0,292.0,207.0,2,4,8,64,139.44954128440367
t3_0_c00102,optima_individual,BR0104,3.0,392.103728,292.510654,193.466928,398.10372827969326,298.51065352097567,199.46692783798932,2,4,9,72,142.0212806933066
t3_0_c00103,referencia_individual,BR0106,3.0,391.0,255.0,230.0,397.0,261.0,236.0,2,4,7,56,134.14882772680937
t3_0_c00104,optima_individual,BR0106,3.0,391.275003,268.572532,218.223279,397.2750032159518,274.5725319645032,224.22327875953087,2,4,8,64,136.9719745525902
t3_0_c00105,referencia_individual,BR0107,3.0,391.0,255.0,240.0,397.0,261.0,246.0,2,4,7,56,134.14882772680937
t3_0_c00106,referencia_individual,BR0108,3.0,395.0,296.0,301.0,401.0,302.0,307.0,1,3,5,15,143.32313965341487
t3_0_c00107,optima_individual,BR0108,3.0,388.1985,289.841003,312.781909,394.19850016308857,295.8410026902726,318.7819088283147,2,4,5,40,140.68083646347833
t3_0_c00108,referencia_individual,BR0109,3.0,395.0,296.0,306.0,401.0,302.0,312.0,1,3,5,15,143.32313965341487
t3_0_c00109,optima_individual,BR0109,3.0,388.1985,289.841003,317.977622,394.19850016308857,295.8410026902726,323.9776215995492,2,4,5,40,140.68083646347833
t3_0_c00110,referencia_individual,BR0113,3.0,388.0,288.0,278.0,394.0,294.0,284.0,2,4,6,48,140.2650356778797
t3_0_c00111,referencia_individual,BR0114,3.0,395.0,296.0,255.0,401.0,302.0,261.0,1,3,6,18,143.32313965341487
t3_0_c00112,optima_individual,BR0114,3.0,388.1985,289.841003,264.981351,394.19850016308857,295.8410026902726,270.9813513329577,2,4,6,48,140.68083646347833
t3_0_c00113,referencia_individual,BR0115,3.0,386.0,286.0,283.0,392.0,292.0,289.0,2,4,6,48,139.44954128440367
t3_0_c00114,referencia_individual,BR0117,3.0,386.0,286.0,256.0,392.0,292.0,262.0,2,4,6,48,139.44954128440367
t3_0_c00115,optima_individual,BR0117,3.0,389.874671,290.759935,249.306567,395.8746711376755,296.7599348224774,255.30656723694915,2,4,7,56,141.20990947199854
t3_0_c00116,referencia_individual,BR0118,3.0,395.0,296.0,219.0,401.0,302.0,225.0,1,3,8,24,143.32313965341487
t3_0_c00117,optima_individual,BR0118,3.0,388.1985,289.841003,227.572219,394.1985001630886,295.8410026902726,233.5722193800695,2,4,7,56,140.68083646347833
t3_0_c00118,referencia_individual,BR0119,3.0,395.0,296.0,184.0,401.0,302.0,190.0,1,3,9,27,143.32313965341487
t3_0_c00119,optima_individual,BR0119,3.0,388.1985,289.841003,191.20223,394.1985001630886,295.8410026902726,197.20222998142825,2,4,9,72,140.68083646347833
t3_0_c00120,referencia_individual,BR0120,3.0,380.0,287.0,219.0,386.0,293.0,225.0,2,4,8,64,138.4301732925586
t3_0_c00121,referencia_individual,BR0121,3.0,388.0,288.0,348.0,394.0,294.0,354.0,2,4,5,40,140.2650356778797
t3_0_c00122,referencia_individual,BR0122,3.0,395.0,296.0,352.0,401.0,302.0,358.0,1,3,5,15,143.32313965341487
t3_0_c00123,optima_individual,BR0122,3.0,388.1985,289.841003,365.778179,394.1985001630886,295.8410026902726,371.77817909490625,2,4,4,32,140.68083646347833
t3_0_c00124,referencia_individual,BR0123,3.0,386.0,286.0,278.0,392.0,292.0,284.0,2,4,6,48,139.44954128440367
t3_0_c00125,referencia_individual,BR0125,3.0,380.0,282.0,202.0,386.0,288.0,208.0,2,4,8,64,137.41080530071355
t3_0_c00126,optima_individual,BR0125,3.0,390.481833,289.778623,191.300849,396.48183286961716,295.7786233400843,197.30084850976553,2,4,9,72,141.13363021604516
t3_0_c00127,referencia_individual,BR0126,3.0,380.0,282.0,256.0,386.0,288.0,262.0,2,4,6,48,137.41080530071355
t3_0_c00128,optima_individual,BR0126,3.0,387.890829,287.855826,245.690371,393.8908289466241,293.8558256919684,251.69037064512906,2,4,7,56,140.21338524741944
t3_0_c00129,referencia_individual,BR0130,3.0,395.0,296.0,250.0,401.0,302.0,256.0,1,3,7,21,143.32313965341487
t3_0_c00130,optima_individual,BR0130,3.0,388.1985,289.841003,259.785639,394.19850016308857,295.8410026902726,265.7856385617232,2,4,6,48,140.68083646347833
t3_0_c00131,referencia_individual,BR0132,3.0,395.0,245.0,230.0,401.0,251.0,236.0,1,4,7,28,132.9255861365953
t3_0_c00132,optima_individual,BR0132,3.0,392.336459,233.416681,243.052705,398.3364594215832,239.41668051427,249.05270505944824,2,5,7,70,130.02102750985793
t3_0_c00133,referencia_individual,BR0134,3.0,386.0,286.0,268.0,392.0,292.0,274.0,2,4,6,48,139.44954128440367
t3_0_c00134,referencia_individual,BR0135,3.0,388.0,288.0,273.0,394.0,294.0,279.0,2,4,6,48,140.2650356778797
t3_0_c00135,referencia_individual,BR0136,3.0,379.0,281.0,289.0,385.0,287.0,295.0,2,4,6,48,137.00305810397552
t3_0_c00136,referencia_individual,BR0136XL,3.0,379.0,285.0,289.0,385.0,291.0,295.0,2,4,6,48,137.81855249745158
t3_0_c00137,referencia_individual,BR0137,3.0,393.0,255.0,311.0,399.0,261.0,317.0,2,4,5,40,134.5565749235474
t3_0_c00138,optima_individual,BR0137,3.0,392.915114,270.15196,293.620425,398.91511426561533,276.151959797054,299.62042453091084,2,4,6,48,137.62835352959618
t3_0_c00139,referencia_individual,BR0139,3.0,395.0,296.0,270.0,401.0,302.0,276.0,1,3,6,18,143.32313965341487
t3_0_c00140,optima_individual,BR0139,3.0,388.1985,289.841003,280.56849,394.1985001630886,295.8410026902726,286.568489646661,2,4,6,48,140.68083646347833
t3_0_c00141,referencia_individual,BR0140,3.0,386.0,286.0,239.0,392.0,292.0,245.0,2,4,7,56,139.44954128440367
t3_0_c00142,referencia_individual,BR0142,3.0,386.0,286.0,318.0,392.0,292.0,324.0,2,4,5,40,139.44954128440367
t3_0_c00143,referencia_individual,BR0143,3.0,380.0,282.0,266.0,386.0,288.0,272.0,2,4,6,48,137.41080530071355
t3_0_c00144,optima_individual,BR0143,3.0,390.654192,291.413433,250.387293,396.6541923615313,297.41343330441305,256.3872928179974,2,4,7,56,141.50206435595194
t3_0_c00145,referencia_individual,BR0144,3.0,380.0,282.0,215.0,386.0,288.0,221.0,2,4,8,64,137.41080530071355
t3_0_c00146,referencia_individual,BR0145,3.0,388.0,288.0,179.0,394.0,294.0,185.0,2,4,9,72,140.2650356778797
t3_0_c00147,optima_individual,BR0145,3.0,392.884535,293.133522,173.678806,398.88453461806495,299.13352240476695,179.67880565764432,2,4,10,80,142.30745301179041
t3_0_c00148,referencia_individual,BR0146,3.0,391.0,296.0,173.0,397.0,302.0,179.0,2,3,10,60,142.50764525993884
t3_0_c00149,optima_individual,BR0146,3.0,393.088916,293.40271,173.60397,399.08891572498413,299.4027095627302,179.60397043797425,2,4,10,80,142.40400107802535
t3_0_c00150,referencia_individual,BR0147,3.0,388.0,288.0,214.0,394.0,294.0,220.0,2,4,8,64,140.2650356778797
t3_0_c00151,referencia_individual,BR0148,3.0,388.0,288.0,189.0,394.0,294.0,195.0,2,4,9,72,140.2650356778797
t3_0_c00152,referencia_individual,BR0149,3.0,388.0,288.0,174.0,394.0,294.0,180.0,2,4,10,80,140.2650356778797
t3_0_c00153,referencia_individual,BR0150,3.0,386.0,286.0,192.0,392.0,292.0,198.0,2,4,9,72,139.44954128440367
t3_0_c00154,referencia_individual,BR0151,3.0,386.0,286.0,229.0,392.0,292.0,235.0,2,4,7,56,139.44954128440367
t3_0_c00155,optima_individual,BR0151,3.0,393.467207,293.581541,218.85251,399.46720739238464,299.5815405487706,224.85251012940543,2,4,8,64,142.51758367811522
t3_0_c00156,referencia_individual,BR0152,3.0,386.0,286.0,204.0,392.0,292.0,210.0,2,4,8,64,139.44954128440367
t3_0_c00157,referencia_individual,BR0153,3.0,386.0,286.0,232.0,392.0,292.0,238.0,2,4,7,56,139.44954128440367
t3_0_c00158,referencia_individual,BR0162,3.0,383.0,285.0,226.0,389.0,291.0,232.0,2,4,7,56,138.6340468909276
t3_0_c00159,optima_individual,BR0162,3.0,392.431857,292.018483,215.267009,398.4318565472812,298.0184833315278,221.26700925574815,2,4,8,64,141.98783687641367
t3_0_c00160,referencia_individual,BR0164,3.0,388.0,288.0,149.0,394.0,294.0,155.0,2,4,11,88,140.2650356778797
t3_0_c00161,optima_individual,BR0164,3.0,393.72728,293.788155,143.939734,399.7272795083121,299.78815459587827,149.9397335639182,2,4,12,96,142.61272866548222
t3_0_c00162,referencia_individual,BR0165,3.0,383.0,285.0,191.0,389.0,291.0,197.0,2,4,9,72,138.6340468909276
t3_0_c00163,referencia_individual,BR0166,3.0,388.0,288.0,144.0,394.0,294.0,150.0,2,4,12,96,140.2650356778797
t3_0_c00164,referencia_individual,BR0167,3.0,395.0,296.0,148.0,401.0,302.0,154.0,1,3,11,33,143.32313965341487
t3_0_c00165,optima_individual,BR0167,3.0,388.1985,289.841003,153.793098,394.19850016308857,295.8410026902726,159.79309802854013,2,4,11,88,140.68083646347833
t3_0_c00166,referencia_individual,BR0168,3.0,388.0,288.0,199.0,394.0,294.0,205.0,2,4,8,64,140.2650356778797
t3_0_c00167,optima_individual,BR0168,3.0,392.477184,292.817098,193.493528,398.47718395980013,298.81709823292493,199.49352763644325,2,4,9,72,142.1598944327676
t3_0_c00168,referencia_individual,BR0169,3.0,383.0,285.0,211.0,389.0,291.0,217.0,2,4,8,64,138.6340468909276
t3_0_c00169,referencia_individual,BR0171,3.0,380.0,282.0,167.0,386.0,288.0,173.0,2,4,10,80,137.41080530071355
t3_0_c00170,optima_individual,BR0171,3.0,392.807653,291.504627,156.287334,398.8076527875711,297.50462654235537,162.2873343575226,2,4,11,88,141.95968997552018
t3_0_c00171,referencia_individual,BR0173,3.0,386.0,286.0,209.0,392.0,292.0,215.0,2,4,8,64,139.44954128440367
t3_0_c00172,referencia_individual,BR0178,3.0,393.0,250.0,168.0,399.0,256.0,174.0,2,4,10,80,133.53720693170234
t3_0_c00173,optima_individual,BR0178,3.0,393.899154,265.854956,157.620257,399.8991540910123,271.85495581923715,163.6202573257092,2,4,11,88,136.9529276065748
t3_0_c00174,referencia_individual,BR0179,3.0,384.0,286.0,148.0,390.0,292.0,154.0,2,4,11,88,139.04179408766564
t3_0_c00175,optima_individual,BR0179,3.0,390.128872,291.072659,143.136195,396.1288721273048,297.07265947879614,149.1361945354468,2,4,12,96,141.32549064344565
t3_0_c00176,referencia_individual,BR0182,3.0,395.0,292.0,245.0,401.0,298.0,251.0,1,4,7,28,142.50764525993884
t3_0_c00177,optima_individual,BR0182,3.0,390.583831,291.231572,248.423866,396.5838312360736,297.2315723090979,254.42386565909393,2,4,7,56,141.4506429246017
t3_0_c00178,referencia_individual,BR0184,3.0,386.0,286.0,194.0,392.0,292.0,200.0,2,4,9,72,139.44954128440367
t3_0_c00179,referencia_individual,BR0185,3.0,393.0,255.0,286.0,399.0,261.0,292.0,2,4,6,48,134.5565749235474
t3_0_c00180,referencia_individual,BR0187,3.0,393.0,255.0,291.0,399.0,261.0,297.0,2,4,6,48,134.5565749235474
t3_0_c00181,referencia_individual,BR0188,3.0,395.0,292.0,194.0,401.0,298.0,200.0,1,4,9,36,142.50764525993884
t3_0_c00182,optima_individual,BR0188,3.0,393.456653,293.559678,193.72621,399.4566533516339,299.5596775026307,199.72620969191308,2,4,9,72,142.5109746899622
t3_0_c00183,referencia_individual,BR0194,3.0,395.0,296.0,286.0,401.0,302.0,292.0,1,3,6,18,143.32313965341487
t3_0_c00184,optima_individual,BR0194,3.0,391.781114,292.409318,291.890617,397.7811139548852,298.4093180292897,297.89061741739613,2,4,6,48,141.93484851869007
t3_0_c00185,referencia_individual,BR0196,3.0,388.0,288.0,268.0,394.0,294.0,274.0,2,4,6,48,140.2650356778797
t3_0_c00186,referencia_individual,BR0197,3.0,388.0,288.0,194.0,394.0,294.0,200.0,2,4,9,72,140.2650356778797
t3_0_c00187,referencia_individual,BR0198,3.0,381.0,283.0,188.0,387.0,289.0,194.0,2,4,9,72,137.81855249745158
t3_0_c00188,referencia_individual,BR0206,3.0,386.0,286.0,199.0,392.0,292.0,205.0,2,4,8,64,139.44954128440367
t3_0_c00189,optima_individual,BR0206,3.0,390.709365,291.41551,192.947844,396.70936518161244,297.4155099724813,198.94784416866682,2,4,9,72,141.51373601510574
t3_0_c00190,referencia_individual,BR0209,3.0,384.0,284.0,179.0,390.0,290.0,185.0,2,4,9,72,138.6340468909276
t3_0_c00191,optima_individual,BR0209,3.0,393.070638,290.708493,170.833985,399.07063803366367,296.7084927123971,176.83398525997643,2,4,10,80,141.85099505526213
t3_0_c00192,referencia_individual,BR0209XL,3.0,384.0,286.0,184.0,390.0,292.0,190.0,2,4,9,72,139.04179408766564
t3_0_c00193,referencia_individual,BR0212,3.0,388.0,288.0,353.0,394.0,294.0,359.0,2,4,5,40,140.2650356778797
t3_0_c00194,referencia_individual,BR0213,3.0,395.0,296.0,194.0,401.0,302.0,200.0,1,3,9,27,143.32313965341487
t3_0_c00195,optima_individual,BR0213,3.0,388.1985,289.841003,201.593656,394.19850016308857,295.8410026902726,207.5936555238972,2,4,8,64,140.68083646347833
t3_0_c00196,referencia_individual,BR0217,3.0,395.0,296.0,163.0,401.0,302.0,169.0,1,3,10,30,143.32313965341487
t3_0_c00197,optima_individual,BR0217,3.0,388.1985,289.841003,169.380236,394.1985001630886,295.8410026902726,175.3802363422435,2,4,10,80,140.68083646347833
t3_0_c00198,referencia_individual,BR0219,3.0,395.0,296.0,158.0,401.0,302.0,164.0,1,3,10,30,143.32313965341487
t3_0_c00199,optima_individual,BR0219,3.0,388.1985,289.841003,164.184524,394.1985001630886,295.8410026902726,170.18452357100904,2,4,10,80,140.68083646347833
t3_0_c00200,referencia_individual,BR0220,3.0,393.0,255.0,184.0,399.0,261.0,190.0,2,4,9,72,134.5565749235474
t3_0_c00201,optima_individual,BR0220,3.0,392.872363,270.107642,173.764959,398.87236327096446,276.1076424018767,179.76495901675835,2,4,10,80,137.6106025836577
t3_0_c00202,referencia_individual,BR0221,3.0,393.0,255.0,173.0,399.0,261.0,179.0,2,4,10,80,134.5565749235474
t3_0_c00203,referencia_individual,BR0222,3.0,393.0,255.0,199.0,399.0,261.0,205.0,2,4,8,64,134.5565749235474
t3_0_c00204,optima_individual,BR0222,3.0,389.318111,266.423162,192.268979,395.31811139399224,272.4231623967282,198.26897909492735,2,4,9,72,136.13481626722128
t3_0_c00205,referencia_individual,BR0224,3.0,393.0,255.0,148.0,399.0,261.0,154.0,2,4,11,88,134.5565749235474
t3_0_c00206,optima_individual,BR0224,3.0,389.526989,266.639693,142.801277,395.5269887117527,272.6396929993575,148.8012773068079,2,4,12,96,136.22154571072582
t3_0_c00207,referencia_individual,BR0225,3.0,383.0,248.0,154.0,389.0,254.0,160.0,2,4,11,88,131.0907237512742
t3_0_c00208,optima_individual,BR0225,3.0,389.167841,232.941434,161.35688,395.1678408604193,238.94143362717824,167.35687963369838,2,5,10,100,129.27813954894955
t3_0_c00209,referencia_individual,BR0230,3.0,395.0,296.0,138.0,401.0,302.0,144.0,1,3,12,36,143.32313965341487
t3_0_c00210,optima_individual,BR0230,3.0,390.13289,291.227734,142.0112,396.1328895063511,297.22773375051366,148.01120027385932,2,4,12,96,141.35792523075733
t3_0_c00211,referencia_individual,BR0231,3.0,395.0,296.0,168.0,401.0,302.0,174.0,1,3,10,30,143.32313965341487
t3_0_c00212,optima_individual,BR0231,3.0,390.937486,291.804536,172.186356,396.9374864275429,297.8045356986205,178.1863555611134,2,4,10,80,141.63955598902413
t3_0_c00213,referencia_individual,BR0237,3.0,388.0,288.0,229.0,394.0,294.0,235.0,2,4,7,56,140.2650356778797
t3_0_c00214,referencia_individual,BR0238,3.0,380.0,282.0,271.0,386.0,288.0,277.0,2,4,6,48,137.41080530071355
t3_0_c00215,optima_individual,BR0238,3.0,393.693331,293.762921,251.100142,399.69333114765345,299.7629213646659,257.1001424671451,2,4,7,56,142.60066310139027
t3_0_c00216,referencia_individual,BR0239,3.0,383.0,248.0,253.0,389.0,254.0,259.0,2,4,6,48,131.0907237512742
t3_0_c00217,optima_individual,BR0239,3.0,389.167841,232.941434,265.086302,395.1678408604193,238.94143362717824,271.08630225536166,2,5,6,60,129.27813954894955
t3_0_c00218,referencia_individual,BR0241,3.0,380.0,282.0,251.0,386.0,288.0,257.0,2,4,7,56,137.41080530071355
t3_0_c00219,referencia_individual,BR0245,3.0,378.0,245.0,235.0,384.0,251.0,241.0,2,4,7,56,129.4597349643221
t3_0_c00220,optima_individual,BR0245,3.0,389.143343,231.169467,241.92774,395.1433434914746,237.16946719415478,247.92774000131354,2,5,7,70,128.9118880093026
t3_0_c00221,referencia_individual,BR0246,3.0,378.0,245.0,245.0,384.0,251.0,251.0,2,4,7,56,129.4597349643221
t3_0_c00222,optima_individual,BR0246,3.0,390.562342,233.137391,249.184871,396.56234210727047,239.1373906073542,255.18487086254726,2,5,7,70,129.60239199074917
t3_0_c00223,referencia_individual,BR0247,3.0,385.0,255.0,318.0,391.0,261.0,324.0,2,4,5,40,132.9255861365953
t3_0_c00224,optima_individual,BR0247,3.0,392.974199,270.374396,293.831553,398.97419890031523,276.3743962969222,299.8315525797514,2,4,6,48,137.68574825631754
t3_0_c00225,referencia_individual,BR0248,3.0,395.0,264.0,330.0,401.0,270.0,336.0,1,4,5,20,136.79918450560652
t3_0_c00226,optima_individual,BR0248,3.0,382.735514,268.196492,335.245615,388.73551396222996,274.1964923604446,341.2456154505558,2,4,5,40,135.15433360299176
t3_0_c00227,referencia_individual,BR0251,3.0,385.0,255.0,328.0,391.0,261.0,334.0,2,4,5,40,132.9255861365953
t3_0_c00228,referencia_individual,BR0255,3.0,379.0,268.0,363.0,385.0,274.0,369.0,2,4,4,32,134.35270132517837
t3_0_c00229,optima_individual,BR0255,3.0,387.56661,274.057656,347.13015,393.5666101315082,280.05765571304534,353.1301501700802,2,4,5,40,137.33420302641252
t3_0_c00230,referencia_individual,BR0256,3.0,379.0,268.0,358.0,385.0,274.0,364.0,2,4,4,32,134.35270132517837
t3_0_c00231,optima_individual,BR0256,3.0,385.972988,272.930767,345.181588,391.9729881640645,278.9307673561195,351.1815878761976,2,4,5,40,136.77956279718327
t3_0_c00232,referencia_individual,BR0259,3.0,383.0,248.0,244.0,389.0,254.0,250.0,2,4,7,56,131.0907237512742
t3_0_c00233,optima_individual,BR0259,3.0,389.167841,232.941434,255.656355,395.1678408604193,238.94143362717824,261.6563547443013,2,5,6,60,129.27813954894955
t3_0_c00234,referencia_individual,BR0263,3.0,383.0,248.0,194.0,389.0,254.0,200.0,2,4,9,72,131.0907237512742
t3_0_c00235,optima_individual,BR0263,3.0,389.167841,232.941434,203.267757,395.16784086041923,238.94143362717824,209.26775746063305,2,5,8,80,129.27813954894955
t3_0_c00236,referencia_individual,BR0265,3.0,383.0,248.0,184.0,389.0,254.0,190.0,2,4,9,72,131.0907237512742
t3_0_c00237,optima_individual,BR0265,3.0,389.167841,232.941434,192.790038,395.1678408604193,238.94143362717824,198.79003800389938,2,5,9,90,129.27813954894955
t3_0_c00238,referencia_individual,BR0272,3.0,388.0,288.0,239.0,394.0,294.0,245.0,2,4,7,56,140.2650356778797
t3_0_c00239,referencia_individual,BR0274,3.0,386.0,286.0,263.0,392.0,292.0,269.0,2,4,6,48,139.44954128440367
t3_0_c00240,optima_individual,BR0274,3.0,393.694475,293.760038,251.048165,399.6944746140414,299.7600379802676,257.0481648102918,2,4,7,56,142.60030837804464
t3_0_c00241,referencia_individual,BR0281,3.0,381.0,283.0,229.0,387.0,289.0,235.0,2,4,7,56,137.81855249745158
t3_0_c00242,optima_individual,BR0281,3.0,392.061761,291.216479,216.260131,398.0617609961859,297.21647864021156,222.26013070897747,2,4,8,64,141.74887658234402
t3_0_c00243,referencia_individual,BR0283,3.0,388.0,288.0,227.0,394.0,294.0,233.0,2,4,7,56,140.2650356778797
t3_0_c00244,optima_individual,BR0283,3.0,393.987038,293.989931,218.995747,399.9870378555164,299.98993116902363,224.99574672917328,2,4,8,64,142.70682345046689
t3_0_c00245,referencia_individual,BR0284,3.0,380.0,282.0,210.0,386.0,288.0,216.0,2,4,8,64,137.41080530071355
t3_0_c00246,referencia_individual,BR0285,3.0,384.0,286.0,167.0,390.0,292.0,173.0,2,4,10,80,139.04179408766564
t3_0_c00247,referencia_individual,BR0286,3.0,380.0,282.0,185.0,386.0,288.0,191.0,2,4,9,72,137.41080530071355
t3_0_c00248,optima_individual,BR0286,3.0,393.319312,291.884331,172.682521,399.3193116045871,297.8843312434041,178.6825212233138,2,4,10,80,142.1414154634029
t3_0_c00249,referencia_individual,BR0288,3.0,395.0,245.0,214.0,401.0,251.0,220.0,1,4,8,32,132.9255861365953
t3_0_c00250,optima_individual,BR0288,3.0,392.336459,233.416681,226.144691,398.3364594215832,239.41668051427,232.14469079444314,2,5,7,70,130.02102750985793
t3_0_c00251,referencia_individual,BR0289,3.0,383.0,248.0,204.0,389.0,254.0,210.0,2,4,8,64,131.0907237512742
t3_0_c00252,optima_individual,BR0289,3.0,389.167841,232.941434,213.745477,395.1678408604193,238.94143362717824,219.74547691736672,2,5,8,80,129.27813954894955
t3_0_c00253,referencia_individual,BR0291,3.0,395.0,296.0,189.0,401.0,302.0,195.0,1,3,9,27,143.32313965341487
t3_0_c00254,optima_individual,BR0291,3.0,391.951536,292.53149,192.728356,397.9515356756207,298.53149048350974,198.7283558770134,2,4,9,72,141.99450074600009
t3_0_c00255,referencia_individual,BR0292,3.0,395.0,296.0,275.0,401.0,302.0,281.0,1,3,6,18,143.32313965341487
t3_0_c00256,optima_individual,BR0292,3.0,388.1985,289.841003,285.764202,394.1985001630886,295.8410026902726,291.7642024178955,2,4,6,48,140.68083646347833
t3_0_c00257,referencia_individual,BR0294,3.0,395.0,296.0,173.0,401.0,302.0,179.0,1,3,10,30,143.32313965341487
t3_0_c00258,optima_individual,BR0294,3.0,388.1985,289.841003,179.771662,394.1985001630886,295.8410026902726,185.77166188471244,2,4,9,72,140.68083646347833
t3_0_c00259,referencia_individual,BR0298,3.0,386.0,286.0,144.0,392.0,292.0,150.0,2,4,12,96,139.44954128440367
t3_0_c00260,referencia_individual,BR0299,3.0,386.0,286.0,219.0,392.0,292.0,225.0,2,4,8,64,139.44954128440367
t3_0_c00261,referencia_individual,BR0300,3.0,379.0,246.0,212.0,385.0,252.0,218.0,2,4,8,64,129.86748216106014
t3_0_c00262,optima_individual,BR0300,3.0,390.715783,231.46835,218.55342,396.71578334585155,237.46835029442454,224.55341970796974,2,5,8,80,129.29340135377697
t3_0_c00263,referencia_individual,BR0301,3.0,379.0,246.0,251.0,385.0,252.0,257.0,2,4,7,56,129.86748216106014
t3_0_c00264,optima_individual,BR0301,3.0,390.715783,231.46835,258.759002,396.71578334585155,237.46835029442454,264.75900163537926,2,5,6,60,129.29340135377697
t3_0_c00265,referencia_individual,BR0302,3.0,379.0,246.0,207.0,385.0,252.0,213.0,2,4,8,64,129.86748216106014
t3_0_c00266,optima_individual,BR0302,3.0,390.715783,231.46835,213.398858,396.71578334585155,237.46835029442454,219.39885792240443,2,5,8,80,129.29340135377697
t3_0_c00267,referencia_individual,BR0305,3.0,379.0,281.0,271.0,385.0,287.0,277.0,2,4,6,48,137.00305810397552
t3_0_c00268,optima_individual,BR0305,3.0,392.615111,292.924028,250.953244,398.61511090272467,298.92402754164226,256.95324356371816,2,4,7,56,142.20981415787296
t3_0_c00269,referencia_individual,BR0306,3.0,386.0,286.0,258.0,392.0,292.0,264.0,2,4,6,48,139.44954128440367
t3_0_c00270,optima_individual,BR0306,3.0,390.911858,291.57455,249.88753,396.9118584544342,297.574549753188,255.8875303892733,2,4,7,56,141.58744305965791
t3_0_c00271,referencia_individual,BR0307,3.0,380.0,282.0,261.0,386.0,288.0,267.0,2,4,6,48,137.41080530071355
t3_0_c00272,optima_individual,BR0307,3.0,390.237472,289.597282,247.485501,396.23747245269885,295.5972821885818,253.485500803289,2,4,7,56,141.04684090545985
t3_0_c00273,referencia_individual,BR0308,3.0,380.0,282.0,212.0,386.0,288.0,218.0,2,4,8,64,137.41080530071355
t3_0_c00274,referencia_individual,BR0310XL,3.0,393.0,297.0,257.0,399.0,303.0,263.0,2,3,6,36,143.11926605504587
t3_0_c00275,optima_individual,BR0310XL,3.0,387.759514,289.865485,266.884379,393.7595141508198,295.8654845329401,272.88437924096087,2,4,6,48,140.59633000688277
t3_0_c00276,referencia_individual,BR0311,3.0,395.0,296.0,204.0,401.0,302.0,210.0,1,3,8,24,143.32313965341487
t3_0_c00277,optima_individual,BR0311,3.0,388.1985,289.841003,211.985081,394.1985001630886,295.8410026902726,217.98508106636612,2,4,8,64,140.68083646347833
t3_0_c00278,referencia_individual,BR0314XL,3.0,384.0,286.0,179.0,390.0,292.0,185.0,2,4,9,72,139.04179408766564
t3_0_c00279,optima_individual,BR0314XL,3.0,393.070638,292.755736,170.833985,399.07063803366367,298.7557356188224,176.83398525997643,2,4,10,80,142.26837383333051
t3_0_c00280,referencia_individual,BR0315,3.0,385.0,285.0,170.0,391.0,291.0,176.0,2,4,10,80,139.04179408766564
t3_0_c00281,referencia_individual,BR0316,3.0,380.0,282.0,163.0,386.0,288.0,169.0,2,4,10,80,137.41080530071355
t3_0_c00282,optima_individual,BR0316,3.0,389.604367,289.127451,155.062637,395.6043665368967,295.12745095632863,161.06263736951226,2,4,11,88,140.82198114031095
t3_0_c00283,referencia_individual,BR0319,3.0,380.0,282.0,158.0,386.0,288.0,164.0,2,4,10,80,137.41080530071355
t3_0_c00284,optima_individual,BR0319,3.0,386.015699,286.464282,153.113804,392.0156989174365,292.46428182820284,159.11380365702112,2,4,11,88,139.54739668616497
t3_0_c00285,referencia_individual,BR0320,3.0,387.0,287.0,214.0,393.0,293.0,220.0,2,4,8,64,139.8572884811417
t3_0_c00286,referencia_individual,BR0323,3.0,395.0,296.0,235.0,401.0,302.0,241.0,1,3,7,21,143.32313965341487
t3_0_c00287,optima_individual,BR0323,3.0,388.1985,289.841003,244.1985,394.1985001630886,295.8410026902726,250.1985002480198,2,4,7,56,140.68083646347833
t3_0_c00288,referencia_individual,BR0324,3.0,383.0,248.0,189.0,389.0,254.0,195.0,2,4,9,72,131.0907237512742
t3_0_c00289,optima_individual,BR0324,3.0,392.775876,262.820945,173.903163,398.7758758779989,268.820945476175,179.90316250500862,2,4,10,80,136.10536622918937
t3_0_c00290,referencia_individual,BR0326,3.0,383.0,248.0,258.0,389.0,254.0,264.0,2,4,6,48,131.0907237512742
t3_0_c00291,optima_individual,BR0326,3.0,389.167841,232.941434,270.325162,395.16784086041923,238.94143362717824,276.3251619837285,2,5,6,60,129.27813954894955
t3_0_c00292,referencia_individual,BR0327,3.0,383.0,248.0,268.0,389.0,254.0,274.0,2,4,6,48,131.0907237512742
t3_0_c00293,optima_individual,BR0327,3.0,389.167841,232.941434,280.802881,395.16784086041923,238.94143362717824,286.80288144046216,2,5,6,60,129.27813954894955
t3_0_c00294,referencia_individual,BR0329,3.0,383.0,248.0,224.0,389.0,254.0,230.0,2,4,7,56,131.0907237512742
t3_0_c00295,optima_individual,BR0329,3.0,389.167841,232.941434,234.700916,395.1678408604193,238.94143362717824,240.70091583083405,2,5,7,70,129.27813954894955
t3_0_c00296,referencia_individual,BR0332,3.0,393.0,255.0,255.0,399.0,261.0,261.0,2,4,6,48,134.5565749235474
t3_0_c00297,optima_individual,BR0332,3.0,388.263423,265.32983,248.062065,394.26342255736387,271.3298296604109,254.06206489273197,2,4,7,56,135.6968913797706
t3_0_c00298,referencia_individual,BR0336,3.0,380.0,282.0,192.0,386.0,288.0,198.0,2,4,9,72,137.41080530071355
t3_0_c00299,referencia_individual,BR0338,3.0,386.0,286.0,174.0,392.0,292.0,180.0,2,4,10,80,139.44954128440367
t3_0_c00300,referencia_individual,BR0339,3.0,383.0,248.0,248.0,389.0,254.0,254.0,2,4,7,56,131.0907237512742
t3_0_c00301,optima_individual,BR0339,3.0,389.167841,232.941434,259.847443,395.1678408604193,238.94143362717824,265.8474425269948,2,5,6,60,129.27813954894955
t3_0_c00302,referencia_individual,BR0343,3.0,393.0,255.0,321.0,399.0,261.0,327.0,2,4,5,40,134.5565749235474
t3_0_c00303,referencia_individual,BR0345,3.0,391.0,292.0,316.0,397.0,298.0,322.0,2,4,5,40,141.69215086646278
t3_0_c00304,referencia_individual,BR0348,3.0,380.0,282.0,305.0,386.0,288.0,311.0,2,4,5,40,137.41080530071355
t3_0_c00305,optima_individual,BR0348,3.0,390.013704,289.431222,289.539152,396.01370388775314,295.4312223588063,295.5391522171775,2,4,6,48,140.96736518788163
t3_0_c00306,referencia_individual,BR0350,3.0,383.0,285.0,206.0,389.0,291.0,212.0,2,4,8,64,138.6340468909276
t3_0_c00307,referencia_individual,BR0363,3.0,386.0,286.0,273.0,392.0,292.0,279.0,2,4,6,48,139.44954128440367
t3_0_c00308,referencia_individual,BR0366,3.0,395.0,294.0,214.0,401.0,300.0,220.0,1,4,8,32,142.91539245667684
t3_0_c00309,optima_individual,BR0366,3.0,391.52136,292.10722,217.300361,397.52135964337015,298.1072200691862,223.30036086890578,2,4,8,64,141.8203016743234
t3_0_c00310,referencia_individual,BR0371,3.0,395.0,296.0,240.0,401.0,302.0,246.0,1,3,7,21,143.32313965341487
t3_0_c00311,optima_individual,BR0371,3.0,388.1985,289.841003,249.394213,394.1985001630886,295.8410026902726,255.39421301925427,2,4,7,56,140.68083646347833
t3_0_c00312,referencia_individual,BR0376,3.0,395.0,294.0,250.0,401.0,300.0,256.0,1,4,7,28,142.91539245667684
t3_0_c00313,optima_individual,BR0376,3.0,393.741625,293.802695,250.967411,399.74162454139235,299.80269508085826,256.96741106672675,2,4,7,56,142.61861765998992
t3_0_c00314,referencia_individual,BR0392,3.0,391.0,292.0,172.0,397.0,298.0,178.0,2,4,10,80,141.69215086646278
t3_0_c00315,referencia_individual,BR0396,3.0,388.0,288.0,209.0,394.0,294.0,215.0,2,4,8,64,140.2650356778797
t3_0_c00316,referencia_individual,BR0399,3.0,386.0,286.0,298.0,392.0,292.0,304.0,2,4,5,40,139.44954128440367
t3_0_c00317,optima_individual,BR0399,3.0,389.152056,290.192388,291.315945,395.1520563140068,296.1923875578687,297.3159453012396,2,4,6,48,140.94687948458215
t3_0_c00318,referencia_individual,BR0400,3.0,388.0,288.0,293.0,394.0,294.0,299.0,2,4,6,48,140.2650356778797
t3_0_c00319,referencia_individual,BR0403,3.0,383.0,248.0,318.0,389.0,254.0,324.0,2,4,5,40,131.0907237512742
t3_0_c00320,optima_individual,BR0403,3.0,389.167841,232.941434,333.191479,395.1678408604193,238.94143362717824,339.19147872413043,2,5,5,50,129.27813954894955
t3_0_c00321,referencia_individual,BR0404,3.0,383.0,248.0,234.0,389.0,254.0,240.0,2,4,7,56,131.0907237512742
t3_0_c00322,optima_individual,BR0404,3.0,389.167841,232.941434,245.178635,395.1678408604193,238.94143362717824,251.1786352875677,2,5,7,70,129.27813954894955
t3_0_c00323,referencia_individual,BR0410,3.0,380.0,282.0,286.0,386.0,288.0,292.0,2,4,6,48,137.41080530071355
t3_0_c00324,par_factible,BR0052|BR0339,3.0,385.953321,252.45013,241.764068,391.95332073815393,258.4501301892334,247.76406802249963,2,4,7,56,132.60009193218906
t3_0_c00325,par_factible,BR0033|BR0101,3.0,391.00065,290.177325,181.217896,397.000649847356,296.1773249912235,187.21789622523718,2,4,9,72,141.32068804048512
t3_0_c00326,par_factible,BR0248|BR0258,3.0,404.800589,278.368207,305.389566,410.8005887838467,284.3682071995199,311.3895657548433,1,4,5,20,141.72656391098198
t3_0_c00327,par_factible,BR0063|BR0208,3.0,390.513313,257.596858,234.112277,396.51331307589345,263.59685756623577,240.11227660210704,2,4,7,56,134.5790358087929
t3_0_c00328,par_factible,BR0008|BR0271,3.0,393.704532,291.708539,191.287617,399.70453222923646,297.7085394237348,197.28761710616098,2,4,9,72,142.1841124674763
t3_0_c00329,par_factible,BR0068|BR0320,3.0,386.857273,286.724128,214.284929,392.8572728626539,292.72412835115404,220.28492925460975,2,4,8,64,139.7719472403278
t3_0_c00330,par_factible,BR0179|BR0200,3.0,408.162028,293.791212,157.426575,414.16202769267943,299.79121222455456,163.4265754530916,1,4,11,44,145.55621608914046
t3_0_c00331,par_factible,BR0057|BR0389,3.0,392.785089,259.330735,215.460598,398.78508948024694,265.33073514264044,221.46059821691728,2,4,8,64,135.39568289967124
t3_0_c00332,par_factible,BR0130|BR0375,3.0,391.871476,291.370917,255.999409,397.87147636387317,297.37091674574697,261.9994085077994,2,4,6,48,141.7415684219409
t3_0_c00333,par_factible,BR0216|BR0225,3.0,392.512572,262.562713,163.363636,398.5125716032236,268.5627128647886,169.36363579580942,2,4,10,80,135.9990386275254
t3_0_c00334,par_factible,BR0010|BR0315,3.0,388.519123,287.68423,166.888363,394.5191233161747,293.6842301009757,172.88836305516548,2,4,10,80,140.3064940707748
t3_0_c00335,par_factible,BR0156|BR0215,3.0,390.49634,291.488286,182.839799,396.49634038006263,297.48828554542655,188.83979892528788,2,4,9,72,141.48514290020165
t3_0_c00336,par_factible,BR0048|BR0340XL,3.0,387.892288,255.596424,237.538864,393.8922875284261,261.59642415420257,243.53886380315936,2,4,7,56,133.63684234100484
t3_0_c00337,par_factible,BR0246|BR0331,3.0,387.118861,250.853747,233.646374,393.11886111179774,256.8537468090546,239.64637372458185,2,4,7,56,132.51225441811465
t3_0_c00338,par_factible,BR0006|BR0343,3.0,391.861388,270.540203,303.440454,397.8613883779051,276.54020250347327,309.44045407353053,2,4,5,40,137.49267907877234
t3_0_c00339,par_factible,BR0264|BR0384,3.0,390.793234,261.098085,210.182126,396.7932339717269,267.0980851918549,216.18212636209938,2,4,8,64,135.34991216382912
t3_0_c00340,par_factible,BR0033|BR0220,3.0,392.840952,270.929267,193.183202,398.84095193116184,276.92926686619245,199.18320182851664,2,4,9,72,137.77170617683063
t3_0_c00341,par_factible,BR0026|BR0035,3.0,393.305123,292.795463,217.274437,399.3051232152509,298.7954625844694,223.2744374787534,2,4,8,64,142.3242784505036
t3_0_c00342,par_factible,BR0283|BR0397,3.0,393.987118,293.990765,218.995081,399.987117752971,299.99076490629517,224.99508126206416,2,4,8,64,142.7070097164661
t3_0_c00343,par_factible,BR0196|BR0287,3.0,383.245681,293.439711,277.807277,389.24568120337614,299.43971061796924,283.8072773158953,2,4,6,48,140.40476897479007
t3_0_c00344,par_factible,BR0136|BR0277,3.0,385.668047,285.890154,283.352414,391.6680469916993,291.8901538163357,289.35241365724,2,4,6,48,139.35947009338125
t3_0_c00345,par_factible,BR0027|BR0402,3.0,387.502399,287.113176,172.653373,393.5023990180318,293.1131764745002,178.6533727042777,2,4,10,80,139.98278807187197
t3_0_c00346,par_factible,BR0211|BR0268,3.0,391.460253,290.191243,173.95399,397.46025329062167,296.19124268188824,179.95398963331243,2,4,10,80,141.41722649796327
t3_0_c00347,par_factible,BR0106|BR0107,3.0,384.256635,261.608078,238.043131,390.2566350843399,267.6080775959011,244.04313144857377,2,4,7,56,134.12124621411638
t3_0_c00348,par_factible,BR0037|BR0049,3.0,387.892288,255.596424,247.646901,393.8922875284261,261.5964241542025,253.64690056074062,2,4,7,56,133.6368423410048
t3_0_c00349,par_factible,BR0056|BR0062,3.0,389.553032,264.554461,218.35861,395.5530317763981,270.55446114417714,224.3586102741066,2,4,8,64,135.8017314822783
t3_0_c00350,par_factible,BR0096|BR0099,3.0,393.10954,254.67212,204.205724,399.10953958276957,260.6721199148089,210.20572419180635,2,4,8,64,134.512061059649
t3_0_c00351,par_factible,BR0127|BR0165,3.0,390.495536,289.949671,191.181287,396.49553611638646,295.9496708191748,197.18128691147047,2,4,9,72,141.17129601132746
t3_0_c00352,par_factible,BR0026|BR0154,3.0,389.177089,290.253631,216.642371,395.17708881197274,296.25363146795326,222.64237149416815,2,4,8,64,140.96446896634575
t3_0_c00353,par_factible,BR0191|BR0328,3.0,389.592244,260.075015,216.604718,395.5922436671766,266.0750146775207,222.60471798194578,2,4,8,64,134.8964848816916
t3_0_c00354,par_factible,BR0334|BR0381,3.0,383.415483,260.304261,235.96613,389.41548304177627,266.30426117803063,241.96612951725936,2,4,7,56,133.68394377569967
t3_0_c00355,par_factible,BR0031|BR0231,3.0,393.664462,292.601895,170.527625,399.6644616147335,298.60189469609645,176.52762524349453,2,4,10,80,142.358074681107
t3_0_c00356,par_factible,BR0393|BR0395,3.0,389.592244,260.075015,191.878152,395.59224367352147,266.0750146829257,197.87815199515902,2,4,9,72,134.89648488408707
t3_0_c00357,par_factible,BR0003|BR0170,3.0,392.67068,304.98295,153.025577,398.6706800309843,310.98295034759246,159.0255769080751,2,3,11,66,144.6796392209127
t3_0_c00358,par_factible,BR0312|BR0397,3.0,393.404867,293.573359,216.643772,399.404866883186,299.57335908838394,222.64377249048172,2,4,8,64,142.5032061104118
t3_0_c00359,par_factible,BR0351|BR0398,3.0,386.205855,286.993212,208.165688,392.20585517976133,292.9932115080017,214.1656879256699,2,4,8,64,139.6939993247223
t3_0_c00360,par_factible,BR0152|BR0336,3.0,390.370442,289.596474,199.210997,396.3704420910745,295.59647449844675,205.21099662525828,2,4,8,64,141.07378523741514
t3_0_c00361,par_factible,BR0120|BR0162,3.0,389.686246,290.876247,217.634999,395.6862460514465,296.87624711553025,223.6349986881834,2,4,8,64,141.1952075773653
t3_0_c00362,par_factible,BR0021|BR0223,3.0,391.140664,253.414537,190.694882,397.140664416438,259.41453704759226,196.6948821396538,2,4,9,72,133.85427145036294
t3_0_c00363,par_factible,BR0324|BR0337,3.0,391.505308,261.773827,193.701446,397.50530760434265,267.7738274492036,199.70144646542062,2,4,9,72,135.63285118318984
t3_0_c00364,par_factible,BR0040|BR0236,3.0,390.84456,268.00554,248.74722,396.84455992910114,274.00554015192773,254.74721985956182,2,4,7,56,136.76862386973065
t3_0_c00365,par_factible,BR0038|BR0389,3.0,387.612295,264.654845,229.574263,393.6122952850712,270.6548450226837,235.57426333099016,2,4,7,56,135.42653217283484
t3_0_c00366,par_factible,BR0070|BR0341,3.0,388.916183,251.99369,208.601399,394.91618280354743,257.9936902551458,214.60139924069188,2,4,8,64,133.1110852311301
t3_0_c00367,par_factible,BR0028|BR0120,3.0,382.801658,286.91464,218.115512,388.8016580973865,292.9146401184586,224.11551165327603,2,4,8,64,138.98395478406627
t3_0_c00368,par_factible,BR0205|BR0346,3.0,382.055379,292.245254,236.307472,388.0553787803125,298.24525400135917,242.307471591146,2,4,7,56,139.91857956812876
t3_0_c00369,par_factible,BR0117|BR0277,3.0,392.531606,292.846712,271.784565,398.53160624918945,298.846712183516,277.78456525499973,2,4,6,48,142.1770272034058
t3_0_c00370,par_factible,BR0008|BR0402,3.0,383.257375,293.453836,180.609607,389.25737539789094,299.4538363029351,186.60960726661108,2,4,9,72,140.41003296652923
t3_0_c00371,par_factible,BR0174|BR0218,3.0,388.660426,287.971197,166.694269,394.6604262389231,293.9711966433472,172.69426892705064,2,4,10,80,140.39380690770034
t3_0_c00372,par_factible,BR0338|BR0392,3.0,390.08046,289.746357,173.746424,396.0804596657461,295.74635694307227,179.74642441902128,2,4,10,80,141.0452225502178
t3_0_c00373,par_factible,BR0021|BR0341,3.0,389.997158,252.530797,206.389898,395.99715807700954,258.53079687493045,212.38989811181008,2,4,8,64,133.44096940916208
t3_0_c00374,par_factible,BR0088|BR0107,3.0,393.283418,256.061649,237.617273,399.28341763191537,262.06164878858067,243.61727260715654,2,4,7,56,134.83079845473927
t3_0_c00375,par_factible,BR0040|BR0354,3.0,409.208201,265.516772,249.034896,415.2082012896759,271.51677182917905,255.03489581451484,1,4,7,28,140.00509135960343
t3_0_c00376,par_factible,BR0165|BR0395,3.0,393.589893,263.768814,200.821228,399.5898929847557,269.7688136754615,206.8212275905807,2,4,8,64,136.4645681264459
t3_0_c00377,par_factible,BR0210|BR0285,3.0,387.835494,288.549449,168.749742,393.8354944364535,294.5494486363301,174.74974152192266,2,4,10,80,140.3435154072953
t3_0_c00378,par_factible,BR0105|BR0160,3.0,390.736057,291.436474,173.531762,396.73605679274135,297.43647377005095,179.53176173011994,2,4,10,80,141.52345169475888
t3_0_c00379,par_factible,BR0241|BR0349,3.0,391.969009,292.544017,249.81122,397.96900868746826,298.54401659069157,255.81122013463897,2,4,7,56,142.0006167743445
t3_0_c00380,par_factible,BR0096|BR0337,3.0,389.886309,252.613341,207.571933,395.8863094864264,258.61334086392026,213.5719332112345,2,4,8,64,133.43519884818483
t3_0_c00381,par_factible,BR0056|BR0301,3.0,384.375071,250.969703,242.589236,390.37507143961557,256.9697034734163,248.58923623770949,2,4,7,56,131.97650864689743
t3_0_c00382,par_factible,BR0096|BR0112,3.0,383.622187,260.518539,209.573644,389.62218741833374,266.5185392226839,215.57364418914906,2,4,8,64,133.769770976762
t3_0_c00383,par_factible,BR0240|BR0390,3.0,388.945494,259.524077,248.202607,394.9454939707051,265.5240772202344,254.202607409687,2,4,7,56,134.65230809193466
t3_0_c00384,par_factible,BR0113|BR0279,3.0,393.022529,291.336926,271.303896,399.0225290724026,297.3369260159717,277.30389559775705,2,4,6,48,141.96930786715072
t3_0_c00385,par_factible,BR0153|BR0280,3.0,392.265081,292.637381,246.197621,398.26508070522937,298.63738096241684,252.19762136522772,2,4,7,56,142.08001257240494
t3_0_c00386,par_factible,BR0172|BR0293,3.0,393.468965,293.5875,218.84709,399.46896509615016,299.58749965084553,224.84709032562836,2,4,8,64,142.51915693108984
t3_0_c00387,par_factible,BR0158|BR0392,3.0,390.625243,291.498992,172.460918,396.62524256439673,297.49899209041695,178.46091817410894,2,4,10,80,141.51360543421276
t3_0_c00388,par_factible,BR0226|BR0229,3.0,388.38958,265.46061,193.427469,394.3895804488775,271.4606099891167,199.42746890475473,2,4,9,72,135.74927429928525
t3_0_c00389,par_factible,BR0039|BR0107,3.0,393.928214,256.494326,242.998709,399.9282137138054,262.49432610883326,248.9987087736723,2,4,7,56,135.05046683438096
t3_0_c00390,par_factible,BR0030|BR0285,3.0,382.794284,284.413347,169.295625,388.7942838422904,290.41334703606856,175.29562484045155,2,4,10,80,138.47250374686217
t3_0_c00391,par_factible,BR0333|BR0398,3.0,383.911226,284.756776,211.054562,389.91122616129337,290.7567760722033,217.05456240607043,2,4,8,64,138.77023490998914
t3_0_c00392,par_factible,BR0351|BR0411,3.0,384.549252,285.729891,204.963184,390.5492515586284,291.72989129207,210.96318392262543,2,4,8,64,139.09870394509653
t3_0_c00393,par_factible,BR0252|BR0400,3.0,390.321338,270.28495,310.347089,396.3213378295299,276.28495032491475,316.3470885694219,2,4,5,40,137.12666425167066
t3_0_c00394,par_factible,BR0160|BR0176,3.0,390.215361,269.973422,171.858815,396.2153613210813,275.9734220541177,177.8588148023573,2,4,10,80,137.04154604998956
t3_0_c00395,par_factible,BR0206|BR0291,3.0,391.832402,291.34409,193.572675,397.83240154237126,297.3440898414768,199.57267532787571,2,4,9,72,141.72813279996902
t3_0_c00396,par_factible,BR0327|BR0354,3.0,384.497294,255.734852,275.177733,390.49729372372883,261.73485219710693,281.17773318752694,2,4,6,48,132.9729145608228
t3_0_c00397,par_factible,BR0051|BR0341,3.0,387.777135,259.155723,217.258103,393.77713510977185,265.1557231440675,223.25810266557707,2,4,8,64,134.33901289578785
t3_0_c00398,par_factible,BR0241|BR0244,3.0,391.348579,290.329363,245.821088,397.3485786608183,296.3293631444841,251.82108809174815,2,4,7,56,141.42261810505656
t3_0_c00399,par_factible,BR0110|BR0355,3.0,389.990205,267.119882,215.486881,395.99020549832244,273.11988209322084,221.48688084602315,2,4,8,64,136.41388126229222
t3_0_c00400,par_factible,BR0086|BR0301,3.0,388.393343,251.961222,239.134676,394.39334330377807,257.9612215061354,245.13467570079516,2,4,7,56,132.99787254024739
t3_0_c00401,par_factible,BR0012|BR0125,3.0,390.048584,289.355316,209.322995,396.04858431561047,295.3553160379894,215.3229947780468,2,4,8,64,140.95900109145765
t3_0_c00402,par_factible,BR0030|BR0178,3.0,391.725857,265.271398,177.373398,397.7258569182068,271.27139786546593,183.37339824978974,2,4,9,72,136.39087763173754
t3_0_c00403,par_factible,BR0247|BR0406,3.0,389.13783,269.828734,318.569591,395.13783007706314,275.82873383009576,324.56959105151884,2,4,5,40,136.79236776904358
t3_0_c00404,par_factible,BR0016|BR0242,3.0,389.249372,288.407566,248.793649,395.2493717317792,294.40756558364984,254.79364907858772,2,4,7,56,140.60284145064813
t3_0_c00405,par_factible,BR0174|BR0231,3.0,390.644147,291.594245,172.439922,396.6441467744715,297.5942454540369,178.4399220847691,2,4,10,80,141.536879149543
t3_0_c00406,par_factible,BR0120|BR0295,3.0,390.479796,291.476425,230.109645,396.4797959277194,297.4764251068758,236.1096452988096,2,4,7,56,141.47935189288384
t3_0_c00407,par_factible,BR0106|BR0357,3.0,390.139105,253.133047,232.207607,396.13910518421284,259.133047157746,238.20760716360758,2,4,7,56,133.59269160896204
t3_0_c00408,par_factible,BR0005|BR0346,3.0,391.334657,289.952622,246.149245,397.33465717033647,295.9526216339799,252.14924487393077,2,4,7,56,141.3429722332959
t3_0_c00409,par_factible,BR0037|BR0301,3.0,388.660464,252.247372,250.438906,394.6604644773637,258.247372420141,256.4389064752984,2,4,7,56,133.11067011162174
t3_0_c00410,par_factible,BR0059|BR0063,3.0,382.04051,258.589937,237.481174,388.04050958630967,264.5899365592013,243.48117359493517,2,4,7,56,133.0541174608585
t3_0_c00411,par_factible,BR0153|BR0293,3.0,387.082793,288.626812,229.245481,393.08279271841957,294.6268121820402,235.24548145008822,2,4,7,56,140.20583178398772
t3_0_c00412,par_factible,BR0217|BR0419,3.0,387.360686,306.530907,170.351162,393.36068586941144,312.5309065610267,176.35116152572408,2,3,10,60,143.91265900722487
t3_0_c00413,par_factible,BR0025|BR0184,3.0,393.949859,291.89031,186.249211,399.94985854587054,297.89030969979007,192.24921095027878,2,4,9,72,142.27118618667902
t3_0_c00414,par_factible,BR0169|BR0237,3.0,391.726063,292.233638,223.535767,397.7260633543407,298.2336384772726,229.53576680079334,2,4,7,56,141.88780873223513
t3_0_c00415,par_factible,BR0333|BR0411,3.0,384.020961,284.838997,207.689332,390.0209606176304,290.838996837295,213.68933158639612,2,4,8,64,138.8093695117075
t3_0_c00416,par_factible,BR0083|BR0126,3.0,393.573167,292.638336,263.940147,399.57316737340994,298.6383355514244,269.9401473300828,2,4,6,48,142.34689152392136
t3_0_c00417,par_factible,BR0233|BR0363,3.0,391.24697,301.548389,288.385749,397.24697031386546,307.54838891827956,294.3857492259091,2,3,6,36,143.68916600043733
t3_0_c00418,par_factible,BR0288|BR0302,3.0,390.009053,249.792414,212.580303,396.00905271928315,255.79241357345614,218.5803027522131,2,4,8,64,132.88511035529854
t3_0_c00419,par_factible,BR0336|BR0416,3.0,387.094795,287.14213,185.105654,393.09479535153014,293.1421298004766,191.105653944019,2,4,9,72,139.90559126442542
t3_0_c00420,par_factible,BR0074|BR0078,3.0,391.043895,311.170183,249.826595,397.04389517752884,317.17018297819493,255.8265952040867,2,3,7,42,145.6093941194136
t3_0_c00421,par_factible,BR0277|BR0406,3.0,392.561318,290.861494,292.955889,398.5613177122181,296.8614944707108,298.9558887834459,2,4,6,48,141.77835110763078
t3_0_c00422,par_factible,BR0013|BR0068,3.0,393.134191,293.379316,227.073533,399.1341911668163,299.3793162373674,233.07353272221184,2,4,7,56,142.40846226384988
t3_0_c00423,par_factible,BR0209|BR0309,3.0,390.379297,289.236796,172.886975,396.37929736234196,295.23679616988477,178.88697481639298,2,4,10,80,141.00226167833367
t3_0_c00424,par_factible,BR0195|BR0408,3.0,393.862675,293.901554,293.924025,399.86267511611265,299.90155408100253,299.92402540933335,2,4,6,48,142.66345141633334
t3_0_c00425,par_factible,BR0249|BR0344,3.0,390.036525,269.911843,302.008111,396.03652490877107,275.9118428827972,308.0081108786631,2,4,5,40,136.9925316598508
t3_0_c00426,par_factible,BR0078|BR0195,3.0,392.918925,313.531922,276.18309,398.9189245147188,319.53192206436427,282.1830899306144,2,3,6,36,146.47315934334006
t3_0_c00427,par_factible,BR0281|BR0299,3.0,392.303254,291.251465,216.101044,398.30325366906095,297.25146469019427,222.1010441879753,2,4,8,64,141.80524329444552
t3_0_c00428,par_factible,BR0135|BR0136XL,3.0,388.616411,284.605691,282.239112,394.61641065124957,290.60569084013497,288.2391117990329,2,4,6,48,139.69869551302438
t3_0_c00429,par_factible,BR0067|BR0301,3.0,389.935586,258.454416,248.597016,395.9355862275937,264.4544162882366,254.5970155155577,2,4,7,56,134.63608613982268
t3_0_c00430,par_factible,BR0039|BR0239,3.0,389.574928,252.414451,249.68566,395.574927716367,258.4144514747469,255.6856599492133,2,4,7,56,133.3311680308081
t3_0_c00431,par_factible,BR0080|BR0240,3.0,389.935742,260.367626,266.511814,395.935742496433,266.36762613540606,272.5118143913319,2,4,6,48,135.02617097489073
t3_0_c00432,par_factible,BR0328|BR0417,3.0,390.300188,260.780648,218.369606,396.30018846169827,266.7806482513004,224.3696060708967,2,4,8,64,135.1846761902138
t3_0_c00433,par_factible,BR0085|BR0352,3.0,388.0423,265.100605,283.488816,394.04230007091667,271.10060522494473,289.48881621662423,2,4,6,48,135.6050775322857
t3_0_c00434,par_factible,BR0030|BR0416,3.0,393.912244,292.250241,171.653242,399.9122438935217,298.2502412707167,177.65324199312727,2,4,10,80,142.33689809668468
t3_0_c00435,par_factible,BR0242|BR0307,3.0,390.515275,289.704993,247.217497,396.5152748330141,295.70499336526484,253.21749739442362,2,4,7,56,141.12543694154513
t3_0_c00436,par_factible,BR0302|BR0355,3.0,388.971831,252.449966,208.194586,394.97183051044533,258.449965812974,214.19458581919605,2,4,8,64,133.21545286919863
t3_0_c00437,par_factible,BR0288|BR0420,3.0,385.53853,253.794772,211.654007,391.53853044640977,259.7947717173286,217.65400681732135,2,4,8,64,132.78966404969182
t3_0_c00438,par_factible,BR0088|BR0357,3.0,393.214478,254.739147,235.112329,399.2144775105741,260.739147089708,241.1123288081278,2,4,7,56,134.54712020393112
t3_0_c00439,par_factible,BR0160|BR0309,3.0,386.22921,287.171494,165.35879,392.22920961664624,293.1714941221984,171.35878992043902,2,4,10,80,139.73510779589085
t3_0_c00440,par_factible,BR0109|BR0121,3.0,392.487001,304.811701,325.047287,398.48700097572214,310.81170069859746,331.04728699707704,2,3,5,30,144.60727862881132
t3_0_c00441,par_factible,BR0119|BR0311,3.0,392.857227,313.45421,193.691303,398.85722714552116,319.45420963317315,199.69130284641113,2,3,9,54,146.4447373656869
t3_0_c00442,par_factible,BR0192|BR0261,3.0,389.262441,259.79407,192.248396,395.2624407344626,265.79407014805844,198.2483961464538,2,4,9,72,134.77196959888298
t3_0_c00443,par_factible,BR0032|BR0200,3.0,388.823213,289.934112,167.454934,394.8232131462685,295.93411159365917,173.45493421862793,2,4,10,80,140.82718139448065
t3_0_c00444,par_factible,BR0071|BR0129,3.0,385.448122,262.411376,216.984271,391.44812196472583,268.4113761852187,222.9842707249936,2,4,8,64,134.5279303057991
t3_0_c00445,par_factible,BR0081|BR0093,3.0,390.188076,267.325003,264.211581,396.1880763812511,273.32500298419524,270.2115814050366,2,4,6,48,136.49604064535094
t3_0_c00446,par_factible,BR0197|BR0311,3.0,393.70701,293.789961,206.209598,399.70701049174403,299.78996074001117,212.20959764621426,2,4,8,64,142.60896457324264
t3_0_c00447,par_factible,BR0080|BR0134,3.0,390.06952,269.923204,280.999725,396.06951984344914,275.9232041078912,286.9997254362413,2,4,6,48,137.00157470975338
t3_0_c00448,par_factible,BR0025|BR0197,3.0,391.538592,292.088013,189.556043,397.5385915804408,298.08801308156876,195.55604316481066,2,4,9,72,141.81989901366148
t3_0_c00449,par_factible,BR0083|BR0363,3.0,391.956809,291.429502,266.127912,397.9568094964398,297.42950239477744,272.12791166111526,2,4,6,48,141.770909661818
t3_0_c00450,par_factible,BR0123|BR0139,3.0,387.74284,289.514348,281.215136,393.7428403990945,295.51434789875736,287.2151357526583,2,4,6,48,140.52134317999017
t3_0_c00451,par_factible,BR0069|BR0203,3.0,383.578273,260.473016,214.649443,389.5782730783986,266.47301585713996,220.64944311948574,2,4,8,64,133.7515369899161
t3_0_c00452,par_factible,BR0357|BR0417,3.0,392.318661,233.631674,242.491001,398.31866054137976,239.63167403911163,248.49100063786668,2,5,7,70,130.06123029163942
t3_0_c00453,par_factible,BR0291|BR0318,3.0,392.90842,292.082833,192.554309,398.9084201800861,298.0828327935208,198.55430948099215,2,4,9,72,142.09811477545503
t3_0_c00454,par_factible,BR0057|BR0087,3.0,391.769433,256.066422,215.72943,397.7694327595521,262.06642162649587,221.72943013042666,2,4,8,64,134.52310996657448
t3_0_c00455,par_factible,BR0221|BR0261,3.0,392.46724,269.687675,183.683417,398.4672395917777,275.68767495239837,189.68341744022123,2,4,9,72,137.44238828627442
t3_0_c00456,par_factible,BR0265|BR0304,3.0,389.386738,259.384825,173.038427,395.38673784498815,265.3848248396136,179.0384266767511,2,4,10,80,134.7138761844244
t3_0_c00457,par_factible,BR0075|BR0139,3.0,392.181903,292.696637,275.009242,398.1819025624877,298.69663661522424,281.009242496055,2,4,6,48,142.07513540830007
t3_0_c00458,par_factible,BR0066|BR0316,3.0,393.612173,292.025407,155.589109,399.61217289956056,298.0254069977922,161.58910888550244,2,4,11,88,142.22988377112185
t3_0_c00459,par_factible,BR0064|BR0245,3.0,385.71307,251.40059,241.946628,391.71307003503296,257.4005897323837,247.9466283098277,2,4,7,56,132.3371375672613
t3_0_c00460,par_factible,BR0069|BR0096,3.0,385.544128,262.5109,211.897128,391.54412797176093,268.51089986151936,217.89712801683316,2,4,8,64,134.5677936459287
t3_0_c00461,par_factible,BR0286|BR0360,3.0,391.782118,290.654201,192.92353,397.782117954068,296.6542012452791,198.92352996526114,2,4,9,72,141.57723123330214
t3_0_c00462,par_factible,BR0244|BR0363,3.0,393.440548,291.512945,262.771963,399.44054751970594,297.51294453532614,268.7719626611493,2,4,6,48,142.09041632110743
t3_0_c00463,par_factible,BR0004|BR0376,3.0,392.548565,311.017979,237.796548,398.5485650479557,317.0179790893671,243.7965477839824,2,3,7,42,145.88512622575388
t3_0_c00464,par_factible,BR0257|BR0305,3.0,390.282801,289.325789,281.565387,396.28280098222126,295.3257890616629,287.56538731724726,2,4,6,48,141.00073191516495
t3_0_c00465,par_factible,BR0066|BR0210,3.0,391.646818,290.328058,166.083813,397.64681771904606,296.3280583189679,172.08381274973283,2,4,10,80,141.4831551555584
t3_0_c00466,par_factible,BR0011|BR0274,3.0,390.596071,291.355876,277.881092,396.5960708130562,297.35587641451644,283.88109194748563,2,4,6,48,141.4784805764674
t3_0_c00467,par_factible,BR0150|BR0213,3.0,389.21125,290.567026,200.566698,395.2112495930449,296.5670256574965,206.5666978750094,2,4,8,64,141.03532624883616
t3_0_c00468,par_factible,BR0083|BR0376,3.0,392.35626,292.821631,264.593038,398.3562602225455,298.8216306778907,270.5930384073228,2,4,6,48,142.13616532118985
t3_0_c00469,par_factible,BR0269|BR0314,3.0,390.943501,283.4788,183.289074,396.94350128103184,289.47880046618496,189.28907363509083,2,4,9,72,139.9433846579443
t3_0_c00470,par_factible,BR0050|BR0203,3.0,386.350247,254.4195,213.082326,392.3502472598532,260.41949977094555,219.08232556856012,2,4,8,64,133.0825172335981
t3_0_c00471,par_factible,BR0339|BR0417,3.0,388.416954,251.507584,241.130903,394.41695366467104,257.5075835739906,247.13090337824627,2,4,7,56,132.9102012718984
t3_0_c00472,par_factible,BR0109|BR0253,3.0,392.89493,280.436273,324.71296,398.89492950763605,286.4362731072434,330.7129597126228,2,4,5,40,139.72093835165737
t3_0_c00473,par_factible,BR0017|BR0028,3.0,391.491565,292.201745,228.945236,397.4915650309694,298.2017452944357,234.9452355529701,2,4,7,56,141.8334985372895
t3_0_c00474,par_factible,BR0041|BR0379,3.0,386.794825,263.807422,245.530288,392.7948248971577,269.80742244169477,251.53028844868416,2,4,7,56,135.08710445236545
t3_0_c00475,par_factible,BR0154|BR0366,3.0,393.60672,292.403818,215.929836,399.6067202710644,298.4038184166139,221.92983602550987,2,4,8,64,142.30592022174886
t3_0_c00476,par_factible,BR0027|BR0218,3.0,387.005248,286.744821,170.112807,393.00524799874154,292.74482105606234,176.11280709241262,2,4,10,80,139.80633416000077
t3_0_c00477,par_factible,BR0125|BR0198,3.0,393.263045,286.959105,191.814277,399.2630448371631,292.95910458162,197.8142766837476,2,4,9,72,141.12582047273867
t3_0_c00478,par_factible,BR0071|BR0261,3.0,393.321333,270.573062,206.22665,399.32133277281554,276.57306218914886,212.2266498768147,2,4,8,64,137.79702241834136
t3_0_c00479,par_factible,BR0203|BR0261,3.0,388.000173,265.056935,203.661026,394.00017300424287,271.0569346185252,209.66102567746304,2,4,8,64,135.5875856519405
t3_0_c00480,par_factible,BR0116|BR0149,3.0,393.426371,291.63308,169.462344,399.42637050692576,297.63308013071963,175.46234449082846,2,4,10,80,142.1120184786229
t3_0_c00481,par_factible,BR0102|BR0213,3.0,389.922091,309.757188,187.798147,395.9220913993698,315.7571875773542,193.79814704333467,2,3,9,54,145.0926154896481
t3_0_c00482,par_factible,BR0107|BR0326,3.0,390.155619,253.143253,248.122379,396.155619220721,259.1432533851585,254.1223793791839,2,4,7,56,133.59813916531692
t3_0_c00483,par_factible,BR0006|BR0280,3.0,389.265279,299.494657,270.822427,395.2652786071904,305.4946565366632,276.8224265825288,2,3,6,36,142.86644957061233
t3_0_c00484,par_factible,BR0069|BR0334,3.0,389.999413,267.129427,226.055411,395.99941297633166,273.1294269341036,232.05541113137338,2,4,7,56,136.41770436502247
t3_0_c00485,par_factible,BR0091|BR0097,3.0,392.761084,260.734563,193.851732,398.7610835038934,266.73456341334344,199.85173201707985,2,4,9,72,135.67699223593004
t3_0_c00486,par_factible,BR0134|BR0139,3.0,388.919442,290.357834,279.549918,394.91944217924186,296.3578338493744,285.54991779193386,2,4,6,48,140.9331857346822
t3_0_c00487,par_factible,BR0244|BR0376,3.0,393.732081,293.795407,250.97972,399.73208098298517,299.7954072726259,256.97971977306577,2,4,7,56,142.61518618870764
t3_0_c00488,par_factible,BR0258|BR0277,3.0,389.739733,288.77089,282.499531,395.7397326144679,294.7708899682327,288.4995311436737,2,4,6,48,140.7768853379614
t3_0_c00489,par_factible,BR0358|BR0372,3.0,390.226688,291.294976,257.145456,396.2266875623996,297.2949759932223,263.14545555020896,2,4,6,48,141.39075709594738
t3_0_c00490,par_factible,BR0159|BR0275,3.0,387.710554,287.441429,164.441366,393.71055416321036,293.4414286937298,170.44136576994808,2,4,10,80,140.09214737144546
t3_0_c00491,par_factible,BR0042|BR0097,3.0,390.331638,258.770886,192.47986,396.33163825924424,264.7708857203629,198.4798599698313,2,4,9,72,134.78135045455804
t3_0_c00492,par_factible,BR0061|BR0110,3.0,390.110714,264.361322,217.668185,396.11071414133266,270.3613221367167,223.6681849319141,2,4,8,64,135.8760522483281
t3_0_c00493,par_factible,BR0104|BR0152,3.0,387.273389,286.943495,202.660666,393.2733888435265,292.94349536074765,208.6606657926393,2,4,8,64,139.90150544429645
t3_0_c00494,par_factible,BR0144|BR0153,3.0,392.157032,290.935113,224.483888,398.15703229464646,296.93511341229737,230.48388782303232,2,4,7,56,141.71093694331168
t3_0_c00495,par_factible,BR0022|BR0379,3.0,388.903615,265.993478,242.191988,394.903614554918,271.9934783538889,248.19198751074472,2,4,7,56,135.96271007315124
t3_0_c00496,par_factible,BR0095|BR0329,3.0,392.194247,262.291546,218.220345,398.1942468140858,268.2915460581002,224.22034472401248,2,4,8,64,135.87885685467606
t3_0_c00497,par_factible,BR0003|BR0105,3.0,390.753375,291.478068,173.499309,396.75337452954193,297.4780676942082,179.4993091162557,2,4,10,80,141.53546222706424
t3_0_c00498,par_factible,BR0008|BR0218,3.0,390.402554,291.174538,178.692002,396.4025541989516,297.1745382566272,184.69200219221685,2,4,9,72,141.40205758523524
t3_0_c00499,par_factible,BR0054|BR0332,3.0,389.502128,263.778633,248.727304,395.5021282188096,269.7786334860466,254.72730384100424,2,4,7,56,135.63318281444572
t3_0_c00500,par_factible,BR0171|BR0285,3.0,383.402258,284.854905,167.932735,389.402258024495,290.8549046055731,173.9327349077547,2,4,10,80,138.68647556168563
t3_0_c00501,par_factible,BR0057|BR0337,3.0,389.883821,254.894003,217.769847,395.8838213929158,260.89400262664094,223.7698466664191,2,4,8,64,133.89965831183625
t3_0_c00502,par_factible,BR0042|BR0216,3.0,410.042974,266.058418,178.208363,416.0429737624432,272.0584180901349,184.20836334396137,1,4,9,36,140.2857067997101
t3_0_c00503,par_factible,BR0145|BR0269,3.0,388.540134,288.049795,181.49627,394.5401344677841,294.049795244833,187.4962698770642,2,4,9,72,140.38530677117575
t3_0_c00504,par_factible,BR0186|BR0270,3.0,386.265586,287.992018,202.449653,392.2655862924948,293.99201790516656,208.44965325351293,2,4,8,64,139.90980717587385
t3_0_c00505,par_factible,BR0205|BR0283,3.0,393.986672,293.989647,218.996162,399.9866717234407,299.9896467628579,224.9961620991816,2,4,8,64,142.70669082289473
t3_0_c00506,par_factible,BR0177|BR0221,3.0,384.01966,260.930575,173.021632,390.0196595411079,266.9305747619921,179.02163226378997,2,4,10,80,133.934808216738
t3_0_c00507,par_factible,BR0168|BR0398,3.0,390.596401,289.557743,204.002835,396.5964009999639,295.55774302449214,210.00283544440364,2,4,8,64,141.1119559682887
t3_0_c00508,par_factible,BR0220|BR0227,3.0,393.384351,254.847651,183.930114,399.3843510449535,260.84765069119686,189.9301139302687,2,4,9,72,134.60387395232422
t3_0_c00509,par_factible,BR0068|BR0387,3.0,393.051966,291.225032,206.389898,399.0519661037224,297.2250318799601,212.38989811181008,2,4,8,64,141.95249704050613
t3_0_c00510,par_factible,BR0261|BR0265,3.0,388.650704,259.272959,192.938002,394.65070437761193,265.2729590059711,198.93800226844377,2,4,9,72,134.54101190287116
t3_0_c00511,par_factible,BR0035|BR0213,3.0,391.21988,311.391848,205.387697,397.21987954495535,317.3918483947632,211.38769717011567,2,3,8,48,145.6904644117673
t3_0_c00512,par_factible,BR0210|BR0219,3.0,389.920071,291.075168,166.39113,395.92007098177436,297.0751677434411,172.39112981253132,2,4,10,80,141.2834329715016
t3_0_c00513,par_factible,BR0142|BR0345,3.0,393.601826,284.950744,321.676839,399.6018261551415,290.95074353529935,327.676838811883,2,4,5,40,140.78543724575755
t3_0_c00514,par_factible,BR0009|BR0161,3.0,392.903839,291.249886,184.55847,398.90383939993797,297.2498858267449,190.55846993307964,2,4,9,72,141.9273649799557
t3_0_c00515,par_factible,BR0123|BR0403,3.0,393.546958,263.767277,295.651888,399.5469583786259,269.7672773499895,301.6518882170923,2,4,5,40,136.45550167759743
t3_0_c00516,par_factible,BR0031|BR0179,3.0,392.242394,302.488083,157.245144,398.24239389721697,308.4880833039746,163.24514364466845,2,3,11,66,144.08368546405535
t3_0_c00517,par_factible,BR0091|BR0229,3.0,392.296434,262.378595,193.750595,398.29643446172406,268.3785951948267,199.75059454167715,2,4,9,72,135.91743723884827
t3_0_c00518,par_factible,BR0082|BR0406,3.0,393.810648,292.702259,290.189997,399.8106475880981,298.7022589962354,296.18999697529574,2,4,6,48,142.40833977254505
t3_0_c00519,par_factible,BR0103|BR0169,3.0,387.124016,287.487068,206.946298,393.12401648543675,293.48706788055995,212.946297503187,2,4,8,64,139.9818724497445
t3_0_c00520,par_factible,BR0040|BR0409,3.0,391.149002,253.419863,237.584288,397.14900196743497,259.4198625052279,243.584287621908,2,4,7,56,133.85705697709741
t3_0_c00521,par_factible,BR0238|BR0399,3.0,391.768589,292.247433,287.335499,397.76858933712094,298.2474328065775,293.33549884840716,2,4,6,48,141.89929095692116
t3_0_c00522,par_factible,BR0210|BR0338,3.0,392.111268,283.505884,172.795006,398.11126796578577,289.5058836691911,178.79500617437088,2,4,10,80,140.18698300407274
t3_0_c00523,par_factible,BR0105|BR0214,3.0,393.67628,292.610009,180.667645,399.67627987673575,298.6100085497543,186.66764520944167,2,4,9,72,142.36213831324974
t3_0_c00524,par_factible,BR0065|BR0177,3.0,392.441403,270.809535,177.693748,398.44140281504025,276.80953502580735,183.69374767052983,2,4,9,72,137.66583849966312
t3_0_c00525,par_factible,BR0056|BR0353,3.0,383.722,254.468274,240.270182,389.7220003751658,260.4682739330047,246.27018233771955,2,4,7,56,132.5566308477412
t3_0_c00526,par_factible,BR0129|BR0340,3.0,387.496273,264.534571,218.993277,393.4962726025098,270.534571257954,224.99327734262977,2,4,8,64,135.3783575658438
t3_0_c00527,par_factible,BR0292|BR0406,3.0,392.072985,292.618555,291.559493,398.07298463635675,298.61855519293516,297.55949270672795,2,4,6,48,142.03701117824505
t3_0_c00528,par_factible,BR0205|BR0296,3.0,393.065993,292.191015,228.036568,399.06599293436386,298.1910147130311,234.03656843819132,2,4,7,56,142.15229513708357
t3_0_c00529,par_factible,BR0053|BR0061,3.0,385.482152,261.322409,216.739494,391.4821523075986,267.3224093698526,222.73949420481915,2,4,8,64,134.31285661110115
t3_0_c00530,par_factible,BR0163|BR0299,3.0,391.861453,290.342942,212.497407,397.8614530271385,296.3429418802114,218.49740710311042,2,4,8,64,141.5299479933435
t3_0_c00531,par_factible,BR0077|BR0412,3.0,392.443561,292.777561,243.085393,398.4435609444129,298.77756072100675,249.0853931215536,2,4,7,56,142.14497893280728
t3_0_c00532,par_factible,BR0308|BR0350,3.0,382.665011,284.230151,208.871731,388.6650114345185,290.23015107637207,214.87173064033172,2,4,8,64,138.4087996964099
t3_0_c00533,par_factible,BR0030|BR0338,3.0,390.509871,289.700944,169.793343,396.50987059886825,295.7009441333186,175.79334330257393,2,4,10,80,141.1235096293959
t3_0_c00534,par_factible,BR0327|BR0409,3.0,391.402391,261.68901,248.528553,397.40239059679993,267.68901008353004,254.52855261121258,2,4,7,56,135.5945771009847
t3_0_c00535,par_factible,BR0065|BR0297,3.0,407.645291,302.582072,153.103563,413.64529090306075,308.5820715981482,159.10356253291172,1,3,11,33,147.24309123368175
t3_0_c00536,par_factible,BR0124|BR0345,3.0,406.607984,303.797051,333.174699,412.6079838800711,309.7970508827886,339.1746994631064,1,3,5,15,147.27931391699482
t3_0_c00537,par_factible,BR0127|BR0350,3.0,384.291484,285.418148,205.006915,390.2914839164523,291.41814828594437,211.0069147243708,2,4,8,64,138.98259575991779
t3_0_c00538,par_factible,BR0108|BR0113,3.0,392.946002,305.288382,293.367601,398.9460023040575,311.2883822672343,299.3676013435296,2,3,6,36,144.79803966794938
t3_0_c00539,par_factible,BR0186|BR0401,3.0,391.890895,291.384249,198.636608,397.8908952428891,297.3842488196598,204.6366083835947,2,4,8,64,141.74824547656448
t3_0_c00540,par_factible,BR0126|BR0130,3.0,393.441683,287.878486,258.071019,399.4416826571407,293.8784859544041,264.0710190079047,2,4,6,48,141.3496775966452
t3_0_c00541,par_factible,BR0166|BR0167,3.0,391.005258,291.85312,151.636441,397.00525815895895,297.85312010862475,157.6364413665704,2,4,11,88,141.66327793426782
t3_0_c00542,par_factible,BR0072|BR0229,3.0,390.239069,267.377864,210.339408,396.239069443645,273.37786443726475,216.33940838466756,2,4,8,64,136.51721383912533
t3_0_c00543,par_factible,BR0039|BR0055,3.0,391.600346,258.426509,242.61558,397.6003463891188,264.42650905966366,248.61558026535633,2,4,7,56,134.96979723726452
t3_0_c00544,par_factible,BR0025|BR0119,3.0,391.021935,291.865075,188.505219,397.0219349764981,297.86507543754965,194.50521903190526,2,4,9,72,141.66911527299646
t3_0_c00545,par_factible,BR0002|BR0135,3.0,392.661307,292.345951,265.749019,398.66130674260256,298.34595119104546,271.74901858477915,2,4,6,48,142.10137776425034
t3_0_c00546,par_factible,BR0336|BR0350,3.0,389.51589,289.234124,199.58879,395.51589000054497,295.23412422068316,205.58878986762994,2,4,8,64,140.82569097272744
t3_0_c00547,par_factible,BR0007|BR0248,3.0,404.688291,277.38428,306.557876,410.6882911090365,283.3842799017779,312.55787606294285,1,4,5,20,141.5030725812058
t3_0_c00548,par_factible,BR0105|BR0227,3.0,393.732844,263.792926,190.25741,399.73284423545164,269.79292555839663,196.25740998391146,2,4,9,72,136.49862788865406
t3_0_c00549,par_factible,BR0353|BR0404,3.0,386.303833,252.668069,240.364786,392.303833225259,258.66806878826793,246.3647862189842,2,4,7,56,132.7159841006171
t3_0_c00550,par_factible,BR0268|BR0294,3.0,387.658006,289.453532,180.263293,393.65800605624605,295.45353159069987,186.26329263361018,2,4,9,72,140.4916488576852
t3_0_c00551,par_factible,BR0081|BR0135,3.0,391.628031,270.565794,287.89903,397.62803071754536,276.56579393310705,293.8990297040934,2,4,6,48,137.4503210296947
t3_0_c00552,par_factible,BR0144|BR0299,3.0,386.108677,286.40326,218.63009,392.10867680943636,292.40326049990773,224.6300899415707,2,4,8,64,139.55391178579902
t3_0_c00553,par_factible,BR0187|BR0343,3.0,390.503774,267.652267,307.780855,396.5037736184112,273.65226739827153,313.7808547139804,2,4,5,40,136.62712355080177
t3_0_c00554,par_factible,BR0219|BR0294,3.0,390.409136,310.370657,166.929958,396.40913600394833,316.3706565276934,172.9299575135005,2,3,10,60,145.31698114814307
t3_0_c00555,par_factible,BR0046|BR0297,3.0,393.172267,267.920944,152.755609,399.1722668590277,273.9209435226626,158.75560866362144,2,4,11,88,137.2259348382651
t3_0_c00556,par_factible,BR0051|BR0409,3.0,392.954371,233.847291,241.87548,398.95437106987066,239.8472914316909,247.8754799619035,2,5,7,70,130.2347935783
t3_0_c00557,par_factible,BR0263|BR0300,3.0,391.96311,260.111365,193.867788,397.96310990321774,266.11136500554414,199.86778797709462,2,4,9,72,135.38725278466092
t3_0_c00558,par_factible,BR0209|BR0361,3.0,392.769757,290.606707,171.024733,398.7697574233584,296.6067070731091,177.0247331624177,2,4,10,80,141.76890203801577
t3_0_c00559,par_factible,BR0092|BR0185,3.0,408.517133,265.068369,264.685764,414.51713272370563,271.0683685611831,270.6857641127109,1,4,6,24,139.77278313657263
t3_0_c00560,par_factible,BR0004|BR0074,3.0,390.293668,310.225216,236.5845,396.2936683345956,316.2252163991097,242.5845004904595,2,3,7,42,145.26378893653524
t3_0_c00561,par_factible,BR0383|BR0404,3.0,390.15013,252.781851,233.713027,396.1501299113541,258.78185131703805,239.71302723249553,2,4,7,56,133.523339699978
t3_0_c00562,par_factible,BR0067|BR0353,3.0,393.18625,259.636911,245.418888,399.1862501240782,265.6369111569445,251.41888785453352,2,4,7,56,135.5398901694236
t3_0_c00563,par_factible,BR0139|BR0305,3.0,391.73035,291.117132,276.820078,397.7303500903558,297.1171319911542,282.8200776395394,2,4,6,48,141.66105648960448
t3_0_c00564,par_factible,BR0212|BR0254,3.0,407.042908,278.687298,347.729513,413.0429075497443,284.68729805781896,353.7295126616214,1,4,5,20,142.24876770796396
t3_0_c00565,par_factible,BR0034|BR0180,3.0,390.562217,253.484766,171.397157,396.5622166618667,259.48476631173867,177.39715682663967,2,4,10,80,133.75065911796236
t3_0_c00566,par_factible,BR0166|BR0180,3.0,407.297489,270.158515,153.007112,413.29748860218643,276.15851537430245,159.0071124718723,1,4,11,44,140.5618764478061
t3_0_c00567,par_factible,BR0011|BR0196,3.0,388.303798,289.575271,281.240291,394.30379758401267,295.575271318098,287.240291248125,2,4,6,48,140.64812821653632
t3_0_c00568,par_factible,BR0115|BR0248,3.0,408.513258,279.947256,300.907209,414.513257776642,285.94725553595015,306.90720904315594,1,4,5,20,142.80540536444283
t3_0_c00569,par_factible,BR0109|BR0175,3.0,390.89056,301.197946,303.880648,396.8905598038998,307.19794648612816,309.8806484223808,2,3,5,30,143.54505734761017
t3_0_c00570,par_factible,BR0274|BR0348,3.0,392.039982,298.208224,279.564851,398.0399821973205,304.2082241563665,285.5648505158611,2,3,6,36,143.1698687775101
t3_0_c00571,par_factible,BR0100|BR0127,3.0,391.46255,290.506418,190.343531,397.46254953265066,296.50641833738814,196.3435312829124,2,4,9,72,141.48195063609353
t3_0_c00572,par_factible,BR0153|BR0358,3.0,390.234428,300.552802,244.235353,396.23442835332173,306.5528019269125,250.23535273304145,2,3,7,42,143.27976152502225
t3_0_c00573,par_factible,BR0034|BR0300,3.0,392.259488,260.37611,193.524336,398.2594883018287,266.37611025399656,199.52433586613301,2,4,9,72,135.50165108171768
t3_0_c00574,par_factible,BR0161|BR0186,3.0,393.514051,291.69738,196.196264,399.51405055480257,297.6973796422115,202.19626426630487,2,4,8,64,142.14300309826996
t3_0_c00575,par_factible,BR0270|BR0350,3.0,389.070515,289.312609,199.763056,395.0705151696352,295.31260854936363,205.76305598345058,2,4,8,64,140.75089168583054
t3_0_c00576,par_factible,BR0182|BR0244,3.0,391.395889,289.788057,249.143344,397.3958888033338,295.78805701115783,255.14334379951418,2,4,7,56,141.3219053648301
t3_0_c00577,par_factible,BR0055|BR0132,3.0,393.644344,233.933488,244.374332,399.64434395575086,239.93348762026807,250.37433244183634,2,5,7,70,130.39303396045239
t3_0_c00578,par_factible,BR0095|BR0133,3.0,393.740044,260.428049,218.918975,399.74004429318916,266.42804916741875,224.91897477626398,2,4,8,64,135.81408633243788
t3_0_c00579,par_factible,BR0187|BR0356,3.0,389.997641,267.12759,279.927132,395.997640676861,273.12758969741105,285.9271319726787,2,4,6,48,136.41696847589643
t3_0_c00580,par_factible,BR0004|BR0312,3.0,390.713966,310.754612,215.705047,396.7139657937439,316.75461234902895,221.70504695971226,2,3,8,48,145.45740634918917
t3_0_c00581,par_factible,BR0081|BR0267,3.0,393.771314,271.039531,292.51714,399.77131402006165,277.03953079226386,298.5171397476802,2,4,6,48,137.98386234705922
t3_0_c00582,par_factible,BR0323|BR0370,3.0,393.415271,293.580818,237.890873,399.4152710821307,299.5808176829445,243.89087264547155,2,4,7,56,142.50684786240066
t3_0_c00583,par_factible,BR0242|BR0372,3.0,393.447969,292.453261,254.030018,399.4479686943858,298.45326100754437,260.0300183327706,2,4,6,48,142.28363500549034
t3_0_c00584,par_factible,BR0136XL|BR0249,3.0,385.654148,282.495258,291.834516,391.65414826901235,288.49525805528197,297.8345163334538,2,4,6,48,138.66450689588058
t3_0_c00585,par_factible,BR0182|BR0362,3.0,392.620107,309.052737,250.528434,398.62010738812734,315.0527369338835,256.5284336629355,2,3,7,42,145.4990508301755
t3_0_c00586,par_factible,BR0194|BR0372,3.0,410.5961,307.687204,264.685764,416.596100320264,313.6872042906282,270.6857641127109,1,3,6,18,148.8854851398353
t3_0_c00587,par_factible,BR0102|BR0148,3.0,389.059603,290.458313,186.890002,395.0596027600289,296.4583126032901,192.89000191078594,2,4,9,72,140.98224574175717
t3_0_c00588,par_factible,BR0001|BR0137,3.0,389.847966,269.846916,317.967868,395.84796613220027,275.8469159864429,323.96786770646685,2,4,5,40,136.94085262357657
t3_0_c00589,par_factible,BR0150|BR0268,3.0,392.76416,291.011787,185.443722,398.76416017784373,297.0117870747754,191.44372192023613,2,4,9,72,141.85034602499877
t3_0_c00590,par_factible,BR0136XL|BR0142,3.0,391.860896,292.319932,306.471505,397.8608964888235,298.31993155658466,312.4715054921995,2,4,5,40,141.9328905291352
t3_0_c00591,par_factible,BR0168|BR0320,3.0,389.682147,290.645953,209.861052,395.6821466105627,296.64595315053487,215.86105210300636,2,4,8,64,141.14742095027472
t3_0_c00592,par_factible,BR0272|BR0372,3.0,393.051625,293.320126,253.53467,399.05162535242704,299.32012619906067,259.5346697948053,2,4,6,48,142.3795619880709
t3_0_c00593,par_factible,BR0013|BR0372,3.0,392.575763,313.099685,237.805942,398.57576296901317,319.0996845418422,243.80594192640024,2,3,7,42,146.31507594512848
t3_0_c00594,par_factible,BR0008|BR0034,3.0,402.124469,261.619849,193.081192,408.12446875924286,267.6198488227896,199.08119154228163,1,4,9,36,137.76642560286083
t3_0_c00595,par_factible,BR0189|BR0378,3.0,386.378001,263.375326,246.19842,392.37800128004216,269.3753263674447,252.1984198022404,2,4,7,56,134.91403214016043
t3_0_c00596,par_factible,BR0029|BR0317,3.0,391.23477,285.618161,168.937547,397.23476994087196,291.6181614573252,174.9375471913769,2,4,10,80,140.43892587119208
t3_0_c00597,par_factible,BR0107|BR0380,3.0,384.949147,261.894119,248.509865,390.9491468453156,267.89411856978495,254.50986450824726,2,4,7,56,134.32074728136607
t3_0_c00598,par_factible,BR0237|BR0273,3.0,389.894947,290.811254,225.684057,395.8949472417699,296.8112536407416,231.68405686366384,2,4,7,56,141.22450578644472
t3_0_c00599,par_factible,BR0006|BR0108,3.0,393.815687,293.867869,304.095636,399.81568691636517,299.86786903394534,310.0956355539128,2,4,5,40,142.6470042712152
t3_0_c00600,par_factible,BR0033|BR0209XL,3.0,386.808636,287.769395,184.71462,392.8086355107014,293.76939537862717,190.71462002854128,2,4,9,72,139.97513371851755
t3_0_c00601,par_factible,BR0150|BR0161,3.0,387.486491,287.277114,190.413165,393.48649108434523,293.27711370003095,196.4131648276923,2,4,9,72,140.01296733626424
t3_0_c00602,par_factible,BR0149|BR0202,3.0,390.59165,289.923699,171.698614,396.5916498895622,295.9236988870977,177.69861428894257,2,4,10,80,141.1855960808685
t3_0_c00603,par_factible,BR0134|BR0194,3.0,391.376016,301.675274,283.218043,397.37601580725203,307.6752735507359,289.2180425009939,2,3,6,36,143.74134339612394
t3_0_c00604,par_factible,BR0152|BR0207,3.0,388.175363,287.611798,201.719945,394.175363271303,293.6117976569758,207.71994475766672,2,4,8,64,140.2216434104544
t3_0_c00605,par_factible,BR0171|BR0219,3.0,392.498674,287.344657,163.796484,398.4986744932152,293.3446565039079,169.79648352994923,2,4,10,80,141.04858939798635
t3_0_c00606,par_factible,BR0029|BR0211,3.0,387.190835,287.060297,169.907567,393.1908351182849,293.06029659456993,175.9075665218234,2,4,10,80,139.908487607106
t3_0_c00607,par_factible,BR0001|BR0375,3.0,393.579728,303.832745,279.723316,399.579727935117,309.8327445333524,285.7233163218871,2,3,6,36,144.63047349000394
t3_0_c00608,par_factible,BR0129|BR0263,3.0,391.001523,261.275518,205.022654,397.00152314101416,267.2755175214462,211.02265398585607,2,4,8,64,135.4285505937738
t3_0_c00609,par_factible,BR0168|BR0333,3.0,386.46874,286.81885,204.949331,392.4687395575976,292.81884950365173,210.94933132686037,2,4,8,64,139.71204669954113
t3_0_c00610,par_factible,BR0027|BR0286,3.0,393.488442,291.932699,172.5797,399.4884418182124,297.93269897778043,178.57970044319444,2,4,10,80,142.18575755269987
t3_0_c00611,par_factible,BR0171|BR0338,3.0,388.293354,288.040174,171.74716,394.2933536466756,294.0401738909415,177.74716018242628,2,4,10,80,140.33303313712887
t3_0_c00612,par_factible,BR0120|BR0151,3.0,393.461744,293.587645,218.850998,399.4617444581819,299.5876454094353,224.8509978579286,2,4,8,64,142.51771454997294
t3_0_c00613,par_factible,BR0179|BR0202,3.0,408.24739,293.845541,157.423077,414.2473896806452,299.8455410690703,163.42307684988742,1,4,11,44,145.58469536181764
t3_0_c00614,par_factible,BR0143|BR0278,3.0,390.518278,289.707244,276.146188,396.51827846436026,295.7072438969172,282.14618812475914,2,4,6,48,141.12650812666206
t3_0_c00615,par_factible,BR0156|BR0217,3.0,389.681704,290.904286,171.519431,395.6817036291409,296.9042862128973,177.51943055894822,2,4,10,80,141.19999792905978
t3_0_c00616,par_factible,BR0006|BR0345,3.0,392.51725,302.795275,303.55602,398.51724990793804,308.79527462910204,309.55602047006676,2,3,5,30,144.20234954883588
t3_0_c00617,par_factible,BR0050|BR0388,3.0,393.152385,233.87621,231.39369,399.15238478443973,239.87621026998679,237.3936895174572,2,5,7,70,130.28105913443966
t3_0_c00618,par_factible,BR0117|BR0266,3.0,393.00233,292.147307,254.584408,399.0023302940778,298.147306987931,260.5844084072787,2,4,6,48,142.1304051543341
t3_0_c00619,par_factible,BR0136|BR0279,3.0,388.770499,288.199897,274.698476,394.7704993528335,294.1998965893531,280.698475726938,2,4,6,48,140.46287379045597
t3_0_c00620,par_factible,BR0021|BR0331,3.0,388.946308,259.66487,210.666569,394.94630790591253,265.6648697719199,216.6665690027794,2,4,8,64,134.6811779159699
t3_0_c00621,par_factible,BR0271|BR0284,3.0,385.454389,285.913022,204.194983,391.45438946923696,291.91302245165264,210.19498299666034,2,4,8,64,139.32057327643008
t3_0_c00622,par_factible,BR0010|BR0211,3.0,390.433539,289.438309,167.112058,396.43353881777364,295.43830925353836,173.11205823490977,2,4,10,80,141.0544032765162
t3_0_c00623,par_factible,BR0142|BR0175,3.0,392.359545,292.711574,305.67248,398.35954529403205,298.7115741801883,311.6724795714727,2,4,5,40,142.1143974463242
t3_0_c00624,par_factible,BR0331|BR0341,3.0,391.35509,253.410084,214.537687,397.35508968917014,259.4100841851546,220.5376867954713,2,4,8,64,133.8970792812079
t3_0_c00625,par_factible,BR0196|BR0407,3.0,381.541239,291.725555,269.056227,387.5412390083697,297.7255546528276,275.0562268220477,2,4,6,48,139.70780706650302
t3_0_c00626,par_factible,BR0250|BR0343,3.0,390.601185,270.106274,304.908502,396.60118535106557,276.10627376890585,310.90850223230586,2,4,5,40,137.1472903404631
t3_0_c00627,par_factible,BR0057|BR0404,3.0,390.13374,260.925796,218.341246,396.1337403052221,266.92579594648475,224.3412457361991,2,4,8,64,135.1803335885233
t3_0_c00628,par_factible,BR0210|BR0392,3.0,392.461036,291.84367,171.451477,398.46103629421316,297.8436699916336,177.45147726917324,2,4,10,80,141.95814603177305
t3_0_c00629,par_factible,BR0051|BR0331,3.0,392.956524,233.847606,237.597328,398.9565242107511,239.8476058863391,243.59732821825213,2,5,7,70,130.23529665587975
t3_0_c00630,par_factible,BR0051|BR0106,3.0,392.806535,266.991283,218.65982,398.8065354222373,272.99128324881815,224.65982000337712,2,4,8,64,136.96183866892056
t3_0_c00631,par_factible,BR0028|BR0346,3.0,391.995264,292.425465,230.173452,397.9952637430471,298.42546463602025,236.17345165730208,2,4,7,56,141.98179987340822
t3_0_c00632,par_factible,BR0153|BR0162,3.0,387.264437,287.800482,229.795854,393.2644368110682,293.80048221415245,235.79585389978448,2,4,7,56,140.07439735478505
t3_0_c00633,par_factible,BR0329|BR0389,3.0,389.302526,259.828217,216.97181,395.302525580396,265.82821665514575,222.97181000188138,2,4,8,64,134.7871034119351
t3_0_c00634,par_factible,BR0163|BR0351,3.0,388.390582,288.659276,210.723467,394.3905817160716,294.659276440128,216.72346675122745,2,4,8,64,140.4790740379612
t3_0_c00635,par_factible,BR0215|BR0217,3.0,390.126877,310.01513,172.075899,396.1268768900283,316.015130153492,178.07589933891592,2,3,10,60,145.18695352569222
t3_0_c00636,par_factible,BR0136|BR0292,3.0,390.372571,290.190826,283.830151,396.37257095986683,296.1908255685159,289.8301505621614,2,4,6,48,141.19539174890576
t3_0_c00637,par_factible,BR0030|BR0167,3.0,392.363646,298.571909,157.334312,398.36364582983884,304.5719091714228,163.33431199400013,2,3,11,66,143.31000101962522
t3_0_c00638,par_factible,BR0120|BR0284,3.0,385.545401,287.46768,215.498899,391.5454013722034,293.46768016041744,221.4988994246258,2,4,8,64,139.65608186190028
t3_0_c00639,par_factible,BR0125|BR0396,3.0,389.316475,288.929229,207.623372,395.3164746377998,294.9292285381994,213.62337166153242,2,4,8,64,140.7228752652394
t3_0_c00640,par_factible,BR0040|BR0356,3.0,393.181387,270.427989,249.766401,399.1813871680308,276.42798896404105,255.7664008327294,2,4,7,56,137.73891460388825
t3_0_c00641,par_factible,BR0097|BR0300,3.0,391.929247,260.124515,193.874737,397.92924739664124,266.1245145801887,199.87473699232137,2,4,9,72,135.3830299646952
t3_0_c00642,par_factible,BR0026|BR0169,3.0,390.058549,290.058831,216.297966,396.05854884713125,296.05883094547363,222.29796587597346,2,4,8,64,141.10446071204993
t3_0_c00643,par_factible,BR0136|BR0410,3.0,379.941924,281.786786,287.478607,385.94192353797126,287.78678601997643,293.4786070647954,2,4,6,48,137.35549634208922
t3_0_c00644,par_factible,BR0247|BR0290,3.0,406.970213,271.041736,308.448741,412.9702125063968,277.04173626065955,314.4487410818523,1,4,5,20,140.67521891275356
t3_0_c00645,par_factible,BR0160|BR0178,3.0,392.538306,265.647066,173.624144,398.53830635934315,271.6470655490677,179.62414441685826,2,4,10,80,136.63310334524175
t3_0_c00646,par_factible,BR0327|BR0356,3.0,390.369189,252.921771,268.978061,396.3691887179398,258.92177110818886,274.97806085691366,2,4,6,48,133.59652595843602
t3_0_c00647,par_factible,BR0110|BR0357,3.0,392.067107,262.183242,218.381282,398.0671073280602,268.1832415540026,224.3812824298609,2,4,8,64,135.83085604119526
t3_0_c00648,par_factible,BR0108|BR0287,3.0,393.815372,304.073783,293.889223,399.8153720606758,310.0737828944024,299.8892231965973,2,3,6,36,144.7276564638284
t3_0_c00649,par_factible,BR0113|BR0399,3.0,392.742559,291.131612,287.72147,398.74255922422043,297.13161220848076,293.72147013841106,2,4,6,48,141.87037134203896
t3_0_c00650,par_factible,BR0081|BR0189,3.0,392.586566,269.811373,260.177501,398.5865659005121,275.81137338847947,266.177500925585,2,4,6,48,137.49193461549265
t3_0_c00651,par_factible,BR0144|BR0351,3.0,383.96299,285.178212,210.409555,389.96299033646994,291.17821219067304,216.4095548035492,2,4,8,64,138.86670795660405
t3_0_c00652,par_factible,BR0185|BR0352,3.0,383.101824,259.97911,292.801331,389.10182429591816,265.9791099457723,298.80133138225045,2,4,6,48,133.55370728678704
t3_0_c00653,par_factible,BR0284|BR0293,3.0,390.127665,289.530379,216.654364,396.12766459043024,295.5303793548497,222.65436378619142,2,4,8,64,141.0108142599959
t3_0_c00654,par_factible,BR0228|BR0395,3.0,389.785586,252.549006,187.317829,395.7855863264922,258.5490057946222,193.31782874760344,2,4,9,72,133.40154783305084
t3_0_c00655,par_factible,BR0160|BR0298,3.0,391.861481,302.105084,152.934891,397.8614812576322,308.1050836616161,158.93489055774805,2,3,11,66,143.9279439182973
t3_0_c00656,par_factible,BR0195|BR0292,3.0,387.094624,306.195782,287.055222,393.0946239783469,312.1957817952409,293.05522237293945,2,3,6,36,143.79009292020137
t3_0_c00657,par_factible,BR0076|BR0231,3.0,417.107651,271.200433,173.643909,423.1076507936526,277.2004329634218,179.6439089923244,1,4,10,40,142.77432900246166
t3_0_c00658,par_factible,BR0153|BR0295,3.0,387.640395,289.440906,233.42528,393.64039496256333,295.4409064949818,239.42527974127478,2,4,7,56,140.4854844969511
t3_0_c00659,par_factible,BR0396|BR0398,3.0,387.710554,287.441429,209.562472,393.71055416321036,293.4414286937298,215.56247223121431,2,4,8,64,140.09214737144546
t3_0_c00660,par_factible,BR0185|BR0247,3.0,393.073473,270.316121,293.820672,399.0734728927072,276.31612069936455,299.82067209399094,2,4,6,48,137.69410674659974
t3_0_c00661,par_factible,BR0131|BR0310XL,3.0,389.293721,290.736165,268.587439,395.2937208897734,296.7361648499011,274.5874392099593,2,4,6,48,141.0866229846431
t3_0_c00662,par_factible,BR0011|BR0250,3.0,389.830338,288.995957,282.213915,395.8303384953748,294.9959567799576,288.2139151724866,2,4,6,48,140.84124266571507
t3_0_c00663,par_factible,BR0085|BR0236,3.0,384.694883,261.630539,268.838615,390.6948832927432,267.63053877636605,274.838615089321,2,4,6,48,134.21517269502735
t3_0_c00664,par_factible,BR0399|BR0403,3.0,393.669601,263.784199,316.802751,399.6696012253046,269.784199397449,322.80275065236475,2,4,5,40,136.48395527477135
t3_0_c00665,par_factible,BR0074|BR0306,3.0,391.77827,292.407279,250.049717,397.778270201145,298.40727939024686,256.049716570582,2,4,7,56,141.93385312770477
t3_0_c00666,par_factible,BR0119|BR0419,3.0,393.556246,314.334677,173.903181,399.5562464697883,320.3346765290049,179.90318097067313,2,3,10,60,146.76675290495274
t3_0_c00667,par_factible,BR0032|BR0309,3.0,388.865678,289.192952,163.089654,394.86567801410126,295.1929517870112,169.08965397698358,2,4,10,80,140.6847359431422
t3_0_c00668,par_factible,BR0153|BR0413,3.0,392.122334,283.283641,237.524364,398.1223339543683,289.28364129537357,243.52436386925345,2,4,7,56,140.14392971452435
t3_0_c00669,par_factible,BR0012|BR0364,3.0,390.535894,291.516641,224.909922,396.5358936893515,297.51664064504354,230.90992220874398,2,4,7,56,141.4989876318848
t3_0_c00670,par_factible,BR0178|BR0181,3.0,383.286765,256.265705,171.406662,389.2867651073114,262.2657051566321,177.40666249817295,2,4,10,80,132.83434663892834
t3_0_c00671,par_factible,BR0011|BR0143,3.0,392.321355,291.156063,276.848938,398.3213545707254,297.1560633501403,282.8489381511637,2,4,6,48,141.78948377591553
t3_0_c00672,par_factible,BR0302|BR0357,3.0,392.482646,254.653012,217.628947,398.4826456768473,260.6530121191746,223.6289472472638,2,4,8,64,134.38035836820018
t3_0_c00673,par_factible,BR0109|BR0123,3.0,405.240157,300.549214,293.752899,411.2401572371005,306.5492138746862,299.75289922829074,1,3,6,18,146.33830195958956
t3_0_c00674,par_factible,BR0192|BR0263,3.0,392.923179,233.764104,205.787058,398.9231789966557,239.76410404458366,211.78705819897323,2,5,8,80,130.2114746261446
t3_0_c00675,par_factible,BR0032|BR0202,3.0,393.624778,291.778581,164.427738,399.6247782992426,297.7785810106926,170.42773751599358,2,4,10,80,142.18213237715295
t3_0_c00676,par_factible,BR0135|BR0258,3.0,386.617677,288.265517,285.280064,392.6176773280116,294.2655171915087,291.2800642900675,2,4,6,48,140.03734852589608
t3_0_c00677,par_factible,BR0396|BR0411,3.0,389.87981,289.032237,207.24949,395.8798103668874,295.0322366092675,213.24948962173087,2,4,8,64,140.858725173528
t3_0_c00678,par_factible,BR0066|BR0200,3.0,391.035584,289.731029,166.624232,397.0355843627381,295.73102882835,172.62423153461583,2,4,10,80,141.23682226118004
t3_0_c00679,par_factible,BR0050|BR0192,3.0,391.492747,255.894387,208.380056,397.49274730376396,261.8943865554896,214.3800563343655,2,4,8,64,134.43162769811488
t3_0_c00680,par_factible,BR0146|BR0268,3.0,392.986069,293.335285,173.689318,398.9860687557732,299.33528494641956,179.68931791210926,2,4,10,80,142.36928719718506
t3_0_c00681,par_factible,BR0330|BR0357,3.0,387.414513,258.402466,217.27682,393.41451339862516,264.40246642417947,223.2768198719776,2,4,8,64,134.1115147447104
t3_0_c00682,par_factible,BR0054|BR0084,3.0,389.648108,263.918401,258.247641,395.64810752844477,269.91840091051216,264.2476405554938,2,4,6,48,135.691439029349
t3_0_c00683,par_factible,BR0090|BR0263,3.0,393.030611,254.495017,203.216313,399.0306109430925,260.4950170075377,209.2163133732106,2,4,8,64,134.4598629868767
t3_0_c00684,par_factible,BR0057|BR0089,3.0,393.513115,263.464083,218.961484,399.51311516408475,269.4640826049348,224.96148366419408,2,4,8,64,136.38678853598768
t3_0_c00685,par_factible,BR0306|BR0307,3.0,393.411021,291.87469,248.044776,399.4110211061803,297.8746899404215,254.044776063359,2,4,7,56,142.1581470023653
t3_0_c00686,par_factible,BR0025|BR0317,3.0,391.579614,292.09901,172.765177,397.5796139999953,298.0990101169907,178.76517707562033,2,4,10,80,141.8305044071327
t3_0_c00687,par_factible,BR0050|BR0086,3.0,392.175812,256.319096,216.383514,398.1758117344833,262.3190964033778,222.38351414078846,2,4,8,64,134.65747362647525
t3_0_c00688,par_factible,BR0036|BR0149,3.0,393.129712,292.5712,169.046437,399.12971182387395,298.57120022895515,175.04643650398035,2,4,10,80,142.2427955255513
t3_0_c00689,par_factible,BR0109|BR0136,3.0,392.509936,297.676924,306.206502,398.509936019479,303.67692418236476,312.206502225659,2,3,5,30,143.1573619167877
t3_0_c00690,par_factible,BR0201|BR0323,3.0,390.723034,310.766034,226.284136,396.7230339826788,316.7660344083128,232.28413615878975,2,3,7,42,145.46158376982498
t3_0_c00691,par_factible,BR0027|BR0101,3.0,383.538394,284.477424,173.018601,389.5383935828353,290.47742370763893,179.01860139072804,2,4,10,80,138.63727161885302
t3_0_c00692,par_factible,BR0189|BR0208,3.0,385.020012,261.967581,243.42656,391.020012490782,267.9675807392684,249.4265600687525,2,4,7,56,134.35017191234462
t3_0_c00693,par_factible,BR0232|BR0250,3.0,390.169772,300.404106,271.260365,396.16977206653036,306.4041056739259,277.26036493697967,2,3,6,36,143.23626457501658
t3_0_c00694,par_factible,BR0218|BR0314,3.0,389.431798,288.163612,173.953049,395.4317982288222,294.1636119478553,179.95304936438077,2,4,10,80,140.59029769147347
t3_0_c00695,par_factible,BR0278|BR0363,3.0,389.225659,288.389996,278.328782,395.2256594842581,294.3899964054347,284.3287816566912,2,4,6,48,140.59442525783746
t3_0_c00696,par_factible,BR0269|BR0315,3.0,393.73539,291.52601,176.965823,399.7353900952244,297.52601004823146,182.9658228801098,2,4,9,72,142.15319065106132
t3_0_c00697,par_factible,BR0370|BR0371,3.0,388.230352,307.626316,234.956291,394.2303520276,313.62631585248397,240.95629124842193,2,3,7,42,144.3132860102108
t3_0_c00698,par_factible,BR0054|BR0321,3.0,390.81851,233.53536,257.052865,396.81851010312045,239.53536042199093,263.05286520917497,2,5,6,60,129.7357534200023
t3_0_c00699,par_factible,BR0184|BR0213,3.0,393.872488,292.744716,196.718782,399.8724879764753,298.74471565029705,202.7187816088207,2,4,8,64,142.42960318588632
t3_0_c00700,par_factible,BR0038|BR0089,3.0,390.163636,252.790478,238.77733,396.1636363525139,258.79047830837305,244.77732976090752,2,4,7,56,133.52785212250498
t3_0_c00701,par_factible,BR0189|BR0326,3.0,388.746346,251.88521,250.743583,394.7463457538281,257.8852099575637,256.7435832843382,2,4,7,56,133.05434367204725
t3_0_c00702,par_factible,BR0010|BR0027,3.0,389.79304,288.810387,167.688222,395.79304024777326,294.81038733384236,173.68822152194417,2,4,10,80,140.79580582703682
t3_0_c00703,par_factible,BR0205|BR0272,3.0,383.588038,293.784018,236.989384,389.5880378050869,299.784018340899,242.9893841057362,2,4,7,56,140.54476170152617
t3_0_c00704,par_factible,BR0123|BR0274,3.0,391.181567,289.839192,270.684034,397.1815671154992,295.8391922151108,276.6840344629612,2,4,6,48,141.28863594915595
t3_0_c00705,par_factible,BR0109|BR0373,3.0,391.64523,311.92761,292.862371,397.64523046922477,317.92760956034095,298.86237103530635,2,3,6,36,145.88640979196038
t3_0_c00706,par_factible,BR0182|BR0323,3.0,390.966561,291.825379,247.675677,396.9665613290658,297.8253790046259,253.67567693311716,2,4,7,56,141.64973299361708
t3_0_c00707,par_factible,BR0082|BR0277,3.0,393.494437,292.485164,284.448992,399.4944371938002,298.4851640575764,290.44899190042065,2,4,6,48,142.29961289528575
t3_0_c00708,par_factible,BR0008|BR0101,3.0,389.234794,288.745567,180.735798,395.2347938323782,294.7455670276131,186.73579772365213,2,4,9,72,140.6687789724753
t3_0_c00709,par_factible,BR0171|BR0392,3.0,391.744889,291.11097,172.197224,397.7448889352444,297.11096997373966,178.197223827377,2,4,10,80,141.66276430356453
t3_0_c00710,par_factible,BR0152|BR0154,3.0,392.217425,290.746509,209.699113,398.2174247218835,296.7465087238747,215.6991134837851,2,4,8,64,141.68479784826872
t3_0_c00711,par_factible,BR0125|BR0318,3.0,390.750086,289.88093,191.10205,396.75008554584,295.88093005010137,197.10205031368884,2,4,9,72,141.20917749152727
t3_0_c00712,par_factible,BR0198|BR0269,3.0,383.747934,284.801818,185.858468,389.74793363530995,290.80181816412573,191.85846815201407,2,4,9,72,138.7461267684884
t3_0_c00713,par_factible,BR0040|BR0054,3.0,386.370082,254.434638,239.563621,392.37008205925076,260.4346381947104,245.56362054423266,2,4,7,56,133.08964735045078
t3_0_c00714,par_factible,BR0010|BR0146,3.0,392.730132,293.167497,173.901981,398.7301317951907,299.1674972955107,179.90198076620362,2,4,10,80,142.2829009359228
t3_0_c00715,par_factible,BR0075|BR0274,3.0,393.464677,292.464732,264.169638,399.4646774800847,298.4647324609557,270.1696379482565,2,4,6,48,142.28938021224064
t3_0_c00716,par_factible,BR0200|BR0314,3.0,393.092667,290.843049,170.745381,399.09266709096903,296.8430487983549,176.74538118602428,2,4,10,80,141.88291863187033
t3_0_c00717,par_factible,BR0006|BR0400,3.0,389.876664,289.029929,290.550599,395.87666427794005,295.02992944831897,296.55059903732564,2,4,6,48,140.8576133998489
t3_0_c00718,par_factible,BR0028|BR0163,3.0,387.194491,286.885038,215.663179,393.1944912857159,292.8850375847532,221.6631793945378,2,4,8,64,139.87350231813846
t3_0_c00719,par_factible,BR0158|BR0316,3.0,386.665339,286.964544,165.159887,392.6653392437671,292.9645441852866,171.15988693570904,2,4,10,80,139.78183148400686
t3_0_c00720,par_factible,BR0104|BR0154,3.0,393.810485,291.914768,208.014996,399.81048549599535,297.9147680032968,214.01499599248655,2,4,8,64,142.24775810383122
t3_0_c00721,par_factible,BR0144|BR0155,3.0,380.665933,287.810488,210.290927,386.66593312679896,293.8104882884696,216.29092738133212,2,4,8,64,138.73117663919848
t3_0_c00722,par_factible,BR0163|BR0168,3.0,393.09705,291.391576,206.248279,399.09705032652903,297.39157562385986,212.2482794650082,2,4,8,64,141.99564239559407
t3_0_c00723,par_factible,BR0063|BR0382,3.0,393.521733,267.627191,218.857588,399.52173301517655,273.62719127935196,224.85758792520357,2,4,8,64,137.23729343415465
t3_0_c00724,par_factible,BR0149|BR0269,3.0,391.293632,290.069052,178.964539,397.2936318500226,296.06905208671833,184.9645386064901,2,4,9,72,141.3583453489788
t3_0_c00725,par_factible,BR0008|BR0220,3.0,390.150493,269.951086,192.865223,396.1504926222541,275.9510856592705,198.8652225729139,2,4,9,72,137.02376723374607
t3_0_c00726,par_factible,BR0198|BR0387,3.0,393.610058,292.236633,190.987776,399.6100582652971,298.23663271326234,196.9877759113953,2,4,9,72,142.2725159997063
t3_0_c00727,par_factible,BR0165|BR0213,3.0,389.743308,290.94845,200.030317,395.74330825995327,296.9484495326032,206.03031652901228,2,4,8,64,141.22156122172404
t3_0_c00728,par_factible,BR0229|BR0340,3.0,392.947647,270.185684,211.438331,398.94764693331933,276.1856844648093,217.4383310333035,2,4,8,64,137.6418616509946
t3_0_c00729,par_factible,BR0159|BR0170,3.0,391.87178,302.114971,152.925866,397.87178046828876,308.1149708023123,158.92586622914985,2,3,11,66,143.93205938238555
t3_0_c00730,par_factible,BR0132|BR0334,3.0,387.007679,254.983,238.654587,393.00767850354794,260.9829995079926,244.65458676646017,2,4,7,56,133.33143282600213
t3_0_c00731,par_factible,BR0245|BR0321,3.0,385.205277,249.606241,241.04194,391.20527676290135,255.60624096624846,247.04193969798578,2,4,7,56,131.86779158596326
t3_0_c00732,par_factible,BR0014|BR0157,3.0,390.413956,289.270444,250.244134,396.4139560680947,295.2704441333551,256.24413449988947,2,4,7,56,141.01618760478078
t3_0_c00733,par_factible,BR0191|BR0384,3.0,386.794825,263.807422,215.084533,392.7948249393864,269.8074224854708,221.0845326218743,2,4,8,64,135.08710446989951
t3_0_c00734,par_factible,BR0118|BR0173,3.0,393.265911,293.473744,221.85916,399.26591148641984,299.4737443105447,227.8591604933451,2,4,7,56,142.4545679504515
t3_0_c00735,par_factible,BR0158|BR0210,3.0,390.674211,289.984981,166.694269,396.6742108308346,295.9849812352587,172.69426892705064,2,4,10,80,141.2149219298865
t3_0_c00736,par_factible,BR0017|BR0162,3.0,392.381135,292.521179,228.176751,398.3811346239362,298.52117878013945,234.17675077214014,2,4,7,56,142.0799823453773
t3_0_c00737,par_factible,BR0091|BR0112,3.0,390.763804,253.173824,211.712201,396.7638039951409,259.17382437202,217.71220053417534,2,4,8,64,133.7283646008483
t3_0_c00738,par_factible,BR0030|BR0102,3.0,391.781301,292.409452,181.666019,397.78130077477704,298.40945195731587,187.66601862965825,2,4,9,72,141.93491391072232
t3_0_c00739,par_factible,BR0171|BR0405,3.0,391.365859,290.342311,173.905414,397.36585879371,296.34231063422135,179.90541422765682,2,4,10,80,141.42878071925205
t3_0_c00740,par_factible,BR0285|BR0392,3.0,392.371686,292.43695,171.142609,398.37168639160643,298.4369503384094,177.14260903489378,2,4,10,80,142.0608841447535
t3_0_c00741,par_factible,BR0111|BR0395,3.0,391.222855,261.46406,199.860366,397.2228551020599,267.46406042838544,205.86036616028431,2,4,8,64,135.51211325799088
t3_0_c00742,par_factible,BR0005|BR0272,3.0,392.717341,291.113118,244.304802,398.71734073210183,297.1131184147039,250.3048024277582,2,4,7,56,141.86145956102052
t3_0_c00743,par_factible,BR0097|BR0234,3.0,386.995476,251.164031,189.708688,392.99547642153635,257.1640314535038,195.70868772186486,2,4,9,72,132.5503583843099
t3_0_c00744,par_factible,BR0156|BR0285,3.0,390.572761,290.628813,171.290328,396.5727611501835,296.6288129615542,177.29032823448546,2,4,10,80,141.32549930922278
t3_0_c00745,par_factible,BR0210|BR0221,3.0,391.511025,270.530731,178.299578,397.5110246818096,276.53073103988686,184.29957824217027,2,4,9,72,137.4193181899483
t3_0_c00746,par_factible,BR0042|BR0337,3.0,391.598002,261.783632,193.648343,397.5980024399903,267.7836318508302,199.6483427087091,2,4,9,72,135.65374807152304
t3_0_c00747,par_factible,BR0240|BR0327,3.0,390.117716,260.630267,250.359875,396.117716327336,266.63026683121274,256.3598754882704,2,4,7,56,135.11681613833818
t3_0_c00748,par_factible,BR0031|BR0181,3.0,390.86901,270.198495,176.654977,396.8690102096831,276.1984945456461,182.65497734585549,2,4,9,72,137.22069413972054
t3_0_c00749,par_factible,BR0131|BR0232,3.0,389.734986,290.942484,268.093089,395.7349861050308,296.94248352024937,274.0930893183217,2,4,6,48,141.21864824164734
t3_0_c00750,par_factible,BR0136|BR0344,3.0,391.015453,269.915658,291.622731,397.01545341698335,275.91565767183477,297.62273086664743,2,4,6,48,137.19288707213417
t3_0_c00751,par_factible,BR0261|BR0385,3.0,390.503774,267.652267,205.187236,396.5037736184112,273.65226739827153,211.1872364759869,2,4,8,64,136.62712355080177
t3_0_c00752,par_factible,BR0030|BR0221,3.0,392.672124,270.700746,173.397019,398.67212430228534,276.70074599088264,179.39701917132285,2,4,10,80,137.69069730747563
t3_0_c00753,par_factible,BR0134|BR0274,3.0,387.631506,287.208836,265.748772,393.6315061491995,293.2088361623602,271.74877180276843,2,4,6,48,140.02861209206108
t3_0_c00754,par_factible,BR0038|BR0339,3.0,388.682728,251.844575,240.643587,394.6827283123589,257.8445754847358,246.64358678684425,2,4,7,56,133.03308945914264
t3_0_c00755,par_factible,BR0314|BR0392,3.0,393.971349,292.027151,170.686898,399.97134872265076,298.02715111773125,176.68689763325733,2,4,10,80,142.30346581863037
t3_0_c00756,par_factible,BR0326|BR0332,3.0,391.216607,261.458738,249.834534,397.21660662564136,267.4587376277274,255.83453394059768,2,4,7,56,135.50975418009557
t3_0_c00757,par_factible,BR0313|BR0396,3.0,393.258287,292.762761,207.169232,399.25828651973046,298.76276129588615,213.16923234860474,2,4,8,64,142.30806275547738
t3_0_c00758,par_factible,BR0226|BR0286,3.0,387.200646,268.327971,190.810563,393.20064571003076,274.3279713080095,196.81056313958973,2,4,9,72,136.09146116575744
t3_0_c00759,par_factible,BR0329|BR0337,3.0,389.623338,252.288741,216.449028,395.62333798514425,258.2887410452109,222.44902847238774,2,4,8,64,133.31540856887975
t3_0_c00760,par_factible,BR0222|BR0288,3.0,387.970028,255.761335,208.710302,393.97002811812797,261.7613353270565,214.71030191775284,2,4,8,64,133.68631262898765
t3_0_c00761,par_factible,BR0023|BR0076,3.0,389.606382,252.434542,172.873586,395.60638197603254,258.43454230566033,178.87358623599533,2,4,10,80,133.34167671390273
t3_0_c00762,par_factible,BR0031|BR0419,3.0,390.56794,291.539614,177.639992,396.5679399784582,297.53961408863927,183.63999168429427,2,4,9,72,141.51020470277214
t3_0_c00763,par_factible,BR0137|BR0403,3.0,389.961272,252.661222,316.32466,395.96127161029153,258.661221544359,322.32466038611216,2,4,5,40,133.460243252732
t3_0_c00764,par_factible,BR0046|BR0179,3.0,400.331247,267.370267,151.854048,406.3312470210561,273.3702670683308,157.8540480633286,1,4,11,44,138.57319349426845
t3_0_c00765,par_factible,BR0195|BR0344,3.0,412.008331,270.803097,304.945459,418.0083314080494,276.8030969093065,310.9454591827354,1,4,5,20,141.65370607897162
t3_0_c00766,par_factible,BR0004|BR0182,3.0,390.156782,306.222261,236.52122,396.15678226663886,312.2222613296271,242.5212204704853,2,3,7,42,144.4197846271694
t3_0_c00767,par_factible,BR0053|BR0302,3.0,387.493719,252.748504,213.150998,393.4937193274896,258.74850388901734,219.1509977112369,2,4,8,64,132.9749690553531
t3_0_c00768,par_factible,BR0199|BR0237,3.0,392.097309,291.041302,224.239032,398.09730937239925,297.0413018021933,230.23903164083276,2,4,7,56,141.72041002540112
t3_0_c00769,par_factible,BR0133|BR0409,3.0,392.182298,233.490099,243.07179,398.18229778003706,239.49009904896573,249.07179040435528,2,5,7,70,130.00456612212085
t3_0_c00770,par_factible,BR0114|BR0135,3.0,390.02899,291.15325,268.638546,396.0289904944715,297.1532503031127,274.63854632838655,2,4,6,48,141.3215577568979
t3_0_c00771,par_factible,BR0204|BR0288,3.0,393.761648,260.445522,218.892277,399.76164831078955,266.4455222151338,224.89227736391695,2,4,8,64,135.82205311435746
t3_0_c00772,par_factible,BR0263|BR0302,3.0,388.377753,257.311287,193.12188,394.37775319879944,263.311286672509,199.12188024229553,2,4,9,72,134.08543116642375
t3_0_c00773,par_factible,BR0092|BR0187,3.0,411.41167,266.946503,265.536897,417.41166991745985,272.94650338155793,271.53689747637543,1,4,6,24,140.7458049539282
t3_0_c00774,par_factible,BR0023|BR0314,3.0,391.820188,263.459139,189.104785,397.8201881949532,269.4591387509873,195.10478526495805,2,4,9,72,136.0406375017208
t3_0_c00775,par_factible,BR0235|BR0240,3.0,387.987512,258.708015,264.576322,393.9875118737755,264.7080146484422,270.57632172363253,2,4,6,48,134.29062722165497
t3_0_c00776,par_factible,BR0212|BR0256,3.0,392.772674,284.39666,353.128818,398.77267428793255,290.3966604917416,359.1288178815149,2,4,5,40,140.5034321671099
t3_0_c00777,par_factible,BR0107|BR0132,3.0,388.424113,256.128593,240.527054,394.4241131056385,262.1285933436067,246.52705420374573,2,4,7,56,133.85376278272074
t3_0_c00778,par_factible,BR0101|BR0314,3.0,391.988421,290.714392,171.302154,397.9884205847285,296.714392076397,177.30215437554241,2,4,10,80,141.63156221429674
t3_0_c00779,par_factible,BR0055|BR0240,3.0,388.120845,253.797835,243.958579,394.1208453402356,259.7978347433625,249.9585788293026,2,4,7,56,133.31675434935738
t3_0_c00780,par_factible,BR0263|BR0420,3.0,388.379776,259.042167,203.205672,394.379775884634,265.04216700739414,209.2056724087497,2,4,8,64,134.43872434088237
t3_0_c00781,par_factible,BR0175|BR0348,3.0,390.300391,289.543987,289.213797,396.30039102204404,295.54398731544666,295.2137969351364,2,4,6,48,141.04880292303582
t3_0_c00782,par_factible,BR0034|BR0302,3.0,393.089833,255.14538,192.426616,399.0898331589953,261.1453798340708,198.42661605159802,2,4,9,72,134.60452864282695
t3_0_c00783,par_factible,BR0075|BR0077,3.0,390.993466,291.844667,266.404093,396.9934663122799,297.8446667328323,272.40409311974895,2,4,6,48,141.65915046791278
t3_0_c00784,par_factible,BR0080|BR0190,3.0,390.395895,267.540436,259.060872,396.3958948361502,273.5404359271269,265.0608715984661,2,4,6,48,136.58233043084138
t3_0_c00785,par_factible,BR0027|BR0036,3.0,389.478387,289.662734,167.329865,395.47838716185566,295.6627338652735,173.32986474175652,2,4,10,80,140.9054273245931
t3_0_c00786,par_factible,BR0089|BR0132,3.0,389.947958,248.026798,234.716218,395.9479581224168,254.02679791611902,240.71621797157323,2,4,7,56,132.51269236259648
t3_0_c00787,par_factible,BR0075|BR0196,3.0,392.998477,292.581363,264.377584,398.99847699166156,298.5813627949955,270.3775836237519,2,4,6,48,142.21811208698412
t3_0_c00788,par_factible,BR0323|BR0372,3.0,387.571368,306.796277,245.825564,393.57136838008023,312.7962768730265,251.8255639372614,2,3,7,42,144.00971360919607
t3_0_c00789,par_factible,BR0363|BR0410,3.0,384.761279,285.393696,279.102035,390.7612792429452,291.39369556927807,285.1020348929345,2,4,6,48,139.07338936029015
t3_0_c00790,par_factible,BR0197|BR0261,3.0,391.676996,270.580467,204.550919,397.6769958112485,276.58046717488673,210.55091942538007,2,4,8,64,137.46329520614378
t3_0_c00791,par_factible,BR0242|BR0374,3.0,392.667021,291.9171,249.902688,398.6670213062045,297.9170998680297,255.90268789663716,2,4,7,56,142.01511135050646
t3_0_c00792,par_factible,BR0136XL|BR0251,3.0,389.537309,269.888314,306.296204,395.5373085943458,275.88831394476966,312.29620375321736,2,4,5,40,136.88595770420295
t3_0_c00793,par_factible,BR0214|BR0314,3.0,393.330285,291.896534,181.26856,399.33028468301904,297.89653383091536,187.2685599616513,2,4,9,72,142.14614036981334
t3_0_c00794,par_factible,BR0339|BR0353,3.0,390.736057,233.523319,258.159667,396.73605655781535,239.52331852505066,264.1596673788108,2,5,6,60,129.71648829416227
t3_0_c00795,par_factible,BR0161|BR0209XL,3.0,389.193016,289.58069,187.392145,395.1930158793342,295.5806896348393,193.3921445111786,2,4,9,72,140.83052100187024
t3_0_c00796,par_factible,BR0171|BR0209,3.0,389.522847,288.84804,173.500302,395.5228470033552,294.8480401649019,179.50030173487787,2,4,10,80,140.7483969761992
t3_0_c00797,par_factible,BR0040|BR0095,3.0,385.551311,262.518346,232.679836,391.55131135721507,268.5183464469025,238.6798356760243,2,4,7,56,134.57077631072733
t3_0_c00798,par_factible,BR0084|BR0137,3.0,412.894306,267.908519,281.752451,418.8943060337966,273.9085191822345,287.75245060685387,1,4,6,24,141.24420493700939
t3_0_c00799,par_factible,BR0279|BR0377,3.0,393.703024,293.773218,251.03145,399.7030241621804,299.7732184276655,257.0314498185022,2,4,7,56,142.6047385504273
t3_0_c00800,par_factible,BR0034|BR0314,3.0,393.016841,261.578174,189.884682,399.01684071649265,267.5781738814786,195.88468199191885,2,4,9,72,135.90112428093195
t3_0_c00801,par_factible,BR0232|BR0305,3.0,392.639428,292.931396,250.931389,398.6394283180485,298.9313964693084,256.93138868479286,2,4,7,56,142.2162741666375
t3_0_c00802,par_factible,BR0093|BR0327,3.0,390.280776,260.661545,250.225246,396.2807755212799,266.6615445066493,256.2252462140809,2,4,7,56,135.15643629519454
t3_0_c00803,par_factible,BR0150|BR0270,3.0,388.613362,288.103496,193.624222,394.6133618499241,294.1034960013157,199.62422210362385,2,4,9,72,140.41118406753105
t3_0_c00804,par_factible,BR0027|BR0275,3.0,389.882823,289.034446,167.519644,395.8828232322655,295.0344460717015,173.51964441703527,2,4,10,80,140.85978986829093
t3_0_c00805,par_factible,BR0068|BR0312,3.0,391.99837,291.458036,208.765475,397.99837021356836,297.45803599613384,214.76547533518573,2,4,8,64,141.78520004275273
t3_0_c00806,par_factible,BR0087|BR0324,3.0,389.751206,260.328214,200.334396,395.7512063191278,266.3282136124937,206.33439640503246,2,4,8,64,134.9805137475273
t3_0_c00807,par_factible,BR0285|BR0314XL,3.0,390.649511,290.9525,172.958101,396.64951108295014,296.9525004419889,178.9581014866951,2,4,10,80,141.4071379255737
t3_0_c00808,par_factible,BR0029|BR0319,3.0,392.515907,291.204007,165.156184,398.51590669275794,297.2040073273857,171.15618404013986,2,4,10,80,141.83892232826577
t3_0_c00809,par_factible,BR0107|BR0382,3.0,384.559801,261.490507,237.962416,390.5598006690582,267.4905067124498,243.96241560905645,2,4,7,56,134.15908407370193
t3_0_c00810,par_factible,BR0306|BR0372,3.0,392.692752,291.934765,254.970604,398.6927521958695,297.9347654666761,260.97060414198984,2,4,6,48,142.02395874873508
t3_0_c00811,par_factible,BR0033|BR0211,3.0,392.159628,292.570425,179.204426,398.159627665893,298.57042504049457,185.20442619279933,2,4,9,72,142.04486293708206
t3_0_c00812,par_factible,BR0177|BR0265,3.0,389.105439,259.660328,172.979794,395.10543943918304,265.6603276896021,178.97979375897205,2,4,10,80,134.71269462360556
t3_0_c00813,par_factible,BR0253|BR0256,3.0,390.939882,270.664985,343.648915,396.939881731385,276.6649848737939,349.6489152606723,2,4,5,40,137.33024803367562
t3_0_c00814,par_factible,BR0134|BR0196,3.0,387.710554,287.441429,268.721256,393.71055416321036,293.4414286937298,274.72125625820786,2,4,6,48,140.09214737144546
t3_0_c00815,par_factible,BR0125|BR0147,3.0,391.837759,290.797684,209.865359,397.8377591128959,296.7976839058932,215.86535940581712,2,4,8,64,141.6178273228928
t3_0_c00816,par_factible,BR0314|BR0314XL,3.0,393.960438,291.782884,171.016441,399.9604376119861,297.7828841815196,177.01644111771276,2,4,10,80,142.25144175198892
t3_0_c00817,par_factible,BR0113|BR0257,3.0,389.264205,288.580787,283.030959,395.26420460259715,294.5807866970701,289.03095921367947,2,4,6,48,140.6411806931024
t3_0_c00818,par_factible,BR0120|BR0153,3.0,388.416482,291.45302,226.24298,394.4164823199849,297.4530200445084,232.2429797576644,2,4,7,56,141.05392504882633
t3_0_c00819,par_factible,BR0165|BR0268,3.0,389.500948,289.506038,184.888908,395.50094786074436,295.5060378378194,190.88890769695632,2,4,9,72,140.87808067249006
t3_0_c00820,par_factible,BR0229|BR0394,3.0,392.551528,262.595898,193.464461,398.55152805718444,268.5958981446692,199.46446068494646,2,4,9,72,136.01374642239625
t3_0_c00821,par_factible,BR0156|BR0219,3.0,393.795642,293.853499,168.024143,399.795641727023,299.853498976146,174.02414338653801,2,4,10,80,142.63998791094167
t3_0_c00822,par_factible,BR0147|BR0396,3.0,385.025651,287.028854,216.382815,391.0256509475831,293.028853843219,222.38281487761725,2,4,8,64,139.46065337223283
t3_0_c00823,par_factible,BR0218|BR0275,3.0,388.768328,288.217139,166.505798,394.7683281942077,294.21713941822077,172.50579838986377,2,4,10,80,140.46594650610163
t3_0_c00824,par_factible,BR0132|BR0388,3.0,392.659324,259.334594,218.582127,398.65932446333306,265.33459380796546,224.58212703902018,2,4,8,64,135.37082941310877
t3_0_c00825,par_factible,BR0012|BR0103,3.0,393.005952,286.758341,209.629271,399.0059518946739,292.7583407809558,215.62927131221676,2,4,8,64,141.03247557097444
t3_0_c00826,par_factible,BR0236|BR0327,3.0,393.715306,263.587269,251.072617,399.7153060049982,269.58726909839754,257.07261707496633,2,4,7,56,136.45312438397465
t3_0_c00827,par_factible,BR0085|BR0093,3.0,388.247767,265.313601,262.680609,394.24776734855027,271.31360084325144,268.68060876489346,2,4,6,48,135.69039106866495
t3_0_c00828,par_factible,BR0030|BR0156,3.0,392.312695,291.149646,170.225584,398.312695000605,297.14964597818835,176.22558423591943,2,4,10,80,141.78640998548283
t3_0_c00829,par_factible,BR0239|BR0332,3.0,391.310361,261.538603,249.698403,397.31036064862565,267.53860253267464,255.6984034954925,2,4,7,56,135.54515049567794
t3_0_c00830,par_factible,BR0120|BR0273,3.0,383.579486,287.543347,216.546372,389.5794858211785,293.5433468397438,222.54637208478357,2,4,8,64,139.2707100226141
t3_0_c00831,par_factible,BR0097|BR0289,3.0,389.212891,257.96351,192.990143,395.21289138605755,263.9635097387244,198.99014334488285,2,4,9,72,134.388664857244
t3_0_c00832,par_factible,BR0156|BR0338,3.0,393.722171,291.850003,169.209167,399.7221710044669,297.85000322726796,175.20916721090137,2,4,10,80,142.2165492827186
t3_0_c00833,par_factible,BR0229|BR0289,3.0,392.434246,262.495991,193.595934,398.4342462222054,268.49599093744234,199.5959344376453,2,4,9,72,135.9694673108354
t3_0_c00834,par_factible,BR0009|BR0217,3.0,391.61037,292.286914,172.640551,397.61036965491894,298.2869143234654,178.6405508845981,2,4,10,80,141.87508337989487
t3_0_c00835,par_factible,BR0127|BR0169,3.0,386.61271,287.113603,207.489533,392.61271023512455,293.1136029708521,213.48953260448033,2,4,8,64,139.80149096961807
t3_0_c00836,par_factible,BR0250|BR0345,3.0,391.620708,301.912462,305.140605,397.620708264709,307.91246180158066,311.14060538564627,2,3,5,30,143.83958615011
t3_0_c00837,par_factible,BR0136|BR0399,3.0,391.981945,290.590784,288.816302,397.9819448638659,296.5907836027912,294.8163016293145,2,4,6,48,141.6050414814795
t3_0_c00838,par_factible,BR0030|BR0276,3.0,387.158758,282.994272,168.226504,393.1587576318585,288.9942723940786,174.22650351774678,2,4,10,80,139.07299286971195
t3_0_c00839,par_factible,BR0016|BR0114,3.0,392.941435,293.241133,258.747565,398.9414352662797,299.2411327867348,264.7475650104172,2,4,6,48,142.3409924674851
t3_0_c00840,par_factible,BR0266|BR0292,3.0,390.90886,311.000096,264.47551,396.9088598353525,317.00009590845866,270.4755103547683,2,3,6,36,145.54718771535394
t3_0_c00841,par_factible,BR0021|BR0227,3.0,387.338689,258.339977,188.89525,393.3386885830988,264.3399766447039,194.89525008796392,2,4,9,72,134.0833160505204
t3_0_c00842,par_factible,BR0160|BR0167,3.0,392.89204,293.205722,157.163435,398.89204035032765,299.2057224054652,163.1634353794307,2,4,11,88,142.3237029063798
t3_0_c00843,par_factible,BR0287|BR0348,3.0,387.597982,287.519153,293.281222,393.5979821957374,293.51915274017864,299.281221754127,2,4,6,48,140.08504280039062
t3_0_c00844,par_factible,BR0344|BR0399,3.0,393.191488,270.998199,308.7444,399.19148833538776,276.9981990160243,314.744400194052,2,4,5,40,137.857224740349
t3_0_c00845,par_factible,BR0245|BR0388,3.0,392.360001,233.64073,237.406423,398.360001330317,239.64073043905674,243.40642259604442,2,5,7,70,130.07150494788453
t3_0_c00846,par_factible,BR0289|BR0394,3.0,388.128689,258.991043,192.761427,394.12868894797316,264.99104250281283,198.7614272136348,2,4,9,72,134.37711140688808
t3_0_c00847,par_factible,BR0003|BR0294,3.0,389.400369,301.606175,172.225844,395.4003688267652,307.6061747801748,178.22584438782047,2,3,10,60,143.32447372210805
t3_0_c00848,par_factible,BR0215|BR0219,3.0,393.738722,314.564518,168.031595,399.738721696301,320.5645176659755,174.0315945274704,2,3,10,60,146.8508133256425
t3_0_c00849,par_factible,BR0207|BR0396,3.0,392.339777,290.836235,204.672571,398.3397773053434,296.83623508165783,210.67257063471996,2,4,8,64,141.72803514515826
t3_0_c00850,par_factible,BR0193|BR0235,3.0,388.177771,265.24104,278.373173,394.17777094999184,271.2410397699657,284.3731734265111,2,4,6,48,135.6613273639057
t3_0_c00851,par_factible,BR0238|BR0348,3.0,390.477287,291.276672,287.363143,396.47728656202315,297.2766715133321,293.3631425515257,2,4,6,48,141.43811581556682
t3_0_c00852,par_factible,BR0097|BR0302,3.0,393.79411,233.95096,209.483883,399.7941102208086,239.95096001451557,215.4838825883871,2,5,8,80,130.42712950771136
t3_0_c00853,par_factible,BR0277|BR0279,3.0,393.122327,291.277165,272.838482,399.1223272909443,297.277164780337,278.8384819691651,2,4,6,48,141.9774703509238
t3_0_c00854,par_factible,BR0301|BR0404,3.0,385.979401,250.372239,242.157396,391.9794005142297,256.3722393403478,248.15739585200848,2,4,7,56,132.18178182560195
t3_0_c00855,par_factible,BR0213|BR0294,3.0,393.15627,313.830876,183.835619,399.15626971381135,319.8308760180404,189.83561897894273,2,3,9,54,146.58249658141727
t3_0_c00856,par_factible,BR0026|BR0396,3.0,392.307709,291.197474,214.216975,398.3077085923587,297.1974744190704,220.21697506463892,2,4,8,64,141.79514434483775
t3_0_c00857,par_factible,BR0118|BR0358,3.0,392.863241,313.461785,232.610274,398.86324136739734,319.4617849935134,238.6102741745769,2,3,7,42,146.4475079227137
t3_0_c00858,par_factible,BR0185|BR0236,3.0,390.188076,267.325003,274.780045,396.18807638125116,273.32500298419524,280.78004466123804,2,4,6,48,136.49604064535094
t3_0_c00859,par_factible,BR0117|BR0399,3.0,404.093014,299.405705,271.911884,410.0930141152497,305.4057047589674,277.911883637315,1,3,6,18,145.87129844530418
t3_0_c00860,par_factible,BR0115|BR0292,3.0,392.806521,292.012874,280.311434,398.80652102653636,298.01287370650726,286.31143413401924,2,4,6,48,142.06307741754202
t3_0_c00861,par_factible,BR0219|BR0230,3.0,414.004399,310.241271,143.827313,420.0043991615919,316.24127127045875,149.82731280424133,1,3,12,36,150.1010541145873
t3_0_c00862,par_factible,BR0097|BR0420,3.0,392.819501,254.953491,204.130969,398.8195007278549,260.9534905428006,210.13096878404423,2,4,8,64,134.51029383703474
t3_0_c00863,par_factible,BR0195|BR0399,3.0,393.870199,293.906948,293.913017,399.87019916229,299.9069479426722,299.9130165486069,2,4,6,48,142.66608503668957
t3_0_c00864,par_factible,BR0037|BR0185,3.0,411.921883,267.277558,260.328314,417.9218830964412,273.2775577343321,266.328313871742,1,4,6,24,140.9173171928182
t3_0_c00865,par_factible,BR0185|BR0354,3.0,386.401087,263.399258,281.608576,392.4010871035702,269.39925805775124,287.6085763425408,2,4,6,48,134.92361776989225
t3_0_c00866,par_factible,BR0115|BR0410,3.0,384.062354,284.870012,285.556007,390.06235384100444,290.8700115487086,291.5560072421635,2,4,6,48,138.82413157792314
t3_0_c00867,par_factible,BR0115|BR0185,3.0,393.160823,270.98764,293.237869,399.16082312158994,276.98763998931577,299.2378691287319,2,4,6,48,137.84882020609697
t3_0_c00868,par_factible,BR0247|BR0410,3.0,392.539786,270.739341,293.760217,398.53978551092644,276.73934149979397,299.76021732920566,2,4,6,48,137.67158552716012
t3_0_c00869,par_factible,BR0087|BR0128,3.0,389.908331,252.627407,212.63563,395.90833099152195,258.6274066960218,218.63563004629643,2,4,8,64,133.44255610347477
t3_0_c00870,par_factible,BR0018|BR0292,3.0,392.071989,291.508579,281.322419,398.0719890731293,297.5085791853798,287.3224194756078,2,4,6,48,141.8105134064239
t3_0_c00871,par_factible,BR0078|BR0306,3.0,388.947852,290.3782,269.157675,394.94785152171875,296.37820002733696,275.15767546811287,2,4,6,48,140.9431297755465
t3_0_c00872,par_factible,BR0081|BR0085,3.0,383.177735,260.057802,276.563761,389.1777345616672,266.0578015709072,282.5637608523907,2,4,6,48,133.5852265305962
t3_0_c00873,par_factible,BR0121|BR0122,3.0,389.318632,290.644007,363.718096,395.31863244486334,296.64400661092895,369.7180962200055,2,4,4,32,141.07291316122166
t3_0_c00874,par_factible,BR0112|BR0300,3.0,388.982787,252.457095,213.285363,394.9827870675105,258.4570948053296,219.2853632900037,2,4,8,64,133.2191400352375
t3_0_c00875,par_factible,BR0185|BR0249,3.0,390.996813,270.242501,300.897762,396.996812508816,276.24250101821957,306.8977616623454,2,4,5,40,137.25572141223967
t3_0_c00876,par_factible,BR0314XL|BR0402,3.0,393.336821,292.621108,170.79692,399.33682057227963,298.6211079535806,176.79692016470653,2,4,10,80,142.29519439874827
t3_0_c00877,par_factible,BR0085|BR0238,3.0,392.359825,267.164412,277.03769,398.3598245384182,273.16441221996416,283.0376897594362,2,4,6,48,136.90606253993522
t3_0_c00878,par_factible,BR0011|BR0252,3.0,398.81609,269.124617,300.01893,404.8160904411331,275.1246169066772,306.01892956215687,1,4,5,20,138.62195868456885
t3_0_c00879,par_factible,BR0115|BR0305,3.0,383.758163,289.807271,280.913668,389.7581625680063,295.80727107915993,286.91366753462836,2,4,6,48,139.76869187505935
t3_0_c00880,par_factible,BR0206|BR0308,3.0,386.392371,286.615824,205.135044,392.39237072859515,292.6158239176683,211.1350441597829,2,4,8,64,139.65508555479377
t3_0_c00881,par_factible,BR0018|BR0410,3.0,388.313109,288.054976,284.242093,394.3131087755412,294.05497582156596,290.24209285269944,2,4,6,48,140.34007840919614
t3_0_c00882,par_factible,BR0023|BR0262,3.0,391.709901,261.878954,189.526226,397.7099012574461,267.87895350354813,195.5262259782703,2,4,9,72,135.69599485443308
t3_0_c00883,par_factible,BR0311|BR0367,3.0,390.722066,291.650104,209.30948,396.72206585338995,297.6501043261394,215.30948035368445,2,4,8,64,141.56415294180007
t3_0_c00884,par_factible,BR0284|BR0308,3.0,382.559734,283.899592,209.172478,388.559733605724,289.8995917810899,215.17247803499515,2,4,8,64,138.31994401362158
t3_0_c00885,par_factible,BR0085|BR0356,3.0,383.203398,260.084406,271.48937,389.20339837934023,266.08440571331045,277.48937002783026,2,4,6,48,133.59588258769637
t3_0_c00886,par_factible,BR0242|BR0310XL,3.0,389.37235,290.934039,264.802742,395.37235046915254,296.93403861842535,270.80274241435956,2,4,6,48,141.14299471714125
t3_0_c00887,par_factible,BR0064|BR0236,3.0,391.710649,265.893175,250.169011,397.71064906588305,271.8931747278533,256.1690105374578,2,4,7,56,136.51454103847837
t3_0_c00888,par_factible,BR0302|BR0359,3.0,392.52861,255.620282,217.596727,398.5286096280327,261.62028207017556,223.59672703530595,2,4,8,64,134.58693000982836
t3_0_c00889,par_factible,BR0155|BR0199,3.0,390.297365,291.123846,215.374821,396.2973648577277,297.12384589579403,221.37482085969896,2,4,8,64,141.37027742171696
t3_0_c00890,par_factible,BR0192|BR0265,3.0,390.644652,252.950062,191.287617,396.6446524450714,258.9500621576442,197.28761710616098,2,4,9,72,133.65845353776058
t3_0_c00891,par_factible,BR0321|BR0418,3.0,386.768453,250.440147,239.268368,392.7684532698529,256.44014728700654,245.2683677625286,2,4,7,56,132.35649348763698
t3_0_c00892,par_factible,BR0071|BR0133,3.0,392.540057,259.457515,218.544953,398.5400567996532,265.45751493069514,224.54495270250203,2,4,8,64,135.37157425695173
t3_0_c00893,par_factible,BR0194|BR0310XL,3.0,392.213799,312.685519,272.66174,398.2137986076684,318.6855188277455,278.6617404721848,2,3,6,36,146.15684351384584
t3_0_c00894,par_factible,BR0139|BR0372,3.0,388.999222,308.594765,262.975496,394.9992221127257,314.5947649834981,268.9754964097905,2,3,6,36,144.66747953032086
t3_0_c00895,par_factible,BR0136XL|BR0306,3.0,391.572887,293.655391,271.475925,397.57288673573083,299.65539121067803,277.4759249533365,2,4,6,48,142.14643790956347
t3_0_c00896,par_factible,BR0123|BR0143,3.0,388.606314,288.274666,273.956623,394.60631400712884,294.274665782903,279.9566227675259,2,4,6,48,140.4446441977639
t3_0_c00897,par_factible,BR0022|BR0133,3.0,385.182177,253.506558,236.050641,391.18217710652436,259.50655778293964,242.05064149886306,2,4,7,56,132.6582538000946
t3_0_c00898,par_factible,BR0272|BR0310XL,3.0,392.620616,305.045251,250.463678,398.62061634815166,311.04525122608237,256.46367811743505,2,3,7,42,144.68213406202526
t3_0_c00899,par_factible,BR0008|BR0197,3.0,392.750298,291.137287,189.588325,398.7502980276846,297.1372874024882,195.58832462249376,2,4,9,72,141.873106101972
t3_0_c00900,par_factible,BR0258|BR0373,3.0,393.627583,292.576576,290.355304,399.6275830909494,298.57657566483397,296.3553038600789,2,4,6,48,142.3453942417499
t3_0_c00901,par_factible,BR0027|BR0209XL,3.0,391.391339,291.12945,177.344502,397.39133904522083,297.12945019336576,183.34450204716777,2,4,9,72,141.59445244415627
t3_0_c00902,par_factible,BR0299|BR0411,3.0,392.858406,291.081617,211.42027,398.85840647160967,297.08161723026,217.42026982685155,2,4,8,64,141.8837968811151
t3_0_c00903,par_factible,BR0090|BR0265,3.0,393.828609,263.688538,195.733748,399.8286092999879,269.6885384789405,201.7337484222808,2,4,8,64,136.49687008744715
t3_0_c00904,par_factible,BR0148|BR0314XL,3.0,391.940484,291.667804,184.747003,397.94048434021846,297.66780371604483,190.74700268697472,2,4,9,72,141.81616474133807
t3_0_c00905,par_factible,BR0001|BR0194,3.0,391.594751,291.18093,293.356811,397.59475086199285,297.18093024644327,299.3568107286983,2,4,6,48,141.64641816685753
t3_0_c00906,par_factible,BR0075|BR0143,3.0,391.391593,291.134892,266.781926,397.39159344437786,297.1348917160644,272.78192610057226,2,4,6,48,141.59561369224102
t3_0_c00907,par_factible,BR0033|BR0146,3.0,393.227655,293.548226,178.122394,399.22765526515536,299.54822587977765,184.12239367421842,2,4,9,72,142.46195334249398
t3_0_c00908,par_factible,BR0283|BR0323,3.0,391.821145,292.438016,239.792155,397.8211452972218,298.4380158227275,245.79215497618532,2,4,7,56,141.94886057491323
t3_0_c00909,par_factible,BR0177|BR0200,3.0,392.371898,270.715988,177.72055,398.3718980717818,276.7159875323379,183.72054991410403,2,4,9,72,137.63259645343928
t3_0_c00910,par_factible,BR0109|BR0362,3.0,415.530583,311.384943,276.509229,421.5305832296516,317.38494338221994,282.5092285969115,1,3,6,18,150.64536730109512
t3_0_c00911,par_factible,BR0082|BR0266,3.0,393.003293,313.63819,265.59611,399.0032929716596,319.63819041891475,271.5961095624816,2,3,6,36,146.5120251560804
t3_0_c00912,par_factible,BR0073|BR0217,3.0,393.984687,293.269933,164.941344,399.98468674316723,299.26993250148985,170.94134426234933,2,4,10,80,142.55955540156106
t3_0_c00913,par_factible,BR0218|BR0315,3.0,385.594764,285.53044,169.455824,391.59476444303,291.53044009112625,175.4558238429179,2,4,10,80,139.2711935849452
t3_0_c00914,par_factible,BR0209XL|BR0268,3.0,386.829574,287.631811,181.617835,392.82957393977694,293.63181106126893,187.6178354129001,2,4,9,72,139.95135270153838
t3_0_c00915,par_factible,BR0008|BR0209XL,3.0,385.124865,286.32476,184.208937,391.12486470244767,292.3247604789813,190.2089368116523,2,4,9,72,139.3373343896899
t3_0_c00916,par_factible,BR0171|BR0276,3.0,392.628882,292.923113,157.420505,398.62888219681537,298.92311346422457,163.42050478221572,2,4,11,88,142.2124354049011
t3_0_c00917,par_factible,BR0170|BR0315,3.0,405.557263,300.264377,153.178748,411.55726318248117,306.2643774161609,159.1787480154505,1,3,11,33,146.34488085599224
t3_0_c00918,par_factible,BR0332|BR0381,3.0,391.087219,268.257091,243.583618,397.0872194907224,274.25709078305897,249.58361816843015,2,4,7,56,136.86938028007773
t3_0_c00919,par_factible,BR0056|BR0107,3.0,388.698383,256.619872,239.89719,394.69838333278045,262.61987165196786,245.89719046034995,2,4,7,56,134.00983791737988
t3_0_c00920,par_factible,BR0009|BR0033,3.0,390.195645,289.263852,182.165216,396.1956450202772,295.2638516051181,188.1652163075424,2,4,9,72,140.9703357034445
t3_0_c00921,par_factible,BR0150|BR0336,3.0,384.477908,285.181374,193.313427,390.477907870154,291.1813738259196,199.31342676268085,2,4,9,72,138.97233062101398
t3_0_c00922,par_factible,BR0118|BR0162,3.0,391.59797,291.9665,223.954331,397.5979704393593,297.9665003005284,229.9543307412645,2,4,7,56,141.8072315473777
t3_0_c00923,par_factible,BR0036|BR0164,3.0,393.320821,292.716376,155.485862,399.3208210911737,298.71637636055004,161.4858615969689,2,4,11,88,142.3113552399029
t3_0_c00924,par_factible,BR0082|BR0279,3.0,391.111877,301.415558,277.702742,397.11187722681024,307.41555795883613,283.7027420718525,2,3,6,36,143.63454336098803
t3_0_c00925,par_factible,BR0134|BR0143,3.0,385.125683,285.666732,268.921784,391.125682839677,291.6667323484774,274.9217838574919,2,4,6,48,139.20334662347693
t3_0_c00926,par_factible,BR0304|BR0394,3.0,392.793678,262.667474,178.599976,398.793678449916,268.66747444598167,184.5999761904829,2,4,9,72,136.0777070124154
t3_0_c00927,par_factible,BR0125|BR0320,3.0,390.945172,290.08078,209.590612,396.94517215224016,296.0807798399846,215.5906123354946,2,4,8,64,141.28969459576444
t3_0_c00928,par_factible,BR0301|BR0326,3.0,393.252699,233.836291,266.493447,399.2526989045084,239.83629096099494,272.49344749397864,2,5,6,60,130.2933720418967
t3_0_c00929,par_factible,BR0358|BR0376,3.0,393.736275,293.81094,250.963778,399.73627479646126,299.8109398259688,256.96377840134204,2,4,7,56,142.61920787409377
t3_0_c00930,par_factible,BR0200|BR0315,3.0,389.955911,288.742424,167.657638,395.95591083912444,294.7424239641242,173.6576376598823,2,4,10,80,140.81515490382233
t3_0_c00931,par_factible,BR0259|BR0329,3.0,391.482546,253.492614,233.540694,397.482545709694,259.49261445431887,239.5406941676034,2,4,7,56,133.93988994169476
t3_0_c00932,par_factible,BR0014|BR0266,3.0,390.665304,291.609413,256.579784,396.6653039476123,297.609412674247,262.5797839531887,2,4,6,48,141.544284734324
t3_0_c00933,par_factible,BR0031|BR0170,3.0,405.521756,300.503141,153.100591,411.52175637823836,306.5031414692331,159.10059083744412,1,3,11,33,146.3863196427057
t3_0_c00934,par_factible,BR0030|BR0210,3.0,388.571762,288.377343,168.530514,394.5717623727788,294.3773425282272,174.53051405941736,2,4,10,80,140.45853310927745
t3_0_c00935,par_factible,BR0097|BR0341,3.0,390.180326,253.137506,205.798575,396.1803257722688,259.1375059173903,211.7985754978415,2,4,8,64,133.60200442194883
t3_0_c00936,par_factible,BR0156|BR0392,3.0,390.359443,290.338827,173.267954,396.3594428420687,296.338827111439,179.26795442919453,2,4,10,80,141.2228888794103
t3_0_c00937,par_factible,BR0042|BR0220,3.0,385.985802,262.968757,191.539776,391.9858024373663,268.9687573217211,197.53977643306666,2,4,9,72,134.75118445649082
t3_0_c00938,par_factible,BR0250|BR0400,3.0,393.347643,291.575346,285.472634,399.3476429019407,297.57534582668984,291.472634038357,2,4,6,48,142.08419749819174
t3_0_c00939,par_factible,BR0036|BR0402,3.0,391.289522,291.051384,168.668778,397.289521988901,297.0513840693398,174.6687781027902,2,4,10,80,141.55777901289312
t3_0_c00940,par_factible,BR0289|BR0329,3.0,392.455065,254.12234,213.336757,398.45506490065503,260.1223396745756,219.33675732935296,2,4,8,64,134.26654527527637
t3_0_c00941,par_factible,BR0202|BR0218,3.0,387.710554,287.441429,169.454822,393.71055416321036,293.4414286937298,175.4548220434221,2,4,10,80,140.09214737144546
t3_0_c00942,par_factible,BR0365|BR0392,3.0,391.110713,291.858771,173.114684,397.1107132437445,297.8587708358583,179.11468404096678,2,4,10,80,141.68592947596386
t3_0_c00943,par_factible,BR0280|BR0282,3.0,393.73599,292.651003,258.746126,399.7359904837403,298.6510029977506,264.746125763983,2,4,6,48,142.3826694151867
t3_0_c00944,par_factible,BR0322|BR0323,3.0,390.836466,291.732116,240.977975,396.8364657436335,297.7321156759441,246.97797467729276,2,4,7,56,141.60419600806884
t3_0_c00945,par_factible,BR0301|BR0339,3.0,393.666027,232.241197,257.652842,399.6660272535138,238.24119719316985,263.6528415790036,2,5,6,60,130.05244127353384
t3_0_c00946,par_factible,BR0287|BR0403,3.0,393.587281,263.772841,300.932186,399.58728122715286,269.77284102675463,306.93218643709724,2,4,5,40,136.4648567286254
t3_0_c00947,par_factible,BR0240|BR0329,3.0,389.407857,260.045248,237.310713,395.40785687001534,266.0452477891131,243.31071319844852,2,4,7,56,134.8528245992107
t3_0_c00948,par_factible,BR0317|BR0392,3.0,391.040239,291.806543,172.096318,397.0402393460025,297.806543149214,178.0963184744718,2,4,10,80,141.66091386242945
t3_0_c00949,par_factible,BR0360|BR0398,3.0,382.621198,292.814174,205.938953,388.62119847277813,298.81417379380815,211.9389533146269,2,4,8,64,140.1499229901297
t3_0_c00950,par_factible,BR0103|BR0173,3.0,388.088122,287.8864,206.513347,394.08812164890776,293.8863996577513,212.5133468715007,2,4,8,64,140.25984124498655
t3_0_c00951,par_factible,BR0238|BR0403,3.0,398.773053,262.906512,288.104756,404.7730533802252,268.9065118657562,294.10475619423755,1,4,6,24,137.3454771143693
t3_0_c00952,par_factible,BR0156|BR0405,3.0,391.117288,291.76075,173.169933,397.1172875968377,297.76075016594416,179.16993319228732,2,4,10,80,141.66728598629598
t3_0_c00953,par_factible,BR0056|BR0357,3.0,392.106169,262.407309,218.711892,398.1061687162589,268.40730922322354,224.71189171100434,2,4,8,64,135.88450110896684
t3_0_c00954,par_factible,BR0268|BR0285,3.0,391.736147,291.393825,173.114074,397.7361472798138,297.39382478225957,179.11407402962155,2,4,10,80,141.71864873844513
t3_0_c00955,par_factible,BR0273|BR0397,3.0,393.872488,292.744716,216.999068,399.8724879764753,298.74471565029705,222.99906837261665,2,4,8,64,142.42960318588632
t3_0_c00956,par_factible,BR0313|BR0398,3.0,392.982908,292.133972,207.760628,398.9829076094604,298.1339723012742,213.76062755683563,2,4,8,64,142.1237267911793
t3_0_c00957,par_factible,BR0329|BR0339,3.0,393.499623,254.798712,234.94196,399.4996234202336,260.798711770804,240.94195950595022,2,4,7,56,134.61739759246433
t3_0_c00958,par_factible,BR0086|BR0239,3.0,393.227862,254.622741,240.010093,399.2278623450951,260.62274115295975,246.01009250970318,2,4,7,56,134.5261169211121
t3_0_c00959,par_factible,BR0289|BR0341,3.0,387.36426,250.825944,209.205079,393.36426047863,256.82594412193276,215.20507889775575,2,4,8,64,132.55661663620035
t3_0_c00960,par_factible,BR0202|BR0231,3.0,393.991646,293.274791,169.995076,399.9916456509061,299.2747911971699,175.99507568381156,2,4,10,80,142.56196469889417
t3_0_c00961,par_factible,BR0092XL|BR0397,3.0,391.649227,292.314771,226.068402,397.649227139656,298.31477059820935,232.06840205341376,2,4,7,56,141.888684554101
t3_0_c00962,par_factible,BR0219|BR0285,3.0,390.765257,291.583201,162.131519,396.76525716736,297.5832011046225,168.13151854954694,2,4,10,80,141.5593187098843
t3_0_c00963,par_factible,BR0005|BR0287,3.0,389.423818,299.654065,267.730032,395.4238183335524,305.6540648948695,273.7300315457751,2,3,6,36,142.93127079070783
t3_0_c00964,par_factible,BR0310|BR0400,3.0,392.56169,270.845581,307.937205,398.5616903079118,276.84558126471944,313.93720536444937,2,4,5,40,137.6977108201083
t3_0_c00965,par_factible,BR0023|BR0304,3.0,390.415489,251.525382,173.13889,396.41548930721746,257.52538220405836,179.13888990664196,2,4,10,80,133.32127859557102
t3_0_c00966,par_factible,BR0300|BR0355,3.0,388.166272,251.925821,209.060709,394.1662723822409,257.92582143954326,215.06070851806615,2,4,8,64,132.94436163543
t3_0_c00967,par_factible,BR0126|BR0134,3.0,390.992619,285.462279,265.076266,396.9926189188771,291.4622793426267,271.07626564241764,2,4,6,48,140.3577774233443
t3_0_c00968,par_factible,BR0166|BR0171,3.0,392.04514,298.219681,153.065318,398.04514025616123,304.21968139181575,159.06531847160397,2,3,11,66,143.17325619734495
t3_0_c00969,par_factible,BR0112|BR0234,3.0,408.807214,265.256589,193.14981,414.80721381925946,271.2565891193668,199.14981003042752,1,4,9,36,139.87029621582593
t3_0_c00970,par_factible,BR0103|BR0411,3.0,387.688813,283.33549,205.02143,393.68881326133476,289.3354900017928,211.02143023789554,2,4,8,64,139.25062247974057
t3_0_c00971,par_factible,BR0120|BR0351,3.0,386.944393,290.142894,212.739979,392.9443930412827,296.14289410089043,218.7399787462689,2,4,8,64,140.48670482001492
t3_0_c00972,par_factible,BR0214|BR0291,3.0,387.398592,306.578652,186.058992,393.3985918466573,312.5786519622775,192.05899158540268,2,3,9,54,143.9301210619643
t3_0_c00973,par_factible,BR0305|BR0406,3.0,391.759066,296.938749,287.547791,397.75906613621055,302.93874947353777,293.5477908201263,2,3,6,36,142.8537850376653
t3_0_c00974,par_factible,BR0105|BR0231,3.0,392.164914,291.572377,172.818907,398.16491424296186,297.5723771642206,178.81890737698063,2,4,10,80,141.84246511869165
t3_0_c00975,par_factible,BR0162|BR0398,3.0,392.703569,291.948346,215.169746,398.7035687772007,297.94834551849317,221.16974573542512,2,4,8,64,142.0289325781231
t3_0_c00976,par_factible,BR0078|BR0134,3.0,392.741054,291.967927,265.106702,398.7410540787468,297.9679272301394,271.10670174238976,2,4,6,48,142.0405670354508
t3_0_c00977,par_factible,BR0313|BR0411,3.0,393.872488,292.744716,206.858925,399.8724879764753,298.74471565029705,212.85892499071866,2,4,8,64,142.42960318588632
t3_0_c00978,par_factible,BR0107|BR0240,3.0,388.178942,251.921601,245.738723,394.1789418157849,257.92160057447006,251.73872309000285,2,4,7,56,132.9460840754852
t3_0_c00979,par_factible,BR0256|BR0406,3.0,398.762173,282.906758,322.329277,404.7621730789182,288.9067583644906,328.32927707357214,1,4,5,20,141.4207811301547
t3_0_c00980,par_factible,BR0098|BR0192,3.0,388.255602,258.936389,208.33786,394.2556024828401,264.93638917924795,214.33785963219074,2,4,8,64,134.39184335618512
t3_0_c00981,par_factible,BR0249|BR0403,3.0,393.619939,263.777347,306.21837,399.61993858922546,269.7773470329821,312.21836993873876,2,4,5,40,136.47243335824822
t3_0_c00982,par_factible,BR0059|BR0240,3.0,383.810689,251.117904,249.330974,389.8106894170246,257.11790356235565,255.330973629558,2,4,7,56,131.8916601385077
t3_0_c00983,par_factible,BR0162|BR0293,3.0,389.892631,290.809455,217.569755,395.89263132965795,296.80945467329866,223.5697554930888,2,4,8,64,141.22366687114302
t3_0_c00984,par_factible,BR0062|BR0245,3.0,393.555278,232.973498,238.125948,399.55527844246177,238.97349822456448,244.12594794294867,2,5,7,70,130.17915936126937
t3_0_c00985,par_factible,BR0135|BR0195,3.0,390.483793,302.731331,287.820294,396.4837929238372,308.7313312148286,293.8202936141553,2,3,6,36,143.77474498239872
t3_0_c00986,par_factible,BR0101|BR0315,3.0,383.117943,284.079806,172.305007,389.1179428172593,290.07980625893777,178.3050072727729,2,4,10,80,138.47048910829704
t3_0_c00987,par_factible,BR0119|BR0368,3.0,393.872488,292.744716,186.578638,399.8724879764753,298.74471565029705,192.57863822692272,2,4,9,72,142.42960318588632
t3_0_c00988,par_factible,BR0194|BR0363,3.0,393.239007,293.454457,289.772748,399.2390071111804,299.45445701818505,295.7727477149081,2,4,6,48,142.4451506889634
t3_0_c00989,par_factible,BR0089|BR0240,3.0,388.293196,251.427448,246.149245,394.2931961042458,257.4274481301644,252.14924487393077,2,4,7,56,132.8686328714394
t3_0_c00990,par_factible,BR0034|BR0304,3.0,391.240283,252.839297,171.536904,397.2402831867736,258.8392968905827,177.53690365130473,2,4,10,80,133.75730480680045
t3_0_c00991,par_factible,BR0114|BR0374,3.0,392.449297,292.888327,259.38411,398.4492973714188,298.8883274390925,265.3841098886581,2,4,6,48,142.16873084821842
t3_0_c00992,par_factible,BR0008|BR0025,3.0,388.428355,287.799248,181.706549,394.4283553671953,293.79924775911365,187.70654903520742,2,4,9,72,140.31143794624035
t3_0_c00993,par_factible,BR0148|BR0368,3.0,390.125326,289.212284,187.182455,396.1253261641204,295.2122837945496,193.18245450395287,2,4,9,72,140.945486230106
t3_0_c00994,par_factible,BR0364|BR0371,3.0,390.502382,310.488107,231.436254,396.50238234365514,316.4881072367356,237.4362537622477,2,3,7,42,145.35993671363724
t3_0_c00995,par_factible,BR0048|BR0321,3.0,379.694759,253.084959,241.178918,385.69475894641863,259.0849590409937,247.178918339331,2,4,7,56,131.45356126145
t3_0_c00996,par_factible,BR0001|BR0248,3.0,388.718959,277.634284,318.864482,394.7189585613446,283.63428362609295,324.86448176254464,2,4,5,40,138.29831645003824
t3_0_c00997,par_factible,BR0323|BR0374,3.0,392.648464,293.031106,248.964407,398.6484637243757,299.03110643483205,254.96440734326038,2,4,7,56,142.23844447690269
t3_0_c00998,par_factible,BR0066|BR0149,3.0,390.361733,291.173846,171.062125,396.3617325989039,297.1738458375685,177.06212473624674,2,4,10,80,141.39359397277724
t3_0_c00999,par_factible,BR0150|BR0152,3.0,391.727232,290.243493,198.078459,397.7272319437983,296.24349309825465,204.07845931331653,2,4,8,64,141.48230887707498
t3_0_c01000,par_factible,BR0136XL|BR0253,3.0,400.879653,279.67065,306.940401,406.87965277605593,285.6706502798108,312.9404012995956,1,4,5,20,141.19272233554875
t3_0_c01001,par_factible,BR0100|BR0368,3.0,385.926103,286.266464,183.863928,391.92610333026687,292.2664636209342,189.863927736989,2,4,9,72,139.48880060167198
t3_0_c01002,par_factible,BR0173|BR0318,3.0,393.256806,291.376805,201.357773,399.2568062178696,297.37680460702256,207.35777322623488,2,4,8,64,142.02520098366813
t3_0_c01003,par_factible,BR0152|BR0198,3.0,392.912974,291.711118,196.48715,398.91297409337074,297.7111180054425,202.48715025757483,2,4,8,64,142.0232603667305
t3_0_c01004,par_factible,BR0171|BR0210,3.0,387.188281,287.352082,169.736158,393.1882805397401,293.35208176032063,175.73615760256212,2,4,10,80,139.96745408767802
t3_0_c01005,par_factible,BR0175|BR0363,3.0,383.032879,293.22811,283.07673,389.0328790341762,299.2281099340037,289.07672969718635,2,4,6,48,140.31824443795713
t3_0_c01006,par_factible,BR0232|BR0307,3.0,387.014302,293.613932,248.707928,393.0143016518305,299.6139324890424,254.70792789622524,2,4,7,56,141.20861042627376
t3_0_c01007,par_factible,BR0245|BR0246,3.0,391.298823,233.322195,248.518871,397.2988231284712,239.32219532354458,254.51887147010757,2,5,7,70,129.79021782915711
t3_0_c01008,par_factible,BR0248|BR0251,3.0,393.970968,261.559019,333.949688,399.9709678920138,267.5590194686128,339.9496882252236,2,4,5,40,136.09174054243152
t3_0_c01009,par_factible,BR0285|BR0316,3.0,387.600825,283.607856,166.844071,393.6008247760076,289.60785642131617,172.84407125082222,2,4,10,80,139.288212272645
t3_0_c01010,par_factible,BR0184|BR0270,3.0,393.722171,291.850003,188.658497,399.72217099790294,297.85000322245435,194.65849678162962,2,4,9,72,142.21654928039902
t3_0_c01011,par_factible,BR0189|BR0382,3.0,386.915788,263.932817,240.430174,392.9157875867813,269.93281721581724,246.43017405947353,2,4,7,56,135.1373302349844
t3_0_c01012,par_factible,BR0156|BR0209,3.0,393.116049,290.985414,170.651693,399.1160485979548,296.9854138510667,176.65169323379774,2,4,10,80,141.91670997941313
t3_0_c01013,par_factible,BR0033|BR0213,3.0,389.349719,301.553574,193.190689,395.3497191943227,307.55357417805646,199.19068860054944,2,3,9,54,143.30342372525567
t3_0_c01014,par_factible,BR0026|BR0028,3.0,388.50795,288.026193,218.693781,394.507950410531,294.0261933056311,224.69378090325023,2,4,8,64,140.37393347933988
t3_0_c01015,par_factible,BR0150|BR0165,3.0,385.407719,286.384556,192.036846,391.4077192816052,292.3845558209449,198.03684580180175,2,4,9,72,139.40719166208973
t3_0_c01016,par_factible,BR0196|BR0280,3.0,392.005543,290.591127,262.896285,398.00554336140107,296.59112710281994,268.8962852416355,2,4,6,48,141.60992262267501
t3_0_c01017,par_factible,BR0036|BR0218,3.0,388.328874,288.781369,166.368533,394.32887426881774,294.7813686076145,172.36853346054147,2,4,10,80,140.49138488816152
t3_0_c01018,par_factible,BR0239|BR0321,3.0,386.224118,250.087679,248.793649,392.2241175473353,256.0876792473607,254.7936490785877,2,4,7,56,132.17365887761386
t3_0_c01019,par_factible,BR0021|BR0097,3.0,390.592494,233.253528,207.468141,396.5924944952904,239.25352813316917,213.46814121053677,2,5,8,80,129.63221664188777
t3_0_c01020,par_factible,BR0073|BR0285,3.0,386.134314,287.257147,165.35011,392.13431393099273,293.25714707284766,171.35011020024922,2,4,10,80,139.73322344624677
t3_0_c01021,par_factible,BR0198|BR0324,3.0,389.98984,263.087152,197.567875,395.98983989461834,269.0871521894611,203.5678745556973,2,4,8,64,135.59163956861966
t3_0_c01022,par_factible,BR0314|BR0316,3.0,392.420138,291.041187,170.921563,398.42013799881084,297.0411868746077,176.92156333601,2,4,10,80,141.78620282842377
t3_0_c01023,par_factible,BR0029|BR0215,3.0,392.46293,292.8981,181.04795,398.46292975392845,298.89810026394656,187.04795037570864,2,4,9,72,142.1735025520642
t3_0_c01024,par_factible,BR0267|BR0277,3.0,392.624055,270.866865,293.769692,398.6240549854322,276.8668654573981,299.7696915262003,2,4,6,48,137.7147646162753
t3_0_c01025,par_factible,BR0077|BR0113,3.0,393.465858,293.585086,268.923012,399.46585786463004,299.5850859977913,274.9230115417163,2,4,6,48,142.51803136848548
t3_0_c01026,par_factible,BR0120|BR0155,3.0,388.085068,291.185143,211.355456,394.0850680133922,297.1851427296332,217.35545587191794,2,4,8,64,140.93174530948528
t3_0_c01027,par_factible,BR0165|BR0270,3.0,388.010259,288.511839,193.650711,394.01025889512454,294.5118393087228,199.65071080627862,2,4,9,72,140.37147771740007
t3_0_c01028,par_factible,BR0224|BR0319,3.0,400.806607,270.084402,156.406723,406.80660700666965,276.08440174878103,162.40672302553745,1,4,11,44,139.22344724881768
t3_0_c01029,par_factible,BR0156|BR0221,3.0,392.418984,270.802817,182.96595,398.41898413493965,276.8028168784779,188.9659499821367,2,4,9,72,137.6598982698099
t3_0_c01030,par_factible,BR0147|BR0398,3.0,391.291957,290.067824,210.686889,397.291956640198,296.06782358404325,216.68688862769272,2,4,8,64,141.35775335866285
t3_0_c01031,par_factible,BR0009|BR0100,3.0,393.606813,292.021391,171.921067,399.6068128391984,298.02139086394845,177.92106655229315,2,4,10,80,142.22797221267012
t3_0_c01032,par_factible,BR0308|BR0396,3.0,388.965361,284.335347,211.168298,394.9653607315117,290.33534697231534,217.168298394902,2,4,8,64,139.71472124440916
t3_0_c01033,par_factible,BR0030|BR0158,3.0,384.967849,285.70658,167.577786,390.9678488248038,291.7065801926278,173.57778615460222,2,4,10,80,139.1792923582939
t3_0_c01034,par_factible,BR0125|BR0387,3.0,393.116274,291.653844,191.609786,399.1162735161279,297.65384433575,197.60978632560486,2,4,9,72,142.05303116246236
t3_0_c01035,par_factible,BR0153|BR0273,3.0,393.983759,291.915428,222.692687,399.9837589980128,297.9154276513773,228.69268689046447,2,4,7,56,142.28321848101731
t3_0_c01036,par_factible,BR0315|BR0338,3.0,387.908097,287.234209,172.400126,393.90809666945063,293.2342090383929,178.40012613231121,2,4,10,80,140.0901744562372
t3_0_c01037,par_factible,BR0091|BR0288,3.0,390.986048,248.774954,212.916362,396.986048434239,254.7749542596301,218.91636227785347,2,4,8,64,132.8768608957939
t3_0_c01038,par_factible,BR0003|BR0176,3.0,391.505593,270.529103,173.027885,397.5055926307517,276.5291032313297,179.0278845908776,2,4,10,80,137.4178788709646
t3_0_c01039,par_factible,BR0227|BR0337,3.0,401.477984,259.964857,190.204314,407.4779843593132,265.96485671308005,196.20431443168187,1,4,9,36,137.29721530527897
t3_0_c01040,par_factible,BR0028|BR0350,3.0,389.853562,289.774941,212.056085,395.8535624764295,295.7749405292933,218.05608498439622,2,4,8,64,141.00479164234918
t3_0_c01041,par_factible,BR0199|BR0281,3.0,392.315829,291.363598,216.010952,398.31582917353705,297.36359777140257,222.01095201140095,2,4,8,64,141.8306680825565
t3_0_c01042,par_factible,BR0030|BR0171,3.0,382.56995,283.907174,169.696909,388.56995038920024,289.90717370988017,175.69690864598658,2,4,10,80,138.3235727011377
t3_0_c01043,par_factible,BR0247|BR0399,3.0,388.866067,269.747808,313.62569,394.86606747199244,275.74780808294594,319.62568964881245,2,4,5,40,136.72046392557357
t3_0_c01044,par_factible,BR0019|BR0240,3.0,393.742443,263.610386,251.033297,399.7424429758009,269.6103858834135,257.033297203083,2,4,7,56,136.46336979800498
t3_0_c01045,par_factible,BR0026|BR0398,3.0,387.431583,288.897748,218.639764,393.4315834715205,294.8977478561502,224.6397642351357,2,4,8,64,140.33217764070758
t3_0_c01046,par_factible,BR0166|BR0225,3.0,402.208071,263.413383,151.879126,408.2080709183422,269.4133826095234,157.87912588975712,1,4,11,44,138.14912406276565
t3_0_c01047,par_factible,BR0112|BR0289,3.0,393.049615,254.633844,209.274115,399.049615386562,260.63384443458995,215.27411511616867,2,4,8,64,134.49204073825726
t3_0_c01048,par_factible,BR0106|BR0245,3.0,387.621279,251.645166,235.097804,393.6212793225966,257.64516553929775,241.09780366145188,2,4,7,56,132.77603361098764
t3_0_c01049,par_factible,BR0277|BR0399,3.0,390.785242,289.545542,290.746546,396.78524215175037,295.5455421124368,296.7465463386023,2,4,6,48,141.14796824957943
t3_0_c01050,par_factible,BR0081|BR0193,3.0,384.816552,261.756665,284.542584,390.8165520496207,267.756665488114,290.542583508766,2,4,6,48,134.2656916488756
t3_0_c01051,par_factible,BR0139|BR0243,3.0,392.035166,291.483298,276.257369,398.03516553358384,297.4832979036667,282.25736894362456,2,4,6,48,141.79785187303784
t3_0_c01052,par_factible,BR0270|BR0396,3.0,390.748623,291.474377,205.056085,396.74862306099874,297.4743768213243,211.05608466755785,2,4,8,64,141.53374105653884
t3_0_c01053,par_factible,BR0011|BR0135,3.0,391.242373,290.40671,278.328782,397.24237274583453,296.40670966701117,284.3287816566912,2,4,6,48,141.41673443686966
t3_0_c01054,par_factible,BR0115|BR0187,3.0,393.111895,270.970792,293.292601,399.1118948003407,276.97079238296027,299.292601049355,2,4,6,48,137.83541023105013
t3_0_c01055,par_factible,BR0155|BR0188,3.0,391.483424,289.85387,198.468243,397.4834241440823,295.85386980603124,204.4682425519905,2,4,8,64,141.3531690010425
t3_0_c01056,par_factible,BR0083|BR0238,3.0,392.936983,287.592779,269.005569,398.9369826814573,293.5927792967194,275.0055689664392,2,4,6,48,141.18853455212573
t3_0_c01057,par_factible,BR0233|BR0251,3.0,406.58568,271.007058,308.779967,412.5856796011983,277.00705794396805,314.7799666097067,1,4,5,20,140.58975281247018
t3_0_c01058,par_factible,BR0078|BR0082,3.0,388.719999,308.243063,273.222614,394.71999922101924,314.24306295728627,279.2226135392344,2,3,6,36,144.5388505970042
t3_0_c01059,par_factible,BR0254|BR0310,3.0,414.101628,269.133115,308.774116,420.1016279904119,275.13311466368316,314.77411597563605,1,4,5,20,141.74000869604384
t3_0_c01060,par_factible,BR0121|BR0348,3.0,402.135109,298.42877,324.034145,408.1351092788517,304.42877011637273,330.0341451051476,1,3,5,15,145.2729621600865
t3_0_c01061,par_factible,BR0112|BR0302,3.0,390.299018,253.313513,211.84743,396.29901772909216,259.31351331971155,217.84743023022173,2,4,8,64,133.6620858407347
t3_0_c01062,par_factible,BR0185|BR0251,3.0,392.617079,269.843004,303.94458,398.61707867055753,275.8430041493331,309.9445798655239,2,4,5,40,137.5046040407524
t3_0_c01063,par_factible,BR0399|BR0407,3.0,391.140279,301.37993,279.076156,397.14027944028163,307.3799304127906,285.0761557092025,2,3,6,36,143.63307030643674
t3_0_c01064,par_factible,BR0115|BR0307,3.0,392.743261,291.374357,273.010722,398.7432605444247,297.37435680789133,279.01072242103464,2,4,6,48,141.92000353767912
t3_0_c01065,par_factible,BR0109|BR0233,3.0,393.70701,293.789961,309.314396,399.70701049174403,299.78996074001117,315.31439646932137,2,4,5,40,142.60896457324264
t3_0_c01066,par_factible,BR0141|BR0182,3.0,389.300979,290.191962,250.135398,395.3009791229981,296.191962285627,256.13539846251615,2,4,7,56,140.97715421174823
t3_0_c01067,par_factible,BR0167|BR0316,3.0,390.041778,290.204659,154.313813,396.041777854454,296.2046587771127,160.31381278389034,2,4,11,88,141.1307719942032
t3_0_c01068,par_factible,BR0135|BR0142,3.0,404.184882,299.522755,289.981686,410.18488212333347,305.52275466975027,295.9816863795865,1,3,6,18,145.9138912931873
t3_0_c01069,par_factible,BR0197|BR0198,3.0,389.201475,289.040348,192.705005,395.20147499984546,295.0403481231786,198.7050048736789,2,4,9,72,140.72208422487748
t3_0_c01070,par_factible,BR0069|BR0090,3.0,390.763804,253.173824,216.777086,396.7638039951409,259.17382437202,222.77708571441875,2,4,8,64,133.7283646008483
t3_0_c01071,par_factible,BR0318|BR0351,3.0,388.994777,289.120034,199.935033,394.99477717155503,295.1200338135571,205.93503268605613,2,4,8,64,140.69618980328485
t3_0_c01072,par_factible,BR0232|BR0241,3.0,392.756104,291.38398,246.947531,398.7561038388683,297.38397990651225,252.94753138375856,2,4,7,56,141.92458384207552
t3_0_c01073,par_factible,BR0011|BR0267,3.0,390.258232,270.267939,299.822379,396.2582322761289,276.26793915841097,305.8223789571281,2,4,5,40,137.11033056769418
t3_0_c01074,par_factible,BR0258|BR0375,3.0,391.185474,291.78945,278.543816,397.18547432042726,297.78944976798357,284.54381565307347,2,4,6,48,141.68703855013473
t3_0_c01075,par_factible,BR0140|BR0199,3.0,390.736248,291.464764,231.67623,396.7362482291218,297.4647642287119,237.67622979903086,2,4,7,56,141.52925840118934
t3_0_c01076,par_factible,BR0299|BR0413,3.0,390.718798,291.422918,231.719846,396.7187975358103,297.422918216332,237.71984551522908,2,4,7,56,141.5171693684286
t3_0_c01077,par_factible,BR0147|BR0320,3.0,387.857013,287.724285,214.284036,393.8570126621567,293.7242853507934,220.28403644631732,2,4,8,64,140.1796733971356
t3_0_c01078,par_factible,BR0001|BR0196,3.0,390.855762,301.093162,284.235655,396.8557618932749,307.0931618456008,290.23565483196535,2,3,6,36,143.51660015063723
t3_0_c01079,par_factible,BR0306|BR0310XL,3.0,393.020315,292.820517,260.654737,399.0203145710918,298.82051656460123,266.6547368178978,2,4,6,48,142.27132133245524
t3_0_c01080,par_factible,BR0028|BR0035,3.0,393.374519,292.402834,217.527805,399.3745192037134,298.4028340988798,223.52780484542842,2,4,8,64,142.25837987820452
t3_0_c01081,par_factible,BR0033|BR0148,3.0,390.371971,289.760638,186.710181,396.37197118850014,295.7606384079588,192.71018103946284,2,4,9,72,141.1075656669641
t3_0_c01082,par_factible,BR0050|BR0090,3.0,393.091064,233.867255,227.079559,399.0910636045863,239.8672546413923,233.07955927274404,2,5,7,70,130.26673154861948
t3_0_c01083,par_factible,BR0299|BR0308,3.0,387.439763,287.400603,217.122878,393.4397625466892,293.40060346193445,223.12287803725053,2,4,8,64,140.0286169232668
t3_0_c01084,par_factible,BR0073|BR0219,3.0,392.691144,292.366783,160.903969,398.6911436294708,298.36678324670316,166.9039691942985,2,4,10,80,142.11170782388868
t3_0_c01085,par_factible,BR0246|BR0378,3.0,390.434122,257.883078,248.82965,396.4341219456565,263.883077768264,254.82965014896143,2,4,7,56,134.62124357062598
t3_0_c01086,par_factible,BR0218|BR0317,3.0,387.800366,287.670793,167.23842,393.80036630981164,293.67079313880134,173.23842032258602,2,4,10,80,140.15721905170497
t3_0_c01087,par_factible,BR0209XL|BR0270,3.0,391.788547,291.552385,189.783132,397.7885471045824,297.5523846135255,195.7831317665856,2,4,9,72,141.76165784263156
t3_0_c01088,par_factible,BR0211|BR0314XL,3.0,389.789561,290.033855,173.888711,395.78956117296985,296.0338551943898,179.88871128505502,2,4,10,80,141.0445293307563
t3_0_c01089,par_factible,BR0073|BR0338,3.0,391.638066,290.32164,168.942252,397.6380659996895,296.32164031061865,174.94225232945675,2,4,10,80,141.48006244858473
t3_0_c01090,par_factible,BR0157|BR0377,3.0,393.721806,293.787561,250.992973,399.7218059214209,299.78756086198314,256.99297294044584,2,4,7,56,142.61149169896106
t3_0_c01091,par_factible,BR0170|BR0317,3.0,393.588215,292.094899,151.933747,399.58821537302606,298.09489944323497,157.93374729877505,2,4,11,88,142.2391671388911
t3_0_c01092,par_factible,BR0147|BR0333,3.0,386.959484,287.182527,215.186231,392.9594844672653,293.18252721225383,221.18623050642805,2,4,8,64,139.88624091325568
t3_0_c01093,par_factible,BR0091|BR0328,3.0,392.637844,233.701597,221.518699,398.6378438118626,239.70159654005053,227.51869932939425,2,5,7,70,130.14055868540532
t3_0_c01094,par_factible,BR0123|BR0278,3.0,388.076891,287.538836,279.979014,394.0768911567623,293.53883645293786,285.9790140180587,2,4,6,48,140.1866926829154
t3_0_c01095,par_factible,BR0036|BR0166,3.0,390.259811,300.493814,152.649539,396.2598108001278,306.4938143733053,158.64953851780103,2,3,11,66,143.27291033097515
t3_0_c01096,par_factible,BR0207|BR0320,3.0,389.667318,290.615388,209.891111,395.66731753417014,296.6153880758136,215.89111120789897,2,4,8,64,141.13816628134225
t3_0_c01097,par_factible,BR0238|BR0274,3.0,393.698918,293.763528,251.096061,399.69891782060853,299.7635277090286,257.09606102431906,2,4,7,56,142.6019256941156
t3_0_c01098,par_factible,BR0184|BR0336,3.0,390.509871,289.700944,189.30982,396.50987059224366,295.70094412835505,195.30981955070405,2,4,9,72,141.12350962703337
t3_0_c01099,par_factible,BR0320|BR0386,3.0,393.46807,293.584466,218.849849,399.4680703679064,299.58446632704374,224.84984911387684,2,4,8,64,142.51835610498475
t3_0_c01100,par_factible,BR0082|BR0399,3.0,389.260515,290.602343,290.823929,395.2605146929023,296.6023429757997,296.82392929774596,2,4,6,48,141.0525703707853
t3_0_c01101,par_factible,BR0142|BR0233,3.0,390.948116,291.812156,307.721581,396.94811580313797,297.81215571851976,313.721580614799,2,4,5,40,141.6432765589516
t3_0_c01102,par_factible,BR0213|BR0336,3.0,393.053582,292.280261,197.441887,399.05358227013545,298.28026058084134,203.44188652328816,2,4,8,64,142.1679598065192
t3_0_c01103,par_factible,BR0108|BR0212,3.0,407.370592,302.615945,319.976023,413.3705920260673,308.61594521099227,325.9760233766593,1,3,5,15,147.19399332050142
t3_0_c01104,par_factible,BR0292|BR0399,3.0,393.963527,292.807219,285.188367,399.96352674729985,298.80721851776804,291.1883668589463,2,4,6,48,142.4609062721851
t3_0_c01105,par_factible,BR0014|BR0386,3.0,392.031083,290.468626,236.550261,398.0310826564344,296.46862600968973,242.55026112057843,2,4,7,56,141.5901546719927
t3_0_c01106,par_factible,BR0234|BR0394,3.0,389.55208,252.399858,187.540868,395.552079559989,258.3998576343146,193.5408677306097,2,4,9,72,133.3235345961883
t3_0_c01107,par_factible,BR0092XL|BR0386,3.0,391.357173,290.826762,227.394645,397.3571726358421,296.82676221317683,233.39464494967302,2,4,7,56,141.5257767276287
t3_0_c01108,par_factible,BR0165|BR0336,3.0,382.340231,283.992927,192.008069,388.3402307038231,289.99292689577595,198.0080688568972,2,4,9,72,138.29422173284385
t3_0_c01109,par_factible,BR0238|BR0287,3.0,385.451326,287.285806,282.134412,391.45132620832004,293.2858055452352,288.13441208314305,2,4,6,48,139.59982298747303
t3_0_c01110,par_factible,BR0026|BR0333,3.0,392.312695,291.149646,214.249442,398.31269498700607,297.1496459681105,220.2494422428102,2,4,8,64,141.78640998065578
t3_0_c01111,par_factible,BR0144|BR0397,3.0,392.281517,292.768049,217.861784,398.2815171491179,298.7680486305015,223.86178405352035,2,4,8,64,142.11000321704776
t3_0_c01112,par_factible,BR0136|BR0348,3.0,389.988189,289.197129,289.792481,395.9881887362078,295.1971292020137,295.7924807897044,2,4,6,48,140.91443790789427
t3_0_c01113,par_factible,BR0219|BR0392,3.0,388.437417,304.24663,166.165639,394.4374170198722,310.2466303650719,172.16563870717147,2,3,10,60,143.66647245360735
t3_0_c01114,par_factible,BR0092XL|BR0281,3.0,389.945088,290.203575,228.708174,395.9450882147671,296.2035745362796,234.70817443444506,2,4,7,56,141.11083848135507
t3_0_c01115,par_factible,BR0241|BR0410,3.0,392.434965,292.790108,266.731707,398.43496500409844,298.7901075388514,272.7317067179675,2,4,6,48,142.14578441242605
t3_0_c01116,par_factible,BR0231|BR0402,3.0,392.545462,291.833643,171.463929,398.54546205840995,297.83364310025974,177.46392878577453,2,4,10,80,141.97331399769004
t3_0_c01117,par_factible,BR0193|BR0410,3.0,391.941368,267.019755,292.842591,397.94136805602,273.0197549434851,298.8425911085254,2,4,6,48,136.7912585116218
t3_0_c01118,par_factible,BR0348|BR0403,3.0,393.161449,261.961454,317.339567,399.1614487347025,267.9614543723121,323.33956689444324,2,4,5,40,136.00874681080828
t3_0_c01119,par_factible,BR0108|BR0343,3.0,410.722643,270.702917,316.529157,416.7226433249751,276.7029168281776,322.52915661443683,1,4,5,20,141.37116414947047
t3_0_c01120,par_factible,BR0300|BR0357,3.0,393.225097,255.141732,216.801963,399.22509686463474,261.14173194363354,222.80196282454625,2,4,8,64,134.63136163267447
t3_0_c01121,par_factible,BR0086|BR0359,3.0,390.163442,233.439691,239.71638,396.16344150460714,239.43969117547255,245.716380168245,2,5,7,70,129.5826977941039
t3_0_c01122,par_factible,BR0126|BR0136,3.0,387.501068,293.295076,270.810624,393.5010677837582,299.29507585191965,276.81062370963014,2,4,6,48,141.24284273917996
t3_0_c01123,par_factible,BR0106|BR0418,3.0,389.097638,252.489385,233.422682,395.0976376097307,258.48938533086925,239.42268200990793,2,4,7,56,133.2491382141896
t3_0_c01124,par_factible,BR0182|BR0237,3.0,389.445578,301.227257,240.882354,395.4455778017193,307.22725711503176,246.8823544500498,2,3,7,42,143.25643933063222
t3_0_c01125,par_factible,BR0291|BR0365,3.0,390.217576,300.536232,188.428655,396.2175760411254,306.53623180591916,194.42865458868852,2,3,9,54,143.27294757330162
t3_0_c01126,par_factible,BR0032|BR0365,3.0,390.262598,300.49744,168.503397,396.2625977212111,306.49743991608483,174.50339729373124,2,3,10,60,143.27421766305727
t3_0_c01127,par_factible,BR0309|BR0419,3.0,391.897545,292.492786,176.460379,397.89754505128093,298.49278551649036,182.46037930091234,2,4,9,72,141.97560256223676
t3_0_c01128,par_factible,BR0139|BR0310XL,3.0,393.587273,293.713771,273.078316,399.58727251039613,299.71377077559026,279.07831586555636,2,4,6,48,142.5690200379177
t3_0_c01129,par_factible,BR0001|BR0011,3.0,392.612425,291.036179,292.741939,398.612425335351,297.0361794882045,298.74193940107926,2,4,6,48,141.82438426576056
t3_0_c01130,par_factible,BR0101|BR0317,3.0,386.761077,287.017431,168.935033,392.76107713994634,293.0174309301707,174.93503252293573,2,4,10,80,139.81213212438675
t3_0_c01131,par_factible,BR0171|BR0200,3.0,386.595279,286.767857,170.279525,392.59527890303,292.76785697913584,176.27952546628757,2,4,10,80,139.72744870176672
t3_0_c01132,par_factible,BR0078|BR0373,3.0,390.90886,311.000096,275.054531,396.9088598353525,317.00009590845866,281.054530768959,2,3,6,36,145.54718771535394
t3_0_c01133,par_factible,BR0162|BR0413,3.0,390.18988,290.031415,233.147195,396.189880246423,296.0314153023711,239.14719525806723,2,4,7,56,141.12564639119145
t3_0_c01134,par_factible,BR0145|BR0184,3.0,393.98457,292.042431,186.135795,399.984569548528,298.04243124946765,192.1357954114819,2,4,9,72,142.30927641141605
t3_0_c01135,par_factible,BR0371|BR0413,3.0,388.599885,290.128748,248.889524,394.5998847134555,296.1287484975132,254.88952355312173,2,4,7,56,140.82133194922906
t3_0_c01136,par_factible,BR0114|BR0376,3.0,390.184319,291.264603,262.3442,396.1843188440635,297.2646025743943,268.34420032808544,2,4,6,48,141.37592689469068
t3_0_c01137,par_factible,BR0008|BR0027,3.0,393.119985,291.275429,177.395332,399.1199852454171,297.27542948235566,183.39533163521494,2,4,9,72,141.97663908823094
t3_0_c01138,par_factible,BR0143|BR0258,3.0,392.564139,291.240147,278.089096,398.56413933909926,297.240146615053,284.08909592297636,2,4,6,48,141.85612353805345
t3_0_c01139,par_factible,BR0175|BR0247,3.0,388.183161,269.544451,303.863641,394.1831607702229,275.54445142517505,309.86364094130795,2,4,5,40,136.53977822536146
t3_0_c01140,par_factible,BR0306|BR0363,3.0,386.895769,288.420282,270.082353,392.89576860636095,294.42028176277387,276.08235268343424,2,4,6,48,140.12559640553206
t3_0_c01141,par_factible,BR0323|BR0376,3.0,387.463878,304.894437,245.755765,393.46387787542466,310.8944365001654,251.75576490808294,2,3,7,42,143.60006409288277
t3_0_c01142,par_factible,BR0164|BR0315,3.0,392.530054,301.748071,157.484238,398.53005352906973,307.7480712750193,163.48423840757337,2,3,11,66,143.9914627531272
t3_0_c01143,par_factible,BR0339|BR0357,3.0,390.799185,253.050125,238.200094,396.79918539571884,259.05012526929056,244.2000943697168,2,4,7,56,133.71035895311098
t3_0_c01144,par_factible,BR0198|BR0314,3.0,388.341821,283.083411,184.391407,394.3418209223465,289.0834110730242,190.39140678072286,2,4,9,72,139.33236126307253
t3_0_c01145,par_factible,BR0001|BR0143,3.0,403.231167,293.340713,282.79357,409.2311671892734,299.34071309654274,288.7935696688639,1,4,6,24,144.45909893696557
t3_0_c01146,par_factible,BR0136XL|BR0373,3.0,391.714657,292.361676,291.987711,397.71465733745566,298.3616764022981,297.9877112547286,2,4,6,48,141.91158689903236
t3_0_c01147,par_factible,BR0050|BR0263,3.0,389.748151,260.636176,205.504754,395.7481512129764,266.6361756204282,211.5047538795317,2,4,8,64,135.0426762147614
t3_0_c01148,par_factible,BR0036|BR0101,3.0,386.859392,287.365741,168.68739,392.859391929005,293.36574090258773,174.6873895338549,2,4,10,80,139.90318712162951
t3_0_c01149,par_factible,BR0117|BR0139,3.0,390.100113,300.420736,269.368365,396.1001129121188,306.4207355916769,275.3683646475508,2,3,6,36,143.22545331371978
t3_0_c01150,par_factible,BR0152|BR0318,3.0,382.734094,292.927687,200.875019,388.73409358447515,298.92768745261225,206.87501940071618,2,4,8,64,140.19608176087408
t3_0_c01151,par_factible,BR0120|BR0144,3.0,383.188165,285.888751,218.022068,389.1881651056508,291.8887507828315,224.02206759963389,2,4,8,64,138.85360160825326
t3_0_c01152,par_factible,BR0345|BR0373,3.0,390.033662,306.08079,302.209789,396.03366167171316,312.08079001620655,308.2097889780319,2,3,5,30,144.3658413227155
t3_0_c01153,par_factible,BR0015|BR0162,3.0,392.470246,291.770414,235.231336,398.4702456692954,297.7704141199978,241.2313360006755,2,4,7,56,141.94508864205773
t3_0_c01154,par_factible,BR0147|BR0387,3.0,390.516347,291.293948,210.216744,396.5163474280561,297.2939484279936,216.21674430267262,2,4,8,64,141.44960160164112
t3_0_c01155,par_factible,BR0246|BR0326,3.0,390.92436,253.334632,247.447382,396.92436042151155,259.33463176528903,253.44738179912684,2,4,7,56,133.79388219914384
t3_0_c01156,par_factible,BR0306|BR0376,3.0,393.714507,293.781987,251.002388,399.7145069022524,299.78198706553167,257.00238813228276,2,4,7,56,142.60886727171948
t3_0_c01157,par_factible,BR0033|BR0215,3.0,387.67454,289.465384,185.45771,393.67453981499574,295.46538436319395,191.45770995231751,2,4,9,72,140.49743612195508
t3_0_c01158,par_factible,BR0196|BR0282,3.0,387.92442,289.644519,266.53029,393.9244201728654,295.6445193728076,272.5302903981293,2,4,6,48,140.5849010286795
t3_0_c01159,par_factible,BR0314|BR0318,3.0,393.835566,291.386786,186.625198,399.83556580350444,297.38678588960624,192.62519805189282,2,4,9,72,142.14522970297872
t3_0_c01160,par_factible,BR0237|BR0397,3.0,389.973248,291.11329,225.404638,395.9732481936986,297.1132895888334,231.40463801348807,2,4,7,56,141.30204643884446
t3_0_c01161,par_factible,BR0196|BR0400,3.0,392.739566,293.020913,284.504121,398.7395657291262,299.02091264289567,290.5041210001203,2,4,6,48,142.25493952538673
t3_0_c01162,par_factible,BR0193|BR0332,3.0,392.487577,269.708758,270.75582,398.48757717300293,275.7087577045417,276.7558195950609,2,4,6,48,137.4508327986839
t3_0_c01163,par_factible,BR0246|BR0339,3.0,390.894654,233.319721,258.280106,396.8946539809104,239.31972128572698,264.2801058692704,2,5,6,60,129.7073140197018
t3_0_c01164,par_factible,BR0329|BR0382,3.0,393.27172,254.77571,230.043427,399.2717203362397,260.77570989371867,236.04342686932765,2,4,7,56,134.56624469520045
t3_0_c01165,par_factible,BR0117|BR0272,3.0,392.659284,291.070543,247.274411,398.6592842518396,297.0705431263663,253.27441110374102,2,4,7,56,141.84094340024586
t3_0_c01166,par_factible,BR0252|BR0277,3.0,399.042172,268.925914,300.070503,405.04217181532636,274.9259135096694,306.0705025502375,1,4,5,20,138.62754033129372
t3_0_c01167,par_factible,BR0142|BR0406,3.0,390.445309,289.293674,310.800216,396.44530856703506,295.2936742232436,316.8002157095639,2,4,5,40,141.02731555357363
t3_0_c01168,par_factible,BR0127|BR0398,3.0,387.594694,287.516689,207.042137,393.5946942876834,293.5166892084424,213.04213700938544,2,4,8,64,140.0838702336648
t3_0_c01169,par_factible,BR0136|BR0403,3.0,389.477837,261.267238,302.465377,395.4778370055106,267.2672383215346,308.465377044743,2,4,5,40,135.1162233082661
t3_0_c01170,par_factible,BR0046|BR0224,3.0,390.85461,265.073563,143.157067,396.8546103352174,271.0735631751822,149.1570667220991,2,4,12,96,136.17292018560644
t3_0_c01171,par_factible,BR0051|BR0337,3.0,390.963392,255.565248,218.514918,396.9633915955037,261.56524837726937,224.51491846284088,2,4,8,64,134.25660346030034
t3_0_c01172,par_factible,BR0326|BR0390,3.0,388.652264,259.274287,248.629175,394.652263854495,265.2742874553439,254.62917466905313,2,4,7,56,134.54160067478878
t3_0_c01173,par_factible,BR0003|BR0298,3.0,393.688551,303.942095,153.152617,399.6885509581142,309.94209523137846,159.15261740971206,2,3,11,66,144.6749533515785
t3_0_c01174,par_factible,BR0188|BR0350,3.0,389.817818,289.483984,199.262065,395.8178182857636,295.4839837123464,205.26206528503795,2,4,8,64,140.93818593233638
t3_0_c01175,par_factible,BR0016|BR0237,3.0,392.088981,290.652316,236.365855,398.0889813739175,296.65231574920614,242.3658547495768,2,4,7,56,141.63940818004556
t3_0_c01176,par_factible,BR0127|BR0411,3.0,385.334057,285.822861,204.479205,391.33405722955985,291.8228610826378,210.4792049147656,2,4,8,64,139.27765918699237
t3_0_c01177,par_factible,BR0076|BR0224,3.0,407.311522,264.286102,156.401528,413.3115222614583,270.28610223071723,162.4015276877711,1,4,11,44,139.36750754172795
t3_0_c01178,par_factible,BR0011|BR0243,3.0,390.840291,282.785974,286.123451,396.84029108174445,288.7859744762404,292.1234514116323,2,4,6,48,139.78109389561362
t3_0_c01179,par_factible,BR0350|BR0396,3.0,387.908595,288.435056,208.733932,393.908594622145,294.43505634159374,214.73393195941563,2,4,8,64,140.33509703644012
t3_0_c01180,par_factible,BR0265|BR0286,3.0,389.91528,262.998776,193.321632,395.9152800861448,268.9987756574351,199.32163161040427,2,4,9,72,135.55842115057692
t3_0_c01181,par_factible,BR0284|BR0299,3.0,390.509871,289.700944,213.705415,396.5098705856645,295.7009441234254,219.70541486086674,2,4,8,64,141.12350962468702
t3_0_c01182,par_factible,BR0270|BR0398,3.0,393.29945,291.540004,201.223236,399.29944993821795,297.54000387490316,207.22323636650185,2,4,8,64,142.06716693437738
t3_0_c01183,par_factible,BR0183|BR0288,3.0,391.049068,258.251623,217.321418,397.0490684812391,264.25162302151205,223.32141813523043,2,4,8,64,134.82175158058126
t3_0_c01184,par_factible,BR0169|BR0350,3.0,385.082523,286.549658,208.723999,391.0825229682986,292.54965808345975,214.72399861805974,2,4,8,64,139.37455271187733
t3_0_c01185,par_factible,BR0011|BR0136XL,3.0,383.951567,287.515077,286.466327,389.95156716355405,293.51507734369653,292.4663273407907,2,4,6,48,139.34080418088695
t3_0_c01186,par_factible,BR0139|BR0363,3.0,393.480121,292.475335,274.309297,399.48012080891357,298.47533511218177,280.3092972529733,2,4,6,48,142.2946902999175
t3_0_c01187,par_factible,BR0279|BR0305,3.0,393.662241,293.734721,251.09036,399.66224080248594,299.7347212956703,257.0903604578042,2,4,7,56,142.58857535130605
t3_0_c01188,par_factible,BR0415|BR0417,3.0,390.610049,252.927656,243.2379,396.6100491991459,258.9276558782981,249.23789973404345,2,4,7,56,133.64683080070213
t3_0_c01189,par_factible,BR0006|BR0142,3.0,393.396179,293.525754,304.021367,399.39617917170466,299.52575443556543,310.0213668746548,2,4,5,40,142.49172958354131
t3_0_c01190,par_factible,BR0123|BR0135,3.0,387.696777,287.431325,275.405017,393.6967765452024,293.43132497995583,281.40501653150005,2,4,6,48,140.08727859840124
t3_0_c01191,par_factible,BR0291|BR0314,3.0,390.97434,299.319874,188.828178,396.9743401761014,305.319874096951,194.82817753979117,2,3,9,54,143.1792485775846
t3_0_c01192,par_factible,BR0348|BR0363,3.0,386.806579,293.424041,287.967183,392.80657947842775,299.4240405447087,293.9671832722577,2,4,6,48,141.12754740532853
t3_0_c01193,par_factible,BR0055|BR0417,3.0,390.844812,233.539202,246.540264,396.8448117102123,239.53920163028332,252.54026428242537,2,5,7,70,129.74189874423968
t3_0_c01194,par_factible,BR0239|BR0246,3.0,384.673059,249.259277,250.62701,390.67305928707566,255.25927721149213,256.62701014498236,2,4,7,56,131.688549744866
t3_0_c01195,par_factible,BR0081|BR0326,3.0,389.802164,260.253836,271.658963,395.80216371345716,266.2538362790804,277.6589634234487,2,4,6,48,134.9757390402727
t3_0_c01196,par_factible,BR0089|BR0190,3.0,385.970823,256.990086,247.530073,391.97082275055317,262.9900863931265,253.5300725520268,2,4,7,56,133.52923733816098
t3_0_c01197,par_factible,BR0251|BR0256,3.0,390.112347,268.814967,346.74794,396.1123469670746,274.8149669887781,352.74793967041495,2,4,5,40,136.784365740235
t3_0_c01198,par_factible,BR0150|BR0209,3.0,392.618488,290.495991,185.841917,398.6184876883979,296.49599081489805,191.8419174155939,2,4,9,72,141.71549001086564
t3_0_c01199,par_factible,BR0136XL|BR0310,3.0,392.998373,270.909334,293.202178,398.9983727138002,276.9093342048773,299.2021777497113,2,4,6,48,137.79973637485782
t3_0_c01200,par_factible,BR0230|BR0316,3.0,400.277294,297.258522,146.799657,406.27729366752834,303.25852156219105,152.79965707951317,1,3,11,33,144.65561982257276
t3_0_c01201,par_factible,BR0057|BR0094,3.0,390.210967,264.457309,217.533278,396.21096711142405,270.4573090232126,223.53327753599123,2,4,8,64,135.91606037403398
t3_0_c01202,par_factible,BR0107|BR0321,3.0,389.12536,252.506519,243.537616,395.1253597455431,258.5065185388722,249.53761594239774,2,4,7,56,133.2582830345393
t3_0_c01203,par_factible,BR0292|BR0375,3.0,393.005096,293.28677,278.952878,399.00509570514356,299.2867698805228,284.95287807702897,2,4,6,48,142.3632753487597
t3_0_c01204,par_factible,BR0033|BR0150,3.0,389.957002,289.088844,188.021066,395.95700172136685,295.08884431540605,194.02106616440022,2,4,9,72,140.8860032694746
t3_0_c01205,par_factible,BR0118|BR0153,3.0,391.587297,291.175813,224.624659,397.58729703907886,297.17581280799885,230.62465921482124,2,4,7,56,141.64385521856832
t3_0_c01206,par_factible,BR0123|BR0267,3.0,392.453827,270.816175,293.741198,398.45382676334225,276.81617472290566,299.74119839061814,2,4,6,48,137.6697250736489
t3_0_c01207,par_factible,BR0255|BR0267,3.0,402.487458,270.903085,338.153842,408.4874577173065,276.90308509258193,344.15384244762765,1,4,5,20,139.73303625074178
t3_0_c01208,par_factible,BR0134|BR0135,3.0,389.347337,288.641751,271.45041,395.3473368840314,294.6417511378393,277.45040955911986,2,4,6,48,140.67055821037118
t3_0_c01209,par_factible,BR0125|BR0312,3.0,393.002687,292.245186,207.671112,399.0026873759231,298.24518608075834,213.67111175758572,2,4,8,64,142.15043291675462
t3_0_c01210,par_factible,BR0021|BR0034,3.0,390.979563,253.663605,190.586139,396.97956327893684,259.6636054379848,196.58613947299793,2,4,9,72,133.87220565074855
t3_0_c01211,par_factible,BR0218|BR0319,3.0,391.124873,290.161747,164.393427,397.12487274696366,296.16174695530674,170.39342747354007,2,4,10,80,141.34283785979008
t3_0_c01212,par_factible,BR0113|BR0196,3.0,391.306239,290.454116,273.32207,397.3062394954711,296.4541159141641,279.3220700616783,2,4,6,48,141.43942006312642
t3_0_c01213,par_factible,BR0033|BR0270,3.0,392.942335,291.668537,189.15052,398.94233474706175,297.6685371318397,195.1505195714386,2,4,9,72,142.02056511292588
t3_0_c01214,par_factible,BR0036|BR0275,3.0,387.330123,288.165543,164.189257,393.3301229663282,294.16554326068893,170.18925711492426,2,4,10,80,140.1622153368027
t3_0_c01215,par_factible,BR0234|BR0265,3.0,390.763804,253.173824,186.387775,396.7638039951409,259.17382437202,192.38777463295818,2,4,9,72,133.7283646008483
t3_0_c01216,par_factible,BR0294|BR0314XL,3.0,391.645707,292.211938,176.743555,397.6457073390129,298.21193758682386,182.7435545750181,2,4,9,72,141.86700202361607
t3_0_c01217,par_factible,BR0008|BR0213,3.0,390.066369,300.387557,193.584282,396.06636882282277,306.38755654562465,199.5842815282384,2,3,9,54,143.21180945330224
t3_0_c01218,par_factible,BR0054|BR0327,3.0,389.943748,260.783091,250.324789,395.94374790050045,266.7830905035396,256.32478941927434,2,4,7,56,135.11250528114985
t3_0_c01219,par_factible,BR0211|BR0316,3.0,389.527462,289.085585,167.70515,395.5274615340951,295.0855851900529,173.70515042282017,2,4,10,80,140.79776691623812
t3_0_c01220,par_factible,BR0165|BR0207,3.0,393.738767,292.737784,190.59849,399.7387672214313,298.7377842867141,196.59848999623563,2,4,9,72,142.4009279323436
t3_0_c01221,par_factible,BR0170|BR0319,3.0,389.637074,289.166816,150.273038,395.637073957405,295.1668159764723,156.2730377208206,2,4,11,88,140.83667480812994
t3_0_c01222,par_factible,BR0156|BR0158,3.0,393.602961,292.158899,169.081459,399.6029607379732,298.15889869210383,175.08145883911834,2,4,10,80,142.25522108666198
t3_0_c01223,par_factible,BR0232|BR0374,3.0,392.171185,291.576682,250.510781,398.1711850223617,297.5766823815497,256.5107806883197,2,4,7,56,141.8446212852011
t3_0_c01224,par_factible,BR0097|BR0227,3.0,388.880377,252.281812,187.214108,394.88037654557104,258.28181201006345,193.21410799569415,2,4,9,72,133.16252569941577
t3_0_c01225,par_factible,BR0210|BR0214,3.0,393.913409,293.937924,179.74318,399.9134090240427,299.93792436301374,185.74318012676798,2,4,9,72,142.6812096609697
t3_0_c01226,par_factible,BR0241|BR0281,3.0,391.797854,286.020604,240.019792,397.7978538835815,292.020603973556,246.01979156252673,2,4,7,56,140.63577122469673
t3_0_c01227,par_factible,BR0028|BR0169,3.0,387.434659,287.930293,214.747068,393.4346593652491,293.9302933477036,220.74706772157182,2,4,8,64,140.1355663023349
t3_0_c01228,par_factible,BR0038|BR0332,3.0,388.727281,265.810684,247.317848,394.72728083471833,271.81068374934256,253.3178476152236,2,4,7,56,135.88949328930903
t3_0_c01229,par_factible,BR0015|BR0347,3.0,387.800281,287.333887,241.739822,393.8002808721008,293.3338868637845,247.73982150746173,2,4,7,56,140.08851533861065
t3_0_c01230,par_factible,BR0144|BR0281,3.0,392.051679,290.98978,216.434176,398.0516790059212,296.98978041110615,222.4341757985495,2,4,8,64,141.70060334699843
t3_0_c01231,par_factible,BR0217|BR0230,3.0,416.222141,311.903174,146.801819,422.22214130730873,317.9031742454769,152.80181914209018,1,3,11,33,150.8920113257463
t3_0_c01232,par_factible,BR0103|BR0284,3.0,383.929664,284.916224,205.723143,389.9296635230018,290.91622398285926,211.72314331214736,2,4,8,64,138.8065010205629
t3_0_c01233,par_factible,BR0007|BR0348,3.0,393.859416,293.899217,293.928795,399.8594155594018,299.89921735983035,299.9287948445525,2,4,6,48,142.66231048302387
t3_0_c01234,par_factible,BR0219|BR0276,3.0,392.454691,291.771324,161.329491,398.4546905904783,297.7713237501752,167.3294910671474,2,4,10,80,141.94210282174384
t3_0_c01235,par_factible,BR0241|BR0412,3.0,389.483041,288.931571,239.013744,395.483040618598,294.9315709627112,245.01374445142824,2,4,7,56,140.7573112296247
t3_0_c01236,par_factible,BR0126|BR0244,3.0,390.972367,290.047479,246.29676,396.97236739114976,296.0474792270639,252.29676043231538,2,4,7,56,141.28844987119544
t3_0_c01237,par_factible,BR0053|BR0069,3.0,387.255245,255.110217,217.080765,393.2552450772155,261.110217140495,223.08076485466557,2,4,8,64,133.40784143072588
t3_0_c01238,par_factible,BR0247|BR0348,3.0,389.395104,266.779937,314.621858,395.39510422258115,272.7799368607214,320.6218583366125,2,4,5,40,136.2232499660148
t3_0_c01239,par_factible,BR0206|BR0351,3.0,386.52108,287.233601,202.536092,392.5210803695573,293.2336011520662,208.53609225173508,2,4,8,64,139.80727452020867
t3_0_c01240,par_factible,BR0108|BR0345,3.0,390.50006,291.490952,316.957116,396.500060410433,297.4909523723906,322.9571162397675,2,4,5,40,141.4864450117887
t3_0_c01241,par_factible,BR0162|BR0284,3.0,389.869783,289.492612,218.572245,395.86978268904284,295.4926121638198,224.57224453725772,2,4,8,64,140.95053921567026
t3_0_c01242,par_factible,BR0281|BR0346,3.0,388.594999,288.455902,235.382733,394.5949989760778,294.45590217423666,241.3827334977728,2,4,7,56,140.47928667692446
t3_0_c01243,par_factible,BR0300|BR0359,3.0,393.32186,256.072733,216.774186,399.3218602159616,262.07273278799147,222.77418577707232,2,4,8,64,134.84089561752356
t3_0_c01244,par_factible,BR0284|BR0351,3.0,381.831976,283.621691,207.797474,387.8319755531521,289.62169054996946,213.7974739590642,2,4,8,64,138.11491663672203
t3_0_c01245,par_factible,BR0178|BR0228,3.0,392.006195,264.153748,178.074136,398.00619476884566,270.15374842895824,184.07413599707115,2,4,9,72,136.2201719057704
t3_0_c01246,par_factible,BR0305|BR0410,3.0,386.655768,283.13679,279.948368,392.6557683072786,289.13679013556674,285.9483681278964,2,4,6,48,138.99950223095726
t3_0_c01247,par_factible,BR0019|BR0310,3.0,392.226767,269.438392,275.94912,398.22676737228034,275.4383918078153,281.9491200517739,2,4,6,48,137.3425400978788
t3_0_c01248,par_factible,BR0375|BR0400,3.0,390.632417,300.868545,278.577969,396.6324174371624,306.86854452924456,284.57796869973646,2,3,6,36,143.4252725721523
t3_0_c01249,par_factible,BR0135|BR0306,3.0,388.541877,289.760208,270.96318,394.54187734096143,295.76020827203774,276.96318031508883,2,4,6,48,140.73437015555538
t3_0_c01250,par_factible,BR0114|BR0140,3.0,392.78684,303.062473,250.460876,398.7868395950783,309.062473158263,256.4608763904497,2,3,7,42,144.3117864940553
t3_0_c01251,par_factible,BR0304|BR0309,3.0,391.883764,265.508078,176.270128,397.88376406694044,271.5080776864112,182.27012782402025,2,4,9,72,136.47132349711552
t3_0_c01252,par_factible,BR0363|BR0403,3.0,396.908824,262.701384,289.683967,402.90882386534315,268.7013842293625,295.68396726654987,1,4,6,24,136.92358982562806
t3_0_c01253,par_factible,BR0066|BR0365,3.0,392.461375,292.791552,171.969293,398.46137547305307,298.7915523894154,177.96929262784207,2,4,10,80,142.15146337665004
t3_0_c01254,par_factible,BR0101|BR0319,3.0,390.469757,289.769662,165.741184,396.46975732285966,295.76966201328,171.74118396039736,2,4,10,80,141.12934135293366
t3_0_c01255,par_factible,BR0055|BR0246,3.0,391.097289,233.598086,248.35327,397.0972892646169,239.59808612452542,254.35326992483706,2,5,7,70,129.80537724549282
t3_0_c01256,par_factible,BR0068|BR0186,3.0,390.398445,289.258952,209.205079,396.39844528655664,295.2589516890031,215.20507889775578,2,4,8,64,141.010682359951
t3_0_c01257,par_factible,BR0130|BR0241,3.0,391.935618,291.509809,255.835561,397.9356175240708,297.5098089434923,261.8355605989824,2,4,6,48,141.78296156321366
t3_0_c01258,par_factible,BR0216|BR0315,3.0,390.824661,270.11231,176.696592,396.8246609094626,276.11231036671757,182.69659212867023,2,4,9,72,137.19408180961878
t3_0_c01259,par_factible,BR0136XL|BR0137,3.0,392.698886,270.799523,293.544771,398.69888567423345,276.7995228171495,299.54477135164467,2,4,6,48,137.71629123167847
t3_0_c01260,par_factible,BR0156|BR0200,3.0,389.247155,288.568284,173.100937,395.2471551074377,294.568283576503,179.100936814943,2,4,10,80,140.63515569499302
t3_0_c01261,par_factible,BR0001|BR0252,3.0,388.602596,269.669351,319.19691,394.60259614288907,275.669351320454,325.19690975831196,2,4,5,40,136.65075381515658
t3_0_c01262,par_factible,BR0164|BR0317,3.0,389.294585,288.913006,155.301215,395.294584591822,294.91300642034236,161.30121498953488,2,4,11,88,140.71510520125673
t3_0_c01263,par_factible,BR0113|BR0131,3.0,389.8764,291.043861,273.768589,395.87640045380044,297.0438610792633,279.7685893969368,2,4,6,48,141.26814710154204
t3_0_c01264,par_factible,BR0278|BR0306,3.0,391.41881,291.972713,273.373124,397.4188097232571,297.9727131958498,279.3731240076897,2,4,6,48,141.77197205282502
t3_0_c01265,par_factible,BR0068|BR0199,3.0,389.774873,288.955282,217.282051,395.77487321556885,294.9552817292176,223.28205097642387,2,4,8,64,140.82164219057825
t3_0_c01266,par_factible,BR0232|BR0310XL,3.0,393.537366,293.156104,260.014284,399.5373659583521,299.15610438065164,266.0142839195342,2,4,6,48,142.4451519549447
t3_0_c01267,par_factible,BR0237|BR0386,3.0,390.840291,282.785974,231.527457,396.84029108174445,288.7859744762404,237.527457149342,2,4,7,56,139.78109389561362
t3_0_c01268,par_factible,BR0136XL|BR0375,3.0,389.257066,291.754655,274.870171,395.25706604855003,297.7546554609448,280.8701713121514,2,4,6,48,141.2867933760438
t3_0_c01269,par_factible,BR0248|BR0255,3.0,392.420831,271.896257,345.561496,398.42083127647885,277.89625749134325,351.56149627244963,2,4,5,40,137.88319852554986
t3_0_c01270,par_factible,BR0149|BR0315,3.0,389.658587,288.679904,172.851303,395.65858728182104,294.6799038144535,178.85130313779942,2,4,10,80,140.7417922724311
t3_0_c01271,par_factible,BR0152|BR0320,3.0,391.309586,290.006339,209.449177,397.3095855043588,296.0063393736525,215.44917650496706,2,4,8,64,141.3488124114192
t3_0_c01272,par_factible,BR0198|BR0209XL,3.0,383.034186,284.770114,185.839194,389.0341861609563,290.77011430793596,191.8391943331941,2,4,9,72,138.59414892332157
t3_0_c01273,par_factible,BR0142|BR0277,3.0,393.389589,303.641564,293.897828,399.38958879015485,309.6415636247897,299.8978280844213,2,3,6,36,144.55273239856155
t3_0_c01274,par_factible,BR0159|BR0217,3.0,393.658002,292.59746,165.457621,399.6580020192778,298.59745984669075,171.45762101060393,2,4,10,80,142.35585359143087
t3_0_c01275,par_factible,BR0113|BR0143,3.0,392.607262,286.637362,276.043727,398.60726217518965,292.6373619607845,282.0437270471082,2,4,6,48,140.92652887583571
t3_0_c01276,par_factible,BR0028|BR0104,3.0,393.499193,291.556397,208.807768,399.4991932196886,297.55639704878485,214.8077677730391,2,4,8,64,142.1112314512688
t3_0_c01277,par_factible,BR0104|BR0320,3.0,392.880319,291.164272,207.782171,398.8803186708651,297.1642719195882,213.78217071223906,2,4,8,64,141.9051153089609
t3_0_c01278,par_factible,BR0091|BR0384,3.0,392.992677,254.597476,214.342332,398.992677490993,260.59747639908045,220.3423318937928,2,4,8,64,134.47301812233914
t3_0_c01279,par_factible,BR0149|BR0209XL,3.0,389.627675,289.910878,178.896058,395.62767494427794,295.910878340509,184.89605839751545,2,4,9,72,140.98645326906973
t3_0_c01280,par_factible,BR0179|BR0315,3.0,392.691801,301.930344,157.324339,398.69180071802435,307.93034432905927,163.32433879972743,2,3,11,66,144.0615993979783
t3_0_c01281,par_factible,BR0014|BR0323,3.0,392.441641,291.762365,239.967438,398.4416411186212,297.7623646066953,245.9674384836141,2,4,7,56,141.93761584613995
t3_0_c01282,par_factible,BR0033|BR0336,3.0,384.505196,285.363721,187.513682,390.50519604293777,291.3637207960803,193.51368194956876,2,4,9,72,139.01506969195069
t3_0_c01283,par_factible,BR0003|BR0167,3.0,389.206155,301.40448,156.220729,395.2061547372666,307.40447977164547,162.2207286283086,2,3,11,66,143.24375830966608
t3_0_c01284,par_factible,BR0094|BR0107,3.0,386.890129,263.906219,234.364002,392.8901294864962,269.9062190002876,240.36400178879623,2,4,7,56,135.12667655184174
t3_0_c01285,par_factible,BR0245|BR0381,3.0,388.608978,251.945978,235.418348,394.60897825153114,257.9459776244962,241.4183478683989,2,4,7,56,133.03872698797704
t3_0_c01286,par_factible,BR0199|BR0272,3.0,392.486949,292.824684,232.374897,398.48694934736005,298.82468384647103,238.3748972348873,2,4,7,56,142.16343184379838
t3_0_c01287,par_factible,BR0217|BR0285,3.0,392.019356,292.478763,166.216664,398.0193562408418,298.47876324451363,172.2166642351716,2,4,10,80,141.9975778767289
t3_0_c01288,par_factible,BR0241|BR0346,3.0,384.993709,285.567848,244.649022,390.99370921773834,291.5678484378997,250.64902188252373,2,4,7,56,139.15628086761225
t3_0_c01289,par_factible,BR0120|BR0397,3.0,392.184603,292.698573,217.967346,398.18460326230354,298.698572701324,223.96734571072008,2,4,8,64,142.07608072652957
t3_0_c01290,par_factible,BR0108|BR0282,3.0,416.095826,311.808517,271.252637,422.09582555729634,317.80851737964485,277.2526372225429,1,3,6,18,150.8469608434131
t3_0_c01291,par_factible,BR0270|BR0387,3.0,390.726889,291.457494,192.911398,396.7268887198482,297.4574938956201,198.91139819540604,2,4,9,72,141.52586801538598
t3_0_c01292,par_factible,BR0247|BR0403,3.0,380.305908,253.932624,323.278229,386.3059077909154,259.9326236665063,329.27822888739223,2,4,5,40,131.75097481293
t3_0_c01293,par_factible,BR0108|BR0400,3.0,390.95439,291.816654,308.474404,396.9543904286307,297.81665389159565,314.47440436672275,2,4,5,40,141.6454728481603
t3_0_c01294,par_factible,BR0034|BR0229,3.0,393.857518,261.588276,193.565696,399.85751753837064,267.58827566925663,199.56569573117528,2,4,9,72,136.0745755774979
t3_0_c01295,par_factible,BR0269|BR0286,3.0,384.26691,285.023279,185.463239,390.26690982782407,291.023279266997,191.46323911321915,2,4,9,72,138.89708238426525
t3_0_c01296,par_factible,BR0167|BR0309,3.0,389.895315,300.219367,156.68485,395.8953151331771,306.21936714224915,162.68485017034706,2,3,11,66,143.14264674320617
t3_0_c01297,par_factible,BR0281|BR0296,3.0,391.592871,291.513178,229.426646,397.59287113508947,297.5131777293563,235.42664611946657,2,4,7,56,141.7137714300603
t3_0_c01298,par_factible,BR0011|BR0363,3.0,391.01325,289.863436,279.013835,397.0132503112051,295.8634363689597,285.0138345330186,2,4,6,48,141.2592633394831
t3_0_c01299,par_factible,BR0041|BR0245,3.0,389.242853,252.35355,239.756576,395.2428528861134,258.3535500192553,245.75657585230093,2,4,7,56,133.25105054135955
t3_0_c01300,par_factible,BR0114|BR0195,3.0,410.20528,307.394336,269.826555,416.20527977831523,313.39433623894007,275.8265549229997,1,3,6,18,148.7460990860867
t3_0_c01301,par_factible,BR0107|BR0417,3.0,392.159694,254.381839,239.871761,398.15969369349614,260.38183850095993,245.87176076819705,2,4,7,56,134.2592318439258
t3_0_c01302,par_factible,BR0150|BR0198,3.0,386.502443,286.878376,191.163296,392.5024434351214,292.8783757319654,197.16329574882784,2,4,9,72,139.73105385669453
t3_0_c01303,par_factible,BR0123|BR0136XL,3.0,384.221805,287.621909,282.473649,390.2218053593318,293.62190889114254,288.47364896116267,2,4,6,48,139.41767874627408
t3_0_c01304,par_factible,BR0154|BR0350,3.0,390.146619,290.125347,211.263498,396.1466192351164,296.12534699390955,217.26349776504173,2,4,8,64,141.13597680510213
t3_0_c01305,par_factible,BR0082|BR0139,3.0,392.021592,292.581713,285.423463,398.0215922726906,298.58171287512397,291.4234633659387,2,4,6,48,142.0190224562313
t3_0_c01306,par_factible,BR0032|BR0315,3.0,391.417093,289.818584,164.432816,397.4170928596078,295.81858437220177,170.43281550901455,2,4,10,80,141.33245203502744
t3_0_c01307,par_factible,BR0100|BR0309,3.0,387.902143,288.123067,173.544587,393.90214320308746,294.12306700566666,179.54458674549542,2,4,10,80,140.27017537385404
t3_0_c01308,par_factible,BR0089|BR0417,3.0,392.247836,233.616159,247.733604,398.24783602093913,239.61615872845792,253.73360397802315,2,5,7,70,130.04362787959164
t3_0_c01309,par_factible,BR0251|BR0258,3.0,390.210572,270.148176,305.473599,396.210572346248,276.1481761227922,311.4735991569144,2,4,5,40,137.07619744526812
t3_0_c01310,par_factible,BR0189|BR0321,3.0,391.133109,253.409711,247.714245,397.1331087687297,259.40971101632766,253.7142449838771,2,4,7,56,133.8517471529169
t3_0_c01311,par_factible,BR0232|BR0363,3.0,392.123168,290.536855,264.540549,398.1231683821407,296.53685532977266,270.54054879593514,2,4,6,48,141.62283867725043
t3_0_c01312,par_factible,BR0292|BR0377,3.0,391.673184,309.963749,264.841938,397.6731840689207,315.9637485093903,270.841938248851,2,3,6,36,145.4917293737637
t3_0_c01313,par_factible,BR0006|BR0277,3.0,386.898892,286.666018,284.672602,392.89889208926746,292.66601849101164,290.6726015562865,2,4,6,48,139.76858523553088
t3_0_c01314,par_factible,BR0134|BR0136XL,3.0,390.726565,285.822835,279.519462,396.72656518206844,291.8228347275415,285.5194615431642,2,4,6,48,140.3770438143955
t3_0_c01315,par_factible,BR0137|BR0254,3.0,390.780776,268.460687,328.020567,396.7807762037679,274.4606867755564,334.0205665023441,2,4,5,40,136.84841243207427
t3_0_c01316,par_factible,BR0008|BR0215,3.0,392.625312,291.888464,181.599054,398.62531234969754,297.8884644926034,187.59905415093274,2,4,9,72,142.00076999843037
t3_0_c01317,par_factible,BR0165|BR0209,3.0,389.68879,289.02663,185.106312,395.68878954267507,295.02663037507455,191.10631245865116,2,4,9,72,140.8186381075942
t3_0_c01318,par_factible,BR0038|BR0321,3.0,389.35283,252.272591,239.765775,395.3528301048908,258.27259070275966,245.7657747729179,2,4,7,56,133.25696652551488
t3_0_c01319,par_factible,BR0129|BR0324,3.0,402.302418,260.543902,199.822993,408.3024181557192,266.5439023372997,205.82299330283033,1,4,8,32,137.58334770499874
t3_0_c01320,par_factible,BR0217|BR0219,3.0,391.424486,292.153658,166.654518,397.42448619857015,298.15365761203776,172.6545184702786,2,4,10,80,141.8100191255062
t3_0_c01321,par_factible,BR0092XL|BR0377,3.0,392.575763,310.984146,237.805942,398.57576296901317,316.9841461327757,243.80594192640024,2,3,7,42,145.88377351718427
t3_0_c01322,par_factible,BR0097|BR0229,3.0,393.594991,261.378501,193.850257,399.5949909072217,267.37850107592476,199.85025712166575,2,4,9,72,135.9782858273489
t3_0_c01323,par_factible,BR0301|BR0332,3.0,392.290604,260.336217,250.224837,398.2906039555428,266.3362173230792,256.224836890318,2,4,7,56,135.49986162663035
t3_0_c01324,par_factible,BR0028|BR0396,3.0,389.475306,288.735596,213.0261,395.47530579129153,294.73559618494215,219.02609992040186,2,4,8,64,140.71578021941562
t3_0_c01325,par_factible,BR0014|BR0272,3.0,387.922834,287.597103,241.442275,393.92283403147695,293.5971025575064,247.44227457766647,2,4,7,56,140.16716342283044
t3_0_c01326,par_factible,BR0217|BR0338,3.0,392.35759,291.704659,167.832925,398.3575896767232,297.70465890520006,173.83292468712173,2,4,10,80,141.90871530722188
t3_0_c01327,par_factible,BR0144|BR0163,3.0,384.296746,285.045635,215.668148,390.2967460839474,291.0456346865053,221.66814828148253,2,4,8,64,138.9077228889812
t3_0_c01328,par_factible,BR0314XL|BR0317,3.0,393.341729,292.073712,171.114887,399.341728780461,298.073712044486,177.1148874614555,2,4,10,80,142.18459547909214
t3_0_c01329,par_factible,BR0030|BR0216,3.0,392.696925,270.711501,173.37918,398.69692478388464,276.7115010279114,179.37917999525587,2,4,10,80,137.6979461390002
t3_0_c01330,par_factible,BR0092XL|BR0272,3.0,389.582867,290.777575,235.75524,395.5828669405612,296.77757536183543,241.75523991466846,2,4,7,56,141.15401474054977
t3_0_c01331,par_factible,BR0078|BR0114,3.0,390.143684,291.235472,267.542821,396.1436844631552,297.23547247278606,273.54282140762604,2,4,6,48,141.36170375860166
t3_0_c01332,par_factible,BR0103|BR0286,3.0,388.113787,288.021284,192.683759,394.11378688159033,294.02128394896965,198.68375886922937,2,4,9,72,140.29257305414066
t3_0_c01333,par_factible,BR0186|BR0398,3.0,388.120145,287.570885,206.72287,394.1201451619144,293.57088475727335,212.72286969873838,2,4,8,64,140.20204483571615
t3_0_c01334,par_factible,BR0099|BR0288,3.0,388.411004,255.203428,208.929096,394.4110037422964,261.2034276514843,214.92909601358411,2,4,8,64,133.6624732709033
t3_0_c01335,par_factible,BR0139|BR0407,3.0,390.88078,291.763884,276.80678,396.8807798487261,297.7638837096922,282.80678005931986,2,4,6,48,141.61970714748588
t3_0_c01336,par_factible,BR0086|BR0245,3.0,392.920906,232.268553,238.468047,398.9209055603613,238.26855301241199,244.46804747633115,2,5,7,70,129.90610776203326
t3_0_c01337,par_factible,BR0053|BR0071,3.0,387.934273,262.277495,215.703736,393.9342729037066,268.2774954146699,221.70373635305512,2,4,8,64,135.00749608937338
t3_0_c01338,par_factible,BR0199|BR0350,3.0,392.570351,291.955894,213.517553,398.5703505401101,297.95589449763725,219.51755342808158,2,4,8,64,142.0033119343012
t3_0_c01339,par_factible,BR0011|BR0193,3.0,391.605472,270.559034,298.469431,397.6054719173019,276.55903379634026,304.46943121361767,2,4,5,40,137.44434367250602
t3_0_c01340,par_factible,BR0062|BR0132,3.0,393.347028,233.877886,241.950199,399.3470284265653,239.87788575569758,247.9501987648835,2,5,7,70,130.32108342146032
t3_0_c01341,par_factible,BR0107|BR0246,3.0,387.650552,251.663313,245.283233,393.65055240603203,257.6633131894048,251.2832333682685,2,4,7,56,132.78570144657223
t3_0_c01342,par_factible,BR0109|BR0292,3.0,392.218275,312.649401,291.759366,398.21827462870357,318.6494013545805,297.7593661688588,2,3,6,36,146.1503926571425
t3_0_c01343,par_factible,BR0182|BR0241,3.0,390.063803,289.171963,250.526804,396.0638029179428,295.1719629158766,256.5268038508074,2,4,7,56,140.92472290189997
t3_0_c01344,par_factible,BR0175|BR0238,3.0,390.394576,289.614557,281.20411,396.39457574612504,295.61455712854263,287.2041096438892,2,4,6,48,141.0823920233777
t3_0_c01345,par_factible,BR0284|BR0366,3.0,393.230668,291.99528,216.438735,399.23066780743756,297.99528042680106,222.43873482505262,2,4,8,64,142.14596294276015
t3_0_c01346,par_factible,BR0080|BR0305,3.0,391.079493,266.779312,276.628951,397.07949252828337,272.77931202299055,282.62895078988635,2,4,6,48,136.5665248830324
t3_0_c01347,par_factible,BR0283|BR0370,3.0,393.704024,293.073974,226.981111,399.7040241170811,299.0739744086267,232.9811109554835,2,4,7,56,142.46238502053166
t3_0_c01348,par_factible,BR0109|BR0410,3.0,393.346971,299.430083,303.765881,399.3469705089157,305.43008343902795,309.7658809270578,2,3,5,30,143.685434036278
t3_0_c01349,par_factible,BR0299|BR0351,3.0,390.749369,290.45808,213.017707,396.74936948767044,296.45807987079735,219.01770661188888,2,4,8,64,141.32669711691494
t3_0_c01350,par_factible,BR0102|BR0145,3.0,388.117209,289.782727,185.043321,394.11720942430685,295.78272673214076,191.04332102284633,2,4,9,72,140.6523824987661
t3_0_c01351,par_factible,BR0089|BR0246,3.0,392.850894,232.255386,248.802543,398.8508941626604,238.25538648092225,254.80254291766173,2,5,7,70,129.8891499783043
t3_0_c01352,par_factible,BR0001|BR0135,3.0,393.127241,293.322053,290.080217,399.12724102051897,299.32205327083796,296.0802168388494,2,4,6,48,142.3953709054754
t3_0_c01353,par_factible,BR0145|BR0188,3.0,390.803545,302.764511,189.11162,396.8035450723372,308.7645105907758,195.11162027798235,2,3,9,54,143.84669840226564
t3_0_c01354,par_factible,BR0209XL|BR0314XL,3.0,386.415773,287.799248,181.706549,392.4157732150337,293.79924775911365,187.70654903520742,2,4,9,72,139.9011255808659
t3_0_c01355,par_factible,BR0136|BR0143,3.0,389.151106,284.776113,277.729202,395.15110619147333,290.77611259268406,283.72920183855746,2,4,6,48,139.8424503127742
t3_0_c01356,par_factible,BR0068|BR0308,3.0,385.293084,285.792161,214.54855,391.2930843991423,291.79216135916573,220.54855027056075,2,4,8,64,139.2630470455266
t3_0_c01357,par_factible,BR0015|BR0153,3.0,382.749629,292.943308,240.239716,388.74962867378724,298.9433076579618,246.2397156629741,2,4,7,56,140.202433502905
t3_0_c01358,par_factible,BR0147|BR0153,3.0,389.864395,290.787521,225.918598,395.8643946833059,296.7875208498071,231.91859780002838,2,4,7,56,141.21343843692415
t3_0_c01359,par_factible,BR0164|BR0319,3.0,386.012718,286.480904,153.106102,392.0127178345599,292.4809042044953,159.10610198329482,2,4,11,88,139.55017778574012
t3_0_c01360,par_factible,BR0036|BR0211,3.0,390.087498,290.260183,166.786702,396.0874978088342,296.2601827234851,172.78670238053726,2,4,10,80,141.15141295256257
t3_0_c01361,par_factible,BR0008|BR0150,3.0,389.868377,288.866207,188.208754,395.86837665184544,294.86620653478707,194.2087535769296,2,4,9,72,140.82254499217788
t3_0_c01362,par_factible,BR0299|BR0364,3.0,393.872488,292.744716,222.06914,399.8724879764753,298.74471565029705,228.06914006356564,2,4,7,56,142.42960318588632
t3_0_c01363,par_factible,BR0171|BR0216,3.0,391.755811,266.955609,171.117599,397.7558112683617,272.9556093497043,177.11759896188488,2,4,10,80,136.74035078859652
t3_0_c01364,par_factible,BR0252|BR0255,3.0,392.1606,270.111904,348.075092,398.16060024678194,276.1119035362764,354.07509223667404,2,4,5,40,137.4663616275348
t3_0_c01365,par_factible,BR0113|BR0252,3.0,403.310155,270.023556,295.688166,409.3101547000143,276.02355645888366,301.6881660418383,1,4,5,20,139.72144977755312
t3_0_c01366,par_factible,BR0231|BR0315,3.0,393.28966,292.11154,170.976667,399.28965952399574,298.11154013334385,176.97666667893404,2,4,10,80,142.18169208100704
t3_0_c01367,par_factible,BR0031|BR0217,3.0,392.501577,291.803514,166.396615,398.50157684022423,297.80351360761216,172.3966154312624,2,4,10,80,141.9582243522602
t3_0_c01368,par_factible,BR0149|BR0317,3.0,392.711055,291.44486,169.880658,398.7110548420882,297.44485962482156,175.88065818298085,2,4,10,80,141.92781130823846
t3_0_c01369,par_factible,BR0117|BR0143,3.0,392.961927,291.538197,248.810328,398.96192680084124,297.5381969316085,254.81032784668508,2,4,7,56,141.99798648979606
t3_0_c01370,par_factible,BR0134|BR0310XL,3.0,391.484637,291.823798,262.57096,397.4846374908466,297.8237983849077,268.57096046715196,2,4,6,48,141.75503279831892
t3_0_c01371,par_factible,BR0030|BR0032,3.0,388.00056,287.820792,165.04662,394.0005601820683,293.82079245435864,171.04661993368268,2,4,10,80,140.22861419702892
t3_0_c01372,par_factible,BR0252|BR0373,3.0,406.309592,270.98216,303.708583,412.3095923048464,276.9821595735868,309.70858252407737,1,4,5,20,140.5283897815358
t3_0_c01373,par_factible,BR0092XL|BR0313,3.0,390.044417,308.002207,215.436857,396.04441679100364,314.00220683420036,221.43685733912832,2,3,8,48,144.7597601682373
t3_0_c01374,par_factible,BR0057|BR0388,3.0,391.5523,233.642526,236.565225,397.55229987319603,239.64252647233337,242.565224810277,2,5,7,70,129.9072021091803
t3_0_c01375,par_factible,BR0010|BR0314XL,3.0,393.017411,292.376207,171.078908,399.01741124870335,298.37620745487584,177.07890797561464,2,4,10,80,142.18014652468486
t3_0_c01376,par_factible,BR0179|BR0317,3.0,389.785848,289.491158,154.795717,395.7858476905262,295.491157953414,160.79571665281662,2,4,11,88,140.93313061038538
t3_0_c01377,par_factible,BR0282|BR0373,3.0,393.176345,313.856163,270.979725,399.1763452830454,319.85616269254547,276.97972503864435,2,3,6,36,146.59174474527845
t3_0_c01378,par_factible,BR0159|BR0338,3.0,391.574079,290.130017,169.081459,397.57407949705583,296.13001745118646,175.08145883911834,2,4,10,80,141.42795044816356
t3_0_c01379,par_factible,BR0033|BR0338,3.0,393.067048,291.369573,179.52759,399.06704775224193,297.3695734589789,185.5275901715111,2,4,9,72,141.98504000228763
t3_0_c01380,par_factible,BR0217|BR0392,3.0,391.099731,291.920846,172.002766,397.0997306428105,297.9208458372385,178.00276571148194,2,4,10,80,141.69634586749214
t3_0_c01381,par_factible,BR0351|BR0397,3.0,392.224105,292.726891,217.92431,398.22410513916503,298.72689092990214,223.92430976052745,2,4,8,64,142.0899074554673
t3_0_c01382,par_factible,BR0324|BR0336,3.0,391.458891,263.312814,199.607005,397.4588909632224,269.31281396779303,205.60700482566037,2,4,8,64,135.93714677492667
t3_0_c01383,par_factible,BR0119|BR0165,3.0,391.378038,291.810733,188.368776,397.37803827436187,297.8107326578032,194.36877636456168,2,4,9,72,141.73063627567075
t3_0_c01384,par_factible,BR0287|BR0343,3.0,393.938073,271.255272,301.045138,399.9380734312276,277.25527245497415,307.04513839697745,2,4,5,40,138.06184421737038
t3_0_c01385,par_factible,BR0127|BR0284,3.0,385.494741,281.88577,207.090601,391.49474091719634,287.8857700904051,213.09060139994122,2,4,8,64,138.50774944089733
t3_0_c01386,par_factible,BR0030|BR0164,3.0,392.188341,298.350096,157.521664,398.1883405214458,304.35009591941963,163.52166432624952,2,3,11,66,143.22903902973812
t3_0_c01387,par_factible,BR0120|BR0281,3.0,391.14228,291.924218,216.242974,397.14227956132584,297.9242180845125,222.2429739124365,2,4,8,64,141.7057079808029
t3_0_c01388,par_factible,BR0148|BR0165,3.0,386.213949,287.155158,190.432663,392.2139485243335,293.15515779109876,196.4326633702162,2,4,9,72,139.72866591548055
t3_0_c01389,par_factible,BR0080|BR0107,3.0,392.875852,270.111258,254.975512,398.8758515415514,276.1112584830311,260.97551243273494,2,4,6,48,137.61205097341133
t3_0_c01390,par_factible,BR0333|BR0397,3.0,392.956678,292.213479,217.900217,398.95667813121577,298.21347855326906,223.90021663168048,2,4,8,64,142.13458851875328
t3_0_c01391,par_factible,BR0100|BR0165,3.0,387.674607,287.889227,186.803166,393.67460742027885,293.8892268481869,192.80316581146252,2,4,9,72,140.17611300070658
t3_0_c01392,par_factible,BR0085|BR0339,3.0,392.261359,262.348716,262.931139,398.2613591502869,268.3487160885787,268.93113916995264,2,4,6,48,135.90419474798483
t3_0_c01393,par_factible,BR0103|BR0351,3.0,384.752638,285.754982,204.519837,390.75263829639005,291.7549816001463,210.51983683742503,2,4,8,64,139.14528438257622
t3_0_c01394,par_factible,BR0302|BR0341,3.0,384.867461,249.640303,211.562326,390.8674605377128,255.64030285877018,217.56232595607423,2,4,8,64,131.8058640971423
t3_0_c01395,par_factible,BR0016|BR0241,3.0,385.156385,281.705266,248.262484,391.156384689886,287.7052663595864,254.26248411372,2,4,7,56,138.40196759418396
t3_0_c01396,par_factible,BR0214|BR0231,3.0,389.769839,309.565414,172.483734,395.7698387001849,315.5654139642658,178.48373433412837,2,3,10,60,145.02247760743134
t3_0_c01397,par_factible,BR0274|BR0282,3.0,392.717408,291.951693,260.038611,398.71740778184915,297.95169281322245,266.03861060632187,2,4,6,48,142.03243641081988
t3_0_c01398,par_factible,BR0135|BR0242,3.0,390.957441,291.636584,267.556419,396.95744110346527,297.63658369349344,273.55641904580847,2,4,6,48,141.60938324097017
t3_0_c01399,par_factible,BR0399|BR0400,3.0,393.402501,291.615575,286.762111,399.4025008479612,297.61557549371196,292.7621112067066,2,4,6,48,142.10358335202307
t3_0_c01400,par_factible,BR0135|BR0136,3.0,384.87928,285.458915,280.140068,390.87927986160304,291.4589151440455,286.1400684058728,2,4,6,48,139.11074312041762
t3_0_c01401,par_factible,BR0107|BR0301,3.0,386.883156,251.463333,245.965213,392.88315620609217,257.46333302274047,251.96521345922912,2,4,7,56,132.5884789457355
t3_0_c01402,par_factible,BR0251|BR0352,3.0,390.402611,267.547398,308.291328,396.4026109628168,273.54739813331594,314.29132782218903,2,4,5,40,136.5851190817804
t3_0_c01403,par_factible,BR0188|BR0367,3.0,393.411751,293.523289,193.77234,399.41175102323746,299.52328912223794,199.7723399460337,2,4,9,72,142.49440166064736
t3_0_c01404,par_factible,BR0059|BR0301,3.0,389.814219,233.42043,257.842011,395.8142189312122,239.42043023433365,263.8420112107683,2,5,6,60,129.50757373405625
t3_0_c01405,par_factible,BR0162|BR0351,3.0,392.347836,291.955961,215.359217,398.3478357888632,297.95596135724816,221.3592174056209,2,4,8,64,141.95796068218377
t3_0_c01406,par_factible,BR0170|BR0179,3.0,390.23859,291.078191,143.093232,396.23859045971625,297.0781907830823,149.0932315591607,2,4,12,96,141.3489870015899
t3_0_c01407,par_factible,BR0337|BR0357,3.0,392.191501,253.951677,218.391975,398.1915005993177,259.95167662827885,224.39197463885907,2,4,8,64,134.178017783404
t3_0_c01408,par_factible,BR0272|BR0306,3.0,393.52804,291.707638,248.113023,399.5280395187611,297.7076383449676,254.11302319059004,2,4,7,56,142.1479465573351
t3_0_c01409,par_factible,BR0032|BR0317,3.0,390.675066,289.82472,155.024144,396.6750664604821,295.8247204801951,161.02414391399975,2,4,11,88,141.18242343336948
t3_0_c01410,par_factible,BR0057|BR0086,3.0,390.892967,233.546234,238.262235,396.8929671896399,239.5462344791224,244.2622347409299,2,5,7,70,129.75315018731138
t3_0_c01411,par_factible,BR0089|BR0301,3.0,393.705431,233.93547,254.085895,399.7054311386762,239.93546962415226,260.0858953912164,2,5,6,60,130.40589210251343
t3_0_c01412,par_factible,BR0066|BR0315,3.0,389.461422,288.378233,166.083921,395.4614223760505,294.3782332618356,172.0839206556122,2,4,10,80,140.6400928925354
t3_0_c01413,par_factible,BR0150|BR0318,3.0,386.883057,286.654286,193.115404,392.88305694515435,292.65428571583976,199.11540433690737,2,4,9,72,139.76296486462672
t3_0_c01414,par_factible,BR0191|BR0355,3.0,387.654757,264.698862,213.884668,393.6547569024306,270.69886243775795,219.88466763456722,2,4,8,64,135.44416296436054
t3_0_c01415,par_factible,BR0343|BR0373,3.0,409.135927,270.579281,302.059629,415.1359268579107,276.5792807872967,308.05962890136124,1,4,5,20,141.02246842919618
t3_0_c01416,par_factible,BR0048|BR0381,3.0,393.486724,267.593672,218.904477,399.48672387632246,273.59367189100425,224.90447706784602,2,4,8,64,137.22332227672308
t3_0_c01417,par_factible,BR0027|BR0217,3.0,391.995826,291.456289,166.809791,397.99582554620235,297.45628894918127,172.80979096206974,2,4,10,80,141.78432507551145
t3_0_c01418,par_factible,BR0125|BR0197,3.0,391.003878,290.179717,191.063543,397.0038775487205,296.17971695293954,197.0635427384287,2,4,9,72,141.32183374141897
t3_0_c01419,par_factible,BR0165|BR0198,3.0,384.085579,285.454089,190.157181,390.08557928724974,291.4540892973727,196.1571810623252,2,4,9,72,138.9479446655703
t3_0_c01420,par_factible,BR0273|BR0366,3.0,393.254075,291.752632,216.605852,399.2540751298849,297.7526317681186,222.60585182289185,2,4,8,64,142.10126542263066
t3_0_c01421,par_factible,BR0006|BR0279,3.0,390.243206,291.049385,277.982422,396.243205705561,297.0493847189732,283.9824222172079,2,4,6,48,141.34405513242285
t3_0_c01422,par_factible,BR0140|BR0323,3.0,393.264151,292.32706,239.002966,399.26415083369795,298.3270604527553,245.00296608624916,2,4,7,56,142.2204304355664
t3_0_c01423,par_factible,BR0092XL|BR0141,3.0,392.242814,291.443577,230.803161,398.24281433107086,297.4435773514629,236.80316149066425,2,4,7,56,141.83208800867152
t3_0_c01424,par_factible,BR0241|BR0272,3.0,385.093985,285.800056,244.386595,391.09398511964787,291.80005637093706,250.38659528866702,2,4,7,56,139.22406554344238
t3_0_c01425,par_factible,BR0301|BR0321,3.0,390.347764,233.199916,257.0798,396.3477635431003,239.19991567344218,263.0798003997281,2,5,6,60,129.57139229695056
t3_0_c01426,par_factible,BR0134|BR0258,3.0,388.725902,289.857682,282.174348,394.7259015449893,295.85768231029584,288.174348383325,2,4,6,48,140.79176021514476
t3_0_c01427,par_factible,BR0097|BR0112,3.0,390.180685,258.650265,207.539288,396.18068496701903,264.6502649461959,213.539288014665,2,4,8,64,134.72598367241895
t3_0_c01428,par_factible,BR0033|BR0392,3.0,389.86521,290.935738,181.271898,395.86521046689353,296.9357378998606,187.27189770203498,2,4,9,72,141.2438222969937
t3_0_c01429,par_factible,BR0031|BR0285,3.0,386.129721,287.095214,168.298738,392.12972144368325,293.09521362136314,174.29873768201958,2,4,10,80,139.69927320388305
t3_0_c01430,par_factible,BR0092XL|BR0154,3.0,391.622343,292.265432,226.122088,397.6223432804368,298.2654315488623,232.1220876221598,2,4,7,56,141.87314471545344
t3_0_c01431,par_factible,BR0028|BR0398,3.0,389.379055,288.503652,213.250064,395.3790546537408,294.5036518937043,219.25006411393554,2,4,8,64,140.64886983638024
t3_0_c01432,par_factible,BR0031|BR0178,3.0,393.460292,265.842843,178.366857,399.4602919999865,271.84284329342483,184.36685682014541,2,4,9,72,136.8609857886669
t3_0_c01433,par_factible,BR0314XL|BR0319,3.0,392.331649,298.531575,167.844329,398.331648584386,304.53157507867775,173.84432928694932,2,3,10,60,143.29525456943196
t3_0_c01434,par_factible,BR0030|BR0218,3.0,383.772573,284.652887,170.785311,389.7725725853533,290.65288707072614,176.7853114453405,2,4,10,80,138.7207868819734
t3_0_c01435,par_factible,BR0103|BR0168,3.0,392.430079,292.780508,193.540938,398.43007910048186,298.7805078511565,199.5409382401205,2,4,9,72,142.14283118280088
t3_0_c01436,par_factible,BR0016|BR0283,3.0,393.046525,291.354523,235.221729,399.0465250812037,297.3545233106929,241.22172911883308,2,4,7,56,141.97778764360788
t3_0_c01437,par_factible,BR0021|BR0395,3.0,391.697945,253.63209,190.260239,397.6979451333854,259.6320897991634,196.26023897325268,2,4,9,72,134.01223953772657
t3_0_c01438,par_factible,BR0031|BR0298,3.0,405.544027,300.480807,153.103563,411.5440265169625,306.4808072120499,159.10356253291172,1,3,11,33,146.38630657064473
t3_0_c01439,par_factible,BR0289|BR0337,3.0,392.728011,233.721349,216.275079,398.7280105895057,239.72134909971595,222.27507873062797,2,5,8,80,130.16296833623275
t3_0_c01440,par_factible,BR0188|BR0291,3.0,393.433836,293.594127,193.714712,399.4338363367773,299.5941268005476,199.7147122870537,2,4,9,72,142.51334620536693
t3_0_c01441,par_factible,BR0193|BR0403,3.0,392.180453,262.279795,293.647829,398.18045266497415,268.2797954326598,299.64782947105545,2,4,6,48,135.87364894956858
t3_0_c01442,par_factible,BR0005|BR0282,3.0,388.962913,290.388997,263.96153,394.96291272003407,296.3889971461182,269.96152971304383,2,4,6,48,140.94840160370074
t3_0_c01443,par_factible,BR0028|BR0411,3.0,391.850905,290.335126,210.568128,397.85090484388456,296.3351263869196,216.56812756716295,2,4,8,64,141.52620412452686
t3_0_c01444,par_factible,BR0081|BR0240,3.0,392.063008,262.17975,268.108395,398.06300806450514,268.179749572712,274.10839491182804,2,4,6,48,135.8293083867925
t3_0_c01445,par_factible,BR0112|BR0229,3.0,385.645422,262.615905,206.809179,391.645421939277,268.61590524967806,212.80917937024083,2,4,8,64,134.60985263791133
t3_0_c01446,par_factible,BR0019|BR0301,3.0,392.852587,254.975019,260.123045,398.8525870747197,260.975018502037,266.1230450711341,2,4,6,48,134.52142825214204
t3_0_c01447,par_factible,BR0133|BR0288,3.0,392.704687,259.287865,218.596266,398.70468698688404,265.2878652572864,224.59626600731863,2,4,8,64,135.37055091624268
t3_0_c01448,par_factible,BR0192|BR0302,3.0,392.097253,233.583171,210.721725,398.0972525627303,239.58317087172577,216.72172541082642,2,5,8,80,130.0062025350573
t3_0_c01449,par_factible,BR0387|BR0401,3.0,387.806102,289.559699,201.99368,393.8061018492491,295.5596989642762,207.9936803033393,2,4,8,64,140.54348640438843
t3_0_c01450,par_factible,BR0154|BR0169,3.0,387.877989,288.411941,213.761562,393.8779889220074,294.41194107800357,219.76156188171487,2,4,8,64,140.32414475025706
t3_0_c01451,par_factible,BR0281|BR0350,3.0,391.977822,291.256028,216.277069,397.97782206038073,297.2560276246771,222.27706934457603,2,4,8,64,141.73982664323296
t3_0_c01452,par_factible,BR0107|BR0353,3.0,386.141301,254.735339,243.272337,392.1413006349579,260.735339009833,249.27233652582947,2,4,7,56,133.10430981545176
t3_0_c01453,par_factible,BR0006|BR0082,3.0,393.099677,292.214141,284.998729,399.0996770284378,298.21414060158077,290.99872878390676,2,4,6,48,142.16387719266433
t3_0_c01454,par_factible,BR0169|BR0184,3.0,391.603102,291.109134,202.033847,397.6031023731607,297.1091336289124,208.03384714353612,2,4,8,64,141.63348338472437
t3_0_c01455,par_factible,BR0221|BR0420,3.0,413.793171,268.491752,184.013052,419.7931712680774,274.49175234951593,190.0130524313063,1,4,9,36,141.54636567127284
t3_0_c01456,par_factible,BR0189|BR0246,3.0,389.242853,252.35355,249.958983,395.2428528861134,258.3535500192553,255.95898333537758,2,4,7,56,133.25105054135955
t3_0_c01457,par_factible,BR0155|BR0366,3.0,392.577558,292.913772,216.118995,398.5775581058987,298.9137716217414,222.11899491820384,2,4,8,64,142.20006722276045
t3_0_c01458,par_factible,BR0253|BR0345,3.0,389.794061,278.879072,331.891056,395.7940607147876,284.8790722221594,337.89105605963636,2,4,5,40,138.77128092496372
t3_0_c01459,par_factible,BR0082|BR0196,3.0,392.90581,293.215594,284.165483,398.90581029760335,299.2155938481774,290.1654827158047,2,4,6,48,142.32852276162706
t3_0_c01460,par_factible,BR0027|BR0033,3.0,390.593416,291.353814,180.674312,396.59341609930544,297.3538142708007,186.6743120895691,2,4,9,72,141.47751893376272
t3_0_c01461,par_factible,BR0089|BR0353,3.0,384.228084,251.377428,242.904096,390.22808423310335,257.3774276729281,248.90409618656656,2,4,7,56,132.02966603588817
t3_0_c01462,par_factible,BR0265|BR0355,3.0,404.074285,261.67565,193.347417,410.074284678051,267.67564954991303,199.34741701194417,1,4,9,36,138.17531788541572
t3_0_c01463,par_factible,BR0323|BR0369,3.0,391.555716,311.81486,248.984194,397.5557163675689,317.8148598830687,254.98419385401354,2,3,7,42,145.8451735475306
t3_0_c01464,par_factible,BR0363|BR0407,3.0,392.968666,283.773467,270.262802,398.968666323761,289.77346732923786,276.2628020716296,2,4,6,48,140.41633713618734
t3_0_c01465,par_factible,BR0168|BR0201,3.0,391.452723,303.737583,210.438273,397.45272285364194,309.73758328933445,216.43827281671162,2,3,8,48,144.17743244505124
t3_0_c01466,par_factible,BR0400|BR0410,3.0,388.34134,288.206583,292.532628,394.3413400286562,294.20658279446246,298.53262800611435,2,4,6,48,140.3767426754574
t3_0_c01467,par_factible,BR0161|BR0198,3.0,389.634615,289.363463,187.320277,395.63461534886574,295.3634626783546,193.32027723359803,2,4,9,72,140.8762646334802
t3_0_c01468,par_factible,BR0033|BR0314XL,3.0,389.262497,289.633471,182.368877,395.26249685828367,295.6334708520238,188.36887693149856,2,4,9,72,140.85544703574055
t3_0_c01469,par_factible,BR0036|BR0319,3.0,393.56681,292.237183,155.643476,399.56680960288435,298.2371830335516,161.64347648445445,2,4,11,88,142.2638109350532
t3_0_c01470,par_factible,BR0304|BR0324,3.0,392.890174,262.76045,173.892597,398.89017420705034,268.7604498734708,179.89259741607293,2,4,10,80,136.11633518461184
t3_0_c01471,par_factible,BR0113|BR0135,3.0,389.578309,289.171528,275.752025,395.5783089389067,295.1715282845493,281.7520253313352,2,4,6,48,140.82565488755472
t3_0_c01472,par_factible,BR0033|BR0209,3.0,389.9375,288.684855,182.651412,395.9375002768195,294.68485455535625,188.65141172441994,2,4,9,72,140.79966459371573
t3_0_c01473,par_factible,BR0104|BR0312,3.0,389.663936,290.891549,210.425156,395.6639355904721,296.8915486059686,216.42515601714342,2,4,8,64,141.19377863332122
t3_0_c01474,par_factible,BR0031|BR0100,3.0,390.630866,289.791602,171.340065,396.63086560638965,295.7916020945713,177.34006525846436,2,4,10,80,141.16666008174533
t3_0_c01475,par_factible,BR0231|BR0317,3.0,391.318565,292.077724,171.857781,397.3185649973876,298.07772449126793,177.85778089437156,2,4,10,80,141.77294383051083
t3_0_c01476,par_factible,BR0144|BR0207,3.0,387.863878,287.718381,206.454437,393.8638781811146,293.7183806953924,212.45443746124673,2,4,8,64,140.17986929184647
t3_0_c01477,par_factible,BR0031|BR0219,3.0,392.564109,291.846445,162.845231,398.5641091121446,297.8464452758355,168.84523062934758,2,4,10,80,141.97972566523546
t3_0_c01478,par_factible,BR0149|BR0319,3.0,393.794246,293.840173,168.032359,399.7942463627433,299.8401734916977,174.03235858678806,2,4,10,80,142.63698671854047
t3_0_c01479,par_factible,BR0103|BR0209XL,3.0,388.806796,288.780095,191.834918,394.80679562921557,294.78009511347045,197.83491777078632,2,4,9,72,140.58856080380957
t3_0_c01480,par_factible,BR0028|BR0333,3.0,388.54833,283.888795,217.179972,394.5483301931127,289.88879477763464,223.17997244644633,2,4,8,64,139.5386595251269
t3_0_c01481,par_factible,BR0150|BR0398,3.0,390.376145,291.153796,202.998999,396.37614499279886,297.15379626210733,208.99899870471077,2,4,8,64,141.39244470028666
t3_0_c01482,par_factible,BR0031|BR0338,3.0,388.578291,287.91034,171.698614,394.5782908695129,293.91033986704844,177.69861428894257,2,4,10,80,140.36465458441617
t3_0_c01483,par_factible,BR0179|BR0319,3.0,386.259286,286.929898,152.768937,392.25928575635504,292.929897686221,158.7689365108111,2,4,11,88,139.69198439196248
t3_0_c01484,par_factible,BR0142|BR0399,3.0,392.195458,290.590417,308.032549,398.19545827600086,296.5904172718556,314.0325485696168,2,4,5,40,141.64849654390548
t3_0_c01485,par_factible,BR0003|BR0171,3.0,385.441788,286.057804,166.209355,391.4417880593163,292.0578036723392,172.20935502263774,2,4,10,80,139.34752125008268
t3_0_c01486,par_factible,BR0160|BR0164,3.0,392.710404,292.99826,157.34746,398.71040363293645,298.99825994319133,163.34746047876814,2,4,11,88,142.244375856499
t3_0_c01487,par_factible,BR0213|BR0396,3.0,390.801991,291.707401,204.8643,396.80199077027066,297.7074011496107,210.86429994345724,2,4,8,64,141.5921288317801
t3_0_c01488,par_factible,BR0287|BR0345,3.0,393.952487,304.208534,301.045023,399.9524869034514,310.20853372280027,307.045023409822,2,3,5,30,144.78308269648352
t3_0_c01489,par_factible,BR0127|BR0286,3.0,388.700252,288.456503,193.058496,394.7002523359616,294.4565030493189,199.0584955563183,2,4,9,72,140.50086756070957
t3_0_c01490,par_factible,BR0153|BR0386,3.0,387.114795,286.825988,230.665719,393.11479465128275,292.82598774680537,236.66571898504782,2,4,7,56,139.8452155755531
t3_0_c01491,par_factible,BR0086|BR0289,3.0,388.581564,259.364272,215.820947,394.58156397734433,265.3642720388023,221.8209472337229,2,4,8,64,134.5455323172572
t3_0_c01492,par_factible,BR0289|BR0391,3.0,388.880269,259.468515,192.678779,394.8802691478807,265.4685150789069,198.67877907016899,2,4,9,72,134.62768281891692
t3_0_c01493,par_factible,BR0011|BR0117,3.0,389.654889,299.885445,270.629497,395.65488940074783,305.8854454721909,276.6294969970691,2,3,6,36,143.02555247154714
t3_0_c01494,par_factible,BR0302|BR0331,3.0,389.721592,252.835544,215.926466,395.72159221229697,258.83554372971975,221.92646643167487,2,4,8,64,133.44691864261299
t3_0_c01495,par_factible,BR0153|BR0281,3.0,385.774655,286.329714,231.868211,391.77465492253066,292.32971377269024,237.86821148895348,2,4,7,56,139.47081930585543
t3_0_c01496,par_factible,BR0254|BR0410,3.0,403.484248,280.423248,304.140575,409.4842476531482,286.4232478578279,310.14057536536046,1,4,5,20,141.8771652417892
t3_0_c01497,par_factible,BR0311|BR0351,3.0,388.055162,289.738246,212.138592,394.0551622311048,295.7382461469299,218.13859200527185,2,4,8,64,140.63066429725475
t3_0_c01498,par_factible,BR0139|BR0238,3.0,393.952103,288.167431,278.076477,399.95210289022947,294.16743080448646,284.0764773975695,2,4,6,48,141.51264703256186
t3_0_c01499,par_factible,BR0286|BR0336,3.0,385.316582,281.770728,189.504864,391.31658195912996,287.77072787081073,195.5048636646214,2,4,9,72,138.44797346176162
t3_0_c01500,par_factible,BR0305|BR0348,3.0,392.629801,291.14564,285.916351,398.62980148003317,297.1456400764055,291.9163512725318,2,4,6,48,141.8502429268988
t3_0_c01501,par_factible,BR0126|BR0196,3.0,390.533556,289.831174,264.579113,396.53355562252557,295.8311741620633,270.5791126948247,2,4,6,48,141.15488884497225
t3_0_c01502,par_factible,BR0006|BR0136,3.0,383.907925,284.579762,288.993638,389.9079251430131,290.57976182754567,294.99363780386506,2,4,6,48,138.7334733884931
t3_0_c01503,par_factible,BR0256|BR0348,3.0,393.51026,284.811537,324.446724,399.510259636181,290.8115368962484,330.4467240948349,2,4,5,40,140.7383886916268
t3_0_c01504,par_factible,BR0114|BR0306,3.0,393.456491,292.459112,259.099823,399.4564907952823,298.459111874577,265.0998228804227,2,4,6,48,142.2865652741813
t3_0_c01505,par_factible,BR0272|BR0295,3.0,389.62402,290.862934,235.66116,395.62401996286684,296.86293376646796,241.6611600232944,2,4,7,56,141.17980708039445
t3_0_c01506,par_factible,BR0230|BR0298,3.0,387.504776,289.343684,143.905313,393.50477619353336,295.34368368923145,149.9053125463193,2,4,12,96,140.43801424725072
t3_0_c01507,par_factible,BR0311|BR0364,3.0,388.416235,307.860449,214.132037,394.41623502414984,313.8604493295974,220.13203698986575,2,3,8,48,144.39891628007078
t3_0_c01508,par_factible,BR0109|BR0122,3.0,411.489036,308.356341,324.354792,417.48903592796006,314.35634084728144,330.3547921567762,1,3,5,15,149.20395041289325
t3_0_c01509,par_factible,BR0187|BR0410,3.0,391.383839,266.827021,293.471574,397.38383865932985,272.8270212006118,299.47157426839277,2,4,6,48,136.63829966563537
t3_0_c01510,par_factible,BR0272|BR0413,3.0,388.787788,288.23141,238.324227,394.78778784140286,294.2314100058715,244.3242270248996,2,4,7,56,140.4728232104535
t3_0_c01511,par_factible,BR0345|BR0408,3.0,389.653609,290.778921,318.423468,395.65360873597706,296.77892141532107,324.42346755844983,2,4,5,40,141.168711549704
t3_0_c01512,par_factible,BR0279|BR0310XL,3.0,392.283152,292.342068,261.571939,398.28315242904,298.3420677306527,267.57193911114564,2,4,6,48,142.02349034856118
t3_0_c01513,par_factible,BR0211|BR0298,3.0,407.945286,302.280419,153.143646,413.94528606726624,308.28041895554884,159.1436463413391,1,3,11,33,147.24275331759736
t3_0_c01514,par_factible,BR0135|BR0375,3.0,391.14626,289.960978,268.97265,397.1462603760634,295.96097831152235,274.9726498644173,2,4,6,48,141.30626680684725
t3_0_c01515,par_factible,BR0182|BR0310XL,3.0,393.176607,293.428971,260.010844,399.1766066433651,299.4289713304697,266.01084445176963,2,4,6,48,142.42723302218855
t3_0_c01516,par_factible,BR0257|BR0306,3.0,389.162168,299.390981,272.883011,395.1621676270007,305.3909806161714,278.88301139322704,2,3,6,36,142.82429118107484
t3_0_c01517,par_factible,BR0050|BR0204,3.0,390.306248,264.548535,217.405179,396.30624759310746,270.54853501654003,223.40517880992465,2,4,8,64,135.95408412021354
t3_0_c01518,par_factible,BR0312|BR0320,3.0,392.10168,291.746126,208.504376,398.1016796555485,297.7461262259812,214.5043755096114,2,4,8,64,141.86499610224865
t3_0_c01519,par_factible,BR0200|BR0419,3.0,389.338784,290.658453,178.741042,395.33878352121707,296.6584525773392,184.74104188161616,2,4,9,72,141.07996658482287
t3_0_c01520,par_factible,BR0049|BR0326,3.0,384.954138,257.035338,247.667107,390.9541383872421,263.0353383933634,253.6671073103373,2,4,7,56,133.33118792672894
t3_0_c01521,par_factible,BR0165|BR0318,3.0,386.305236,287.068999,193.124859,392.30523577509734,293.0689988077261,199.1248585623187,2,4,9,72,139.729711433807
t3_0_c01522,par_factible,BR0198|BR0268,3.0,385.964054,286.472497,183.332503,391.964053688901,292.4724968703117,189.33250310779798,2,4,9,72,139.53854241778038
t3_0_c01523,par_factible,BR0137|BR0258,3.0,389.063899,269.576936,303.13924,395.063898826159,275.5769362080421,309.1392402608862,2,4,5,40,136.72596025162102
t3_0_c01524,par_factible,BR0006|BR0399,3.0,389.724537,288.759631,292.331337,395.72453724008716,294.7596312193392,298.3313373282591,2,4,6,48,140.7714920406578
t3_0_c01525,par_factible,BR0259|BR0326,3.0,391.877807,253.748554,246.442676,397.87780707884605,259.7485539309499,252.44267586356298,2,4,7,56,134.07265260138553
t3_0_c01526,par_factible,BR0158|BR0315,3.0,388.362849,287.735772,166.925611,394.36284880963757,293.73577184902973,172.9256112379914,2,4,10,80,140.28514182643573
t3_0_c01527,par_factible,BR0031|BR0167,3.0,392.263453,302.547851,157.20564,398.2634530598374,308.5478507068017,163.20564010938583,2,3,11,66,144.10016386679695
t3_0_c01528,par_factible,BR0144|BR0154,3.0,385.956138,286.438974,216.305681,391.9561377736173,292.43897425981163,222.30568062897765,2,4,8,64,139.5300941964177
t3_0_c01529,par_factible,BR0207|BR0209XL,3.0,392.747566,292.169309,191.451299,398.7475663390377,298.1693094463577,197.45129905543806,2,4,9,72,142.08295123045778
t3_0_c01530,par_factible,BR0271|BR0336,3.0,393.542825,291.973447,191.192591,399.54282548082506,297.97344703903445,197.19259054986549,2,4,9,72,142.20515239956362
t3_0_c01531,par_factible,BR0079|BR0326,3.0,393.305648,254.79738,265.004631,399.30564789144364,260.7973804967516,271.00463075906947,2,4,6,48,134.57757969178292
t3_0_c01532,par_factible,BR0282|BR0323,3.0,389.470851,309.188817,247.588375,395.4708511485901,315.1888168770235,253.5883753338944,2,3,7,42,144.8847437361088
t3_0_c01533,par_factible,BR0240|BR0326,3.0,392.005463,233.563063,267.654088,398.00546254894135,239.56306271469222,273.6540876220818,2,5,6,60,129.9833894523208
t3_0_c01534,par_factible,BR0259|BR0339,3.0,391.502649,233.452913,257.731875,397.50264873632983,239.45291283361843,263.7318753795388,2,5,6,60,129.85842233841962
t3_0_c01535,par_factible,BR0238|BR0400,3.0,391.216515,291.837828,286.769573,397.21651454078375,297.83782823842427,292.76957283863374,2,4,6,48,141.7032299244053
t3_0_c01536,par_factible,BR0079|BR0339,3.0,390.07553,260.486705,261.363138,396.07553017425295,266.4867050745973,267.36313752172794,2,4,6,48,135.07894704359842
t3_0_c01537,par_factible,BR0100|BR0102,3.0,391.57411,291.260674,182.47904,397.5741103863463,297.2606742841449,188.47904040475623,2,4,9,72,141.6584678227301
t3_0_c01538,par_factible,BR0065|BR0178,3.0,410.482499,265.696207,173.153358,416.48249883923296,271.6962074966105,179.15335751174118,1,4,10,40,140.30146918161947
t3_0_c01539,par_factible,BR0081|BR0123,3.0,391.483768,270.410176,289.908764,397.4837681209517,276.410175613554,295.90876353318083,2,4,6,48,137.38918322823764
t3_0_c01540,par_factible,BR0187|BR0332,3.0,408.128291,264.816067,269.826555,414.128291019944,270.8160666923301,275.8265549229997,1,4,6,24,139.6420708893525
t3_0_c01541,par_factible,BR0263|BR0288,3.0,391.126181,257.84373,205.354153,397.1261813578042,263.84372969329536,211.35415327080972,2,4,8,64,134.75431417963296
t3_0_c01542,par_factible,BR0240|BR0339,3.0,392.065467,233.576208,262.412054,398.0654674666424,239.57620780813008,268.41205406251447,2,5,6,60,129.99830280831245
t3_0_c01543,par_factible,BR0169|BR0173,3.0,384.559468,285.737682,209.975487,390.5594678789253,291.7376822227422,215.97548744773488,2,4,8,64,139.10237514814833
t3_0_c01544,par_factible,BR0305|BR0403,3.0,398.626018,262.976678,288.134126,404.6260183463815,268.976678049011,294.13412586262893,1,4,6,24,137.32980558519725
t3_0_c01545,par_factible,BR0076|BR0285,3.0,392.033556,270.599485,172.887471,398.0335557626904,276.59948531253065,178.88747071277254,2,4,10,80,137.53986566263424
t3_0_c01546,par_factible,BR0101|BR0419,3.0,391.725445,291.364968,177.221249,397.725445284152,297.36496757265235,183.22124939645627,2,4,9,72,141.7105836609183
t3_0_c01547,par_factible,BR0182|BR0232,3.0,390.896895,289.412892,249.81195,396.89689513261266,295.41289233123,255.81194958999387,2,4,7,56,141.14368755633896
t3_0_c01548,par_factible,BR0114|BR0134,3.0,391.915072,291.400847,261.063533,397.9150720118214,297.40084743331374,267.0635330101913,2,4,6,48,141.75655850053724
t3_0_c01549,par_factible,BR0046|BR0298,3.0,391.366631,267.48129,151.858333,397.36663060946614,273.48129026548077,157.85833262916182,2,4,11,88,136.76817958714514
t3_0_c01550,par_factible,BR0221|BR0304,3.0,385.663476,258.4158,173.960745,391.66347602702535,264.4157997509172,179.9607452059921,2,4,10,80,133.757242768184
t3_0_c01551,par_factible,BR0116|BR0179,3.0,392.883761,293.123297,157.210942,398.88376125725,299.12329744719534,163.21094181126233,2,4,11,88,142.30521074504492
t3_0_c01552,par_factible,BR0169|BR0411,3.0,389.489447,283.054548,208.910494,395.48944655243935,289.0545481403464,214.91049447962382,2,4,8,64,139.56044743991555
t3_0_c01553,par_factible,BR0366|BR0401,3.0,391.168589,309.35606,205.369335,397.1685894933772,315.35605992034334,211.36933535994788,2,3,8,48,145.26496420259338
t3_0_c01554,par_factible,BR0076|BR0298,3.0,406.860984,270.356016,153.059373,412.860983914082,276.35601573512366,159.05937300338482,1,4,11,44,140.5131497755771
t3_0_c01555,par_factible,BR0237|BR0366,3.0,390.057562,290.989411,225.451853,396.05756187342024,296.9894108639413,231.4518527423545,2,4,7,56,141.2939801707159
t3_0_c01556,par_factible,BR0214|BR0419,3.0,391.126314,291.939903,182.262916,397.1263136735645,297.9399027631621,188.26291638921919,2,4,9,72,141.7056506496894
t3_0_c01557,par_factible,BR0114|BR0371,3.0,387.458141,306.653658,250.932,393.45814050716467,312.653657934856,256.93199978235685,2,3,7,42,143.9575531991887
t3_0_c01558,par_factible,BR0323|BR0371,3.0,390.317092,291.359785,246.747562,396.3170920846465,297.3597854688445,252.74756192085033,2,4,7,56,141.4224011322102
t3_0_c01559,par_factible,BR0033|BR0198,3.0,386.256419,286.843392,185.575858,392.2564194235735,292.84339204497394,191.5758577138126,2,4,9,72,139.6737638060239
t3_0_c01560,par_factible,BR0001|BR0363,3.0,393.12413,293.312085,290.092372,399.1241295668865,299.3120845743957,296.0923716664767,2,4,6,48,142.39270420821248
t3_0_c01561,par_factible,BR0209XL|BR0318,3.0,389.985771,290.05176,189.334955,395.9857707221303,296.0517597257417,195.33495541524027,2,4,9,72,141.08818153881182
t3_0_c01562,par_factible,BR0117|BR0135,3.0,393.991659,292.04763,265.122232,399.99165875521766,298.04763006650813,271.1222315858873,2,4,6,48,142.31178161503072
t3_0_c01563,par_factible,BR0246|BR0321,3.0,393.337448,232.346889,253.593503,399.3374483566895,238.34688916944893,259.5935029850914,2,5,6,60,130.00700051501292
t3_0_c01564,par_factible,BR0113|BR0136XL,3.0,383.830971,287.416817,282.963046,389.8309710354284,293.4168173521641,288.9630460969629,2,4,6,48,139.29618519624717
t3_0_c01565,par_factible,BR0118|BR0213,3.0,393.999691,314.893228,206.382904,399.9996909574122,320.89322788507997,212.382904232301,2,3,8,48,146.97103340315846
t3_0_c01566,par_factible,BR0136|BR0267,3.0,392.562318,270.720392,293.763917,398.56231803447366,276.7203915655681,299.7639174067169,2,4,6,48,137.67231592253654
t3_0_c01567,par_factible,BR0134|BR0195,3.0,393.428136,303.693031,284.761685,399.4281362824999,309.693031361758,290.76168463706694,2,3,6,36,144.5710841272697
t3_0_c01568,par_factible,BR0108|BR0142,3.0,391.677683,291.237868,308.516668,397.677683379677,297.23786774806916,314.5166678181561,2,4,5,40,141.67493397099818
t3_0_c01569,par_factible,BR0259|BR0380,3.0,393.057428,254.638834,250.318008,399.0574277218359,260.63883442032466,256.3180080155114,2,4,7,56,134.49465079350878
t3_0_c01570,par_factible,BR0231|BR0319,3.0,392.588336,298.768002,167.465987,398.58833577566963,304.76800221556624,173.46598692899784,2,3,10,60,143.39578756192373
t3_0_c01571,par_factible,BR0031|BR0221,3.0,389.881468,269.858452,177.325595,395.8814676645492,275.85845164952946,183.3255950819262,2,4,9,72,136.95003451867046
t3_0_c01572,par_factible,BR0030|BR0036,3.0,385.073131,286.068421,167.320062,391.07313138170935,292.0684212320294,173.32006169477899,2,4,10,80,139.2745265267561
t3_0_c01573,par_factible,BR0193|BR0327,3.0,389.932708,260.365041,282.310107,395.9327081944092,266.3650413477351,288.31010650326664,2,4,6,48,135.0250253908551
t3_0_c01574,par_factible,BR0327|BR0332,3.0,390.851311,261.147559,250.366009,396.8513114804242,267.1475588524408,256.36600942732304,2,4,7,56,135.37183900771967
t3_0_c01575,par_factible,BR0106|BR0110,3.0,391.353243,268.532861,218.211884,397.35324266952665,274.5328610765377,224.21188360769688,2,4,8,64,136.97983766484492
t3_0_c01576,par_factible,BR0097|BR0288,3.0,389.535574,256.088259,207.606124,395.53557386672355,262.0882594573343,213.60612373661277,2,4,8,64,134.07213727299853
t3_0_c01577,par_factible,BR0127|BR0168,3.0,392.405422,292.761355,193.565762,398.40542212594016,298.76135466558725,199.56576220518983,2,4,9,72,142.13389944781392
t3_0_c01578,par_factible,BR0101|BR0116,3.0,386.558783,286.740512,169.186674,392.5587831245078,292.74051177752017,175.18667373018297,2,4,10,80,139.7144332114226
t3_0_c01579,par_factible,BR0209|BR0286,3.0,393.493768,291.853887,172.623967,399.4937679704288,297.8538867530074,178.62396727527403,2,4,10,80,142.1707756826577
t3_0_c01580,par_factible,BR0254|BR0399,3.0,390.982406,279.012991,315.452027,396.9824055613944,285.01299116405085,321.45202747720185,2,4,5,40,139.0408556015179
t3_0_c01581,par_factible,BR0217|BR0291,3.0,412.829504,309.360844,173.027264,418.82950424585505,315.3608436880331,179.02726352437327,1,3,10,30,149.68202812107813
t3_0_c01582,par_factible,BR0078|BR0292,3.0,387.053812,306.144376,271.346277,393.05381166574807,312.14437564817445,277.3462766316596,2,3,6,36,143.77129201099336
t3_0_c01583,par_factible,BR0153|BR0283,3.0,391.328853,283.062707,231.215421,397.3288534754729,289.0627069353365,237.21542127708705,2,4,7,56,139.93711731107226
t3_0_c01584,par_factible,BR0139|BR0345,3.0,410.245505,306.45872,286.966286,416.2455047969493,312.4587202441728,292.96628584865516,1,3,6,18,148.56355250583528
t3_0_c01585,par_factible,BR0011|BR0238,3.0,384.974291,291.780158,281.529019,390.97429059715415,297.78015758084615,287.5290190007896,2,4,6,48,140.41884774271156
t3_0_c01586,par_factible,BR0032|BR0297,3.0,392.366297,292.730963,152.823487,398.3662968724435,298.7309627276228,158.82348720189037,2,4,11,88,142.11972672784225
t3_0_c01587,par_factible,BR0300|BR0302,3.0,389.612772,232.955027,217.773437,395.6127724386465,238.9550270138218,223.77343713387774,2,5,8,80,129.37162068347976
t3_0_c01588,par_factible,BR0126|BR0305,3.0,392.614209,292.928677,250.949836,398.6142094943129,298.92867731774663,256.94983623864454,2,4,7,56,142.2105783510825
t3_0_c01589,par_factible,BR0078|BR0305,3.0,390.642726,290.375131,267.992718,396.642726182778,296.3751313311194,273.9927179679121,2,4,6,48,141.28804434534095
t3_0_c01590,par_factible,BR0108|BR0406,3.0,388.102112,289.771904,312.934195,394.10211193600213,295.77190359767894,318.93419527680976,2,4,5,40,140.6470979681307
t3_0_c01591,par_factible,BR0081|BR0310,3.0,386.3093,263.304108,286.703452,392.3092998674731,269.30410772855856,292.7034520012907,2,4,6,48,134.88550613578627
t3_0_c01592,par_factible,BR0121|BR0345,3.0,393.793519,293.846979,336.057555,399.79351931651735,299.8469786601113,342.0575547387389,2,4,5,40,142.6382258871822
t3_0_c01593,par_factible,BR0139|BR0358,3.0,391.113589,311.257968,259.315925,397.11358917727625,317.25796776108353,265.31592456736496,2,3,6,36,145.6414998854964
t3_0_c01594,par_factible,BR0006|BR0137,3.0,388.928863,269.530439,301.190576,394.9288628300896,275.5304389392311,307.19057567270437,2,4,5,40,136.6889504116862
t3_0_c01595,par_factible,BR0136XL|BR0292,3.0,388.969773,292.220179,282.875572,394.96977277178433,298.22017893239774,288.8755718977482,2,4,6,48,141.32312980717268
t3_0_c01596,par_factible,BR0135|BR0139,3.0,393.793118,293.13618,273.473359,399.793118128313,299.1361796718283,279.4733590556492,2,4,6,48,142.49323094804103
t3_0_c01597,par_factible,BR0311|BR0366,3.0,392.548929,292.959751,216.100835,398.54892868505465,298.9597514456777,222.10083473620318,2,4,8,64,142.20360451187202
t3_0_c01598,par_factible,BR0050|BR0300,3.0,384.304091,250.929218,216.47831,390.3040913958099,256.9292181939105,222.47831029146855,2,4,8,64,131.95378381034055
t3_0_c01599,par_factible,BR0109|BR0348,3.0,392.35766,291.800662,312.494102,398.35765983255567,297.8006617532498,318.4941021627056,2,4,5,40,141.92830205622943
t3_0_c01600,par_factible,BR0345|BR0410,3.0,403.85701,293.762636,304.104264,409.85700982267645,299.7626362253727,310.1042636512056,1,4,5,20,144.67271071315986
t3_0_c01601,par_factible,BR0306|BR0413,3.0,393.488099,291.548177,248.273926,399.48809888915906,297.5481768971489,254.27392615184115,2,4,7,56,142.10729373828906
t3_0_c01602,par_factible,BR0136XL|BR0305,3.0,388.602157,285.188809,281.672357,394.6021565324893,291.18880878088345,287.6723565269191,2,4,6,48,139.81467182739505
t3_0_c01603,par_factible,BR0109|BR0243,3.0,392.91066,303.18422,300.337684,398.9106602556707,309.1842204475132,306.3376836239829,2,3,5,30,144.3618513156338
t3_0_c01604,par_factible,BR0125|BR0188,3.0,393.381069,293.498424,193.803871,399.3810685178807,299.4984243386913,199.80387099559547,2,4,9,72,142.48307703497898
t3_0_c01605,par_factible,BR0066|BR0319,3.0,393.780286,292.151369,155.45563,399.78028641971474,298.151369459454,161.4556301011404,2,4,11,88,142.28983809972857
t3_0_c01606,par_factible,BR0033|BR0145,3.0,390.440938,289.81183,181.706549,396.44093751935696,295.81182991127525,187.70654903520744,2,4,9,72,141.13206267698925
t3_0_c01607,par_factible,BR0008|BR0314XL,3.0,387.523971,288.164226,181.899927,393.5239713231569,294.1642259062238,187.89992679474253,2,4,9,72,140.2014673250521
t3_0_c01608,par_factible,BR0225|BR0317,3.0,404.183362,263.817669,163.80909,410.18336210797617,269.81766885702547,169.80909036230634,1,4,10,40,138.63425707747228
t3_0_c01609,par_factible,BR0125|BR0308,3.0,384.376211,285.247609,207.200144,390.3762105064076,291.24760884949194,213.20014380637593,2,4,8,64,138.9651007861161
t3_0_c01610,par_factible,BR0031|BR0156,3.0,390.349335,289.376559,172.13004,396.34933451035215,295.3765586504785,178.1300404312861,2,4,10,80,141.02464692371674
t3_0_c01611,par_factible,BR0210|BR0315,3.0,387.310552,286.969022,169.909073,393.31055228388954,292.96902237883074,175.90907292268713,2,4,10,80,139.91428637364328
t3_0_c01612,par_factible,BR0056|BR0106,3.0,392.720684,266.9126,218.772093,398.72068438307406,272.91259984057416,224.77209333772439,2,4,8,64,136.928294439072
t3_0_c01613,par_factible,BR0028|BR0271,3.0,390.61095,291.338214,210.50926,396.6109499259196,297.338213870416,216.509260053591,2,4,8,64,141.47791310832528
t3_0_c01614,par_factible,BR0118|BR0386,3.0,392.139377,291.554844,223.960901,398.1393766304705,297.5548442604411,229.9609008285832,2,4,7,56,141.83368417755585
t3_0_c01615,par_factible,BR0301|BR0325,3.0,389.648337,258.224887,263.941501,395.64833721993574,264.2248870267566,269.94150053476534,2,4,6,48,134.53072869453464
t3_0_c01616,par_factible,BR0026|BR0092XL,3.0,389.03127,290.37517,229.109929,395.0312700769434,296.3751697098393,235.1099293800606,2,4,7,56,140.95951881483848
t3_0_c01617,par_factible,BR0030|BR0209XL,3.0,390.110715,289.727102,178.787882,396.11071537942723,295.7271018328095,184.7878817186289,2,4,9,72,141.04746528282095
t3_0_c01618,par_factible,BR0005|BR0153,3.0,390.618972,291.344515,245.422107,396.61897213454415,297.34451457504014,251.4221070940225,2,4,7,56,141.48083317218843
t3_0_c01619,par_factible,BR0065|BR0167,3.0,393.059928,305.406696,157.316253,399.05992757830586,311.40669582121245,163.31625301185116,2,3,11,66,144.84538703354093
t3_0_c01620,par_factible,BR0028|BR0284,3.0,389.546992,284.531673,216.133756,395.54699190850386,290.53167251063445,222.13375556168802,2,4,8,64,139.87332607933502
t3_0_c01621,par_factible,BR0153|BR0323,3.0,389.462597,290.747212,242.647239,395.4625967706166,296.7472122053891,248.64723928556523,2,4,7,56,141.12330458226415
t3_0_c01622,par_factible,BR0202|BR0217,3.0,392.741442,292.401901,165.954674,398.74144166110415,298.4019012333446,171.9546741724925,2,4,10,80,142.1291218948927
t3_0_c01623,par_factible,BR0324|BR0394,3.0,393.029018,233.78729,200.542615,399.02901752863636,239.78728976744625,206.54261452852631,2,5,8,80,130.2377792652564
t3_0_c01624,par_factible,BR0007|BR0343,3.0,409.753856,270.627429,306.822309,415.75385607794817,276.6274294791997,312.82230900932933,1,4,5,20,141.15826412989762
t3_0_c01625,par_factible,BR0142|BR0348,3.0,388.362259,288.091802,313.77081,394.3622586937893,294.09180239379725,319.77081000173996,2,4,5,40,140.35760674568533
t3_0_c01626,par_factible,BR0300|BR0341,3.0,390.48946,233.230957,223.186909,396.48946047894054,239.23095678695148,229.18690909890066,2,5,7,70,129.60660902464667
t3_0_c01627,par_factible,BR0139|BR0282,3.0,387.148247,306.263324,266.244278,393.1482469192636,312.26332388269867,272.24427757112437,2,3,6,36,143.81479527053256
t3_0_c01628,par_factible,BR0012|BR0169,3.0,386.175934,286.970394,213.179192,392.175934423311,292.9703940421834,219.17919161619844,2,4,8,64,139.68324739357683
t3_0_c01629,par_factible,BR0333|BR0336,3.0,390.074751,289.476526,201.190455,396.07475121791987,295.4765259038247,207.19045545803576,2,4,8,64,140.9890473234953
t3_0_c01630,par_factible,BR0032|BR0231,3.0,390.291438,300.608857,167.419982,396.2914384246235,306.60885736715767,173.41998205650532,2,3,10,60,143.30281259771277
t3_0_c01631,par_factible,BR0139|BR0400,3.0,391.741416,292.380859,285.853429,397.74141604710314,298.38085926945433,291.85342934170876,2,4,6,48,141.9209531736101
t3_0_c01632,par_factible,BR0247|BR0343,3.0,390.15455,256.756582,321.128982,396.15455003665033,262.7565816217825,327.1289816915164,2,4,5,40,134.33458341660202
t3_0_c01633,par_factible,BR0348|BR0400,3.0,388.129691,289.440028,291.444843,394.1296912394209,295.4400279969393,297.44484323594247,2,4,6,48,140.58505998702552
t3_0_c01634,par_factible,BR0190|BR0339,3.0,390.336184,252.90069,248.719587,396.336184178377,258.9006900644516,254.71958737986307,2,4,7,56,133.58549933594875
t3_0_c01635,par_factible,BR0089|BR0107,3.0,390.122359,253.122698,242.323899,396.12235924227224,259.12269760501255,248.3238985397041,2,4,7,56,133.58716755296325
t3_0_c01636,par_factible,BR0081|BR0137,3.0,393.560298,270.820783,292.415136,399.5602981635536,276.8207832946229,298.4151361473452,2,4,6,48,137.89624494560175
t3_0_c01637,par_factible,BR0080|BR0403,3.0,403.019823,261.002131,287.148871,409.01982274814435,267.0021313503546,293.1488711395273,1,4,6,24,137.82302835851152
t3_0_c01638,par_factible,BR0011|BR0306,3.0,393.212127,293.387991,274.120435,399.2121268890272,299.3879914007976,280.120434642796,2,4,6,48,142.42611993676348
t3_0_c01639,par_factible,BR0288|BR0357,3.0,389.747725,256.503286,217.575212,395.7477248356451,262.503286420186,223.5752116390278,2,4,8,64,134.2000022947668
t3_0_c01640,par_factible,BR0371|BR0397,3.0,393.168228,313.845939,227.407676,399.16822842689,319.8459389077444,233.40767572895928,2,3,7,42,146.58800557281026
t3_0_c01641,par_factible,BR0140|BR0237,3.0,389.974737,289.101851,234.025883,395.9747372835153,295.1018505581008,240.02588321827662,2,4,7,56,140.89227071184834
t3_0_c01642,par_factible,BR0101|BR0314XL,3.0,392.893542,291.748205,171.501217,398.893542299115,297.74820458186593,177.5012167997946,2,4,10,80,142.02685971069945
t3_0_c01643,par_factible,BR0149|BR0179,3.0,407.231343,303.283503,157.428543,413.23134340883547,309.2835029425132,163.42854335904423,1,3,11,33,147.30170160068272
t3_0_c01644,par_factible,BR0136|BR0136XL,3.0,381.681713,281.009224,291.044894,387.6817125691455,287.0092239359849,297.0448942809579,2,4,6,48,137.551669012259
t3_0_c01645,par_factible,BR0171|BR0315,3.0,385.202063,285.649518,169.524476,391.20206263185617,291.64951816202984,175.52447617989367,2,4,10,80,139.2154089284171
t3_0_c01646,par_factible,BR0304|BR0315,3.0,393.428995,265.823446,178.358933,399.4289945690166,271.8234455043283,184.35893276655307,2,4,9,72,136.85065037173186
t3_0_c01647,par_factible,BR0116|BR0419,3.0,390.119065,300.43937,172.576196,396.11906481055075,306.43937014142966,178.57619626897207,2,3,10,60,143.23311619816113
t3_0_c01648,par_factible,BR0262|BR0318,3.0,390.150493,269.951086,203.347028,396.1504926222541,275.9510856592705,209.3470281475288,2,4,8,64,137.02376723374607
t3_0_c01649,par_factible,BR0029|BR0309,3.0,387.169957,287.892793,169.362402,393.1699572575097,293.89279293659484,175.36240208532172,2,4,10,80,140.07395518738113
t3_0_c01650,par_factible,BR0089|BR0357,3.0,393.535493,263.446971,218.963254,399.53549281262696,269.4469713280192,224.9632539040978,2,4,8,64,136.38786221012154
t3_0_c01651,par_factible,BR0145|BR0419,3.0,392.832701,292.465618,176.05666,398.8327005494896,298.46561800951173,182.05666022757367,2,4,9,72,142.16071734128465
t3_0_c01652,par_factible,BR0033|BR0318,3.0,390.989981,289.846372,188.982492,396.9899807760976,295.84637182832256,194.98249165233614,2,4,9,72,141.25104028632418
t3_0_c01653,par_factible,BR0104|BR0197,3.0,392.111889,292.533343,193.447896,398.1118892965585,298.53334255719597,199.4478961327794,2,4,9,72,142.02757020463903
t3_0_c01654,par_factible,BR0117|BR0136XL,3.0,392.297645,292.662957,271.893268,398.297645237706,298.6629573977805,277.8932679027854,2,4,6,48,142.09186598073117
t3_0_c01655,par_factible,BR0285|BR0315,3.0,385.939823,286.524168,168.68391,391.9398227926111,292.5241676494279,174.68390963000041,2,4,10,80,139.54413668543097
t3_0_c01656,par_factible,BR0184|BR0269,3.0,390.916859,289.643061,189.15052,396.91685879475733,295.6430611795352,195.1505195714386,2,4,9,72,141.19468297131345
t3_0_c01657,par_factible,BR0137|BR0195,3.0,410.668835,270.698724,306.058074,416.6688349810494,276.6987241127508,312.0580738222232,1,4,5,20,141.35933926479106
t3_0_c01658,par_factible,BR0113|BR0363,3.0,392.709516,283.844745,278.68701,398.70951605389354,289.8447445121393,284.6870103378207,2,4,6,48,140.37803477391085
t3_0_c01659,par_factible,BR0314|BR0315,3.0,393.081491,290.774835,170.790293,399.0814909021498,296.7748352169018,176.7902925767852,2,4,10,80,141.8667331537312
t3_0_c01660,par_factible,BR0103|BR0213,3.0,390.993216,290.860348,199.451265,396.9932158219469,296.86034755663036,205.45126536763945,2,4,8,64,141.45842270715133
t3_0_c01661,par_factible,BR0120|BR0154,3.0,383.741786,288.13522,216.273121,389.74178599087213,294.1352200161595,222.2731207368564,2,4,8,64,139.42446605647945
t3_0_c01662,par_factible,BR0165|BR0269,3.0,386.77698,287.42875,187.53666,392.77698039959984,293.42874963362584,193.53666002899564,2,4,9,72,139.899231403308
t3_0_c01663,par_factible,BR0097|BR0395,3.0,392.431973,233.656497,200.308002,398.43197278599166,239.6564970052974,206.30800160235282,2,5,8,80,130.0893924141262
t3_0_c01664,par_factible,BR0012|BR0104,3.0,391.94723,290.406497,207.554992,397.9472304124332,296.4064971449635,213.5549917588069,2,4,8,64,141.56039297806254
t3_0_c01665,par_factible,BR0142|BR0403,3.0,393.732844,263.792926,337.999198,399.73284423545164,269.79292555839663,343.9991976250494,2,4,5,40,136.49862788865406
t3_0_c01666,par_factible,BR0167|BR0171,3.0,393.020914,292.257747,155.800011,399.0209135732135,298.25774676623115,161.80001085282237,2,4,11,88,142.1567095493261
t3_0_c01667,par_factible,BR0153|BR0272,3.0,390.40407,289.416698,236.365558,396.4040696526595,295.4166982603102,242.3655579039197,2,4,7,56,141.0439893808297
t3_0_c01668,par_factible,BR0309|BR0338,3.0,388.801916,289.144063,170.867675,394.80191571675385,295.1440633630789,176.86767501442898,2,4,10,80,140.66176943523604
t3_0_c01669,par_factible,BR0221|BR0227,3.0,388.474063,259.122486,172.231152,394.47406268277484,265.1224857599297,178.23115151968994,2,4,10,80,134.47432180279398
t3_0_c01670,par_factible,BR0085|BR0332,3.0,386.36392,263.36073,265.918721,392.36392044212874,269.3607296062855,271.9187214905798,2,4,6,48,134.9081855348449
t3_0_c01671,par_factible,BR0119|BR0291,3.0,390.940476,291.806679,193.706746,396.94047635175,297.80667912480317,199.70674565223322,2,4,9,72,141.64060254363977
t3_0_c01672,par_factible,BR0032|BR0179,3.0,391.991228,291.589403,153.568583,397.9912278399827,297.58940253088565,159.56858329242402,2,4,11,88,141.81052606949405
t3_0_c01673,par_factible,BR0166|BR0224,3.0,391.479773,270.521366,151.941289,397.479773205942,276.5213659917128,157.94128873469577,2,4,11,88,137.41103755303868
t3_0_c01674,par_factible,BR0112|BR0288,3.0,384.671055,253.093169,215.134016,390.67105541830813,259.0931692266272,221.13401567815475,2,4,8,64,132.4697705698135
t3_0_c01675,par_factible,BR0197|BR0291,3.0,391.788492,292.414607,192.88563,397.788491662793,298.4146069835246,198.88562951838696,2,4,9,72,141.93743091668043
t3_0_c01676,par_factible,BR0100|BR0171,3.0,387.829848,287.810571,173.765402,393.82984773018535,293.81057121029545,179.76540169871143,2,4,10,80,140.1917265933702
t3_0_c01677,par_factible,BR0119|BR0184,3.0,391.770352,291.301489,188.509117,397.77035170400643,297.3014893890674,194.50911654387096,2,4,9,72,141.7067973686185
t3_0_c01678,par_factible,BR0004|BR0237,3.0,393.347592,292.825114,227.379867,399.34759214551696,298.825114307953,233.37986668913646,2,4,7,56,142.3389819477003
t3_0_c01679,par_factible,BR0066|BR0297,3.0,390.193055,300.426678,152.563387,396.19305504368117,306.42667816976854,158.56338685123612,2,3,11,66,143.24561329530067
t3_0_c01680,par_factible,BR0011|BR0134,3.0,392.914409,291.257637,276.334666,398.91440937913313,297.257637242434,282.33466631241146,2,4,6,48,141.93110022865793
t3_0_c01681,par_factible,BR0069|BR0302,3.0,392.644659,254.839728,214.328377,398.6446593093297,260.8397282424103,220.3283774780311,2,4,8,64,134.45145515835677
t3_0_c01682,par_factible,BR0109|BR0113,3.0,412.172231,293.713846,295.53375,418.17223066922264,299.7138463153468,301.5337495693519,1,4,5,20,146.35801773385717
t3_0_c01683,par_factible,BR0209|BR0419,3.0,392.326209,291.219815,177.03807,398.32620886506203,297.2198153426499,183.03806984515205,2,4,9,72,141.8034707864856
t3_0_c01684,par_factible,BR0078|BR0307,3.0,393.948685,288.165496,267.78147,399.9486850104646,294.1654959698302,273.7814697861695,2,4,6,48,141.5115557554118
t3_0_c01685,par_factible,BR0006|BR0139,3.0,387.230489,289.147052,281.98828,393.23048898635443,295.14705182142956,287.9882795093844,2,4,6,48,140.34200628089377
t3_0_c01686,par_factible,BR0082|BR0135,3.0,390.776831,291.689365,287.208598,396.77683126612635,297.689364725879,293.2085976413952,2,4,6,48,141.5833223225291
t3_0_c01687,par_factible,BR0169|BR0360,3.0,392.272556,284.750922,206.192576,398.27255647572946,290.75092177685804,212.19257622446315,2,4,8,64,140.47369587208715
t3_0_c01688,par_factible,BR0123|BR0251,3.0,403.469618,269.914066,295.691199,409.4696178834057,275.9140663827107,301.69119917110913,1,4,5,20,139.73163797474342
t3_0_c01689,par_factible,BR0136XL|BR0307,3.0,390.927337,291.281621,274.14024,396.92733715724734,297.28162059040056,280.1402403879959,2,4,6,48,141.53087823601385
t3_0_c01690,par_factible,BR0134|BR0238,3.0,385.846999,282.149842,271.764794,391.84699855608187,288.1498416044724,277.7647938416151,2,4,6,48,138.63340268308954
t3_0_c01691,par_factible,BR0245|BR0300,3.0,388.59527,256.629368,218.233734,394.59526967402843,262.62936753345184,224.2337338086779,2,4,8,64,133.99075172425694
t3_0_c01692,par_factible,BR0109|BR0363,3.0,408.141046,302.540825,289.745015,414.1410458486138,308.5408253034357,295.74501507941,1,3,6,18,147.33575354781846
t3_0_c01693,par_factible,BR0225|BR0319,3.0,393.030762,263.632602,163.404546,399.0307617322297,269.6326015824895,169.40454554255152,2,4,10,80,136.32280597649728
t3_0_c01694,par_factible,BR0028|BR0153,3.0,392.401688,290.74322,224.491996,398.4016879069713,296.74321953728963,230.4919956082313,2,4,7,56,141.72169366855474
t3_0_c01695,par_factible,BR0245|BR0418,3.0,393.3336,232.346165,243.203464,399.3335998781669,238.34616541424165,249.20346374185274,2,5,7,70,130.00606835726984
t3_0_c01696,par_factible,BR0103|BR0148,3.0,390.170105,289.561831,190.648529,396.1701048066827,295.5618306451131,196.64852888271568,2,4,9,72,141.0258787873182
t3_0_c01697,par_factible,BR0137|BR0142,3.0,392.984427,270.926901,329.725843,398.9844272183053,276.92690116432885,335.72584296758725,2,4,5,40,137.80047469574598
t3_0_c01698,par_factible,BR0007|BR0108,3.0,391.723697,292.368157,307.28785,397.72369681888733,298.3681566539152,313.2878496152055,2,4,5,40,141.91475096285475
t3_0_c01699,par_factible,BR0301|BR0327,3.0,391.301246,259.594465,250.598571,397.3012460930109,265.59446510766327,256.59857056514545,2,4,7,56,135.1469339858663
t3_0_c01700,par_factible,BR0118|BR0283,3.0,387.626415,289.430884,228.231028,393.6264147189543,295.43088429437887,234.23102763865953,2,4,7,56,140.48059103227996
t3_0_c01701,par_factible,BR0158|BR0319,3.0,389.642094,289.170536,162.647785,395.64209386854697,295.17053609612213,168.64778481088152,2,4,10,80,140.8384566696573
t3_0_c01702,par_factible,BR0199|BR0320,3.0,389.903104,289.234058,217.001235,395.9031037758128,295.23405764721264,223.00123500585508,2,4,8,64,140.90462006585634
t3_0_c01703,par_factible,BR0031|BR0171,3.0,385.516825,285.959803,169.235597,391.5168245443414,291.9598031968716,175.23559663390364,2,4,10,80,139.34283949871823
t3_0_c01704,par_factible,BR0163|BR0396,3.0,388.185578,287.789784,211.471742,394.18557796199093,293.78978386629444,217.4717415415123,2,4,8,64,140.26001260515503
t3_0_c01705,par_factible,BR0146|BR0167,3.0,410.242751,310.309793,157.281693,416.2427505662647,316.30979309893735,163.28169270508195,1,3,11,33,149.34812307139694
t3_0_c01706,par_factible,BR0007|BR0345,3.0,388.184582,303.956112,305.77187,394.1845824800006,309.95611167114174,311.77186962740234,2,3,5,30,143.55569707464673
t3_0_c01707,par_factible,BR0144|BR0396,3.0,385.029517,285.752281,212.269095,391.0295173207394,291.75228103812407,218.26909519564938,2,4,8,64,139.2011821322861
t3_0_c01708,par_factible,BR0284|BR0336,3.0,388.904446,288.608036,200.493673,394.90444573943665,294.60803604873985,206.4936731357403,2,4,8,64,140.57339078250286
t3_0_c01709,par_factible,BR0319|BR0402,3.0,391.980106,292.413559,167.58728,397.9801058191987,298.4135594855369,173.58728023598013,2,4,10,80,141.97628242706128
t3_0_c01710,par_factible,BR0254|BR0348,3.0,393.367739,274.810274,318.33417,399.36773854595276,280.8102739634843,324.3341699597753,2,4,5,40,138.67033894178124
t3_0_c01711,par_factible,BR0169|BR0284,3.0,384.761141,285.761192,209.474728,390.76114110108244,291.76119216218177,215.47472848260622,2,4,8,64,139.14828404959516
t3_0_c01712,par_factible,BR0247|BR0345,3.0,403.384185,270.366791,330.806838,409.3841848637103,276.3667905890369,336.80683829671665,1,4,5,20,139.80651895061104
t3_0_c01713,par_factible,BR0371|BR0386,3.0,393.288139,293.489679,243.106386,399.2881390569096,299.4896788805418,249.10638553372132,2,4,7,56,142.462348203354
t3_0_c01714,par_factible,BR0162|BR0281,3.0,392.066486,291.321209,216.17978,398.0664862583682,297.32120861610764,222.17977971844658,2,4,8,64,141.7711916155914
t3_0_c01715,par_factible,BR0178|BR0225,3.0,390.165041,260.134734,162.627933,396.16504084169156,266.1347340167997,168.6279332122588,2,4,10,80,135.0254382993866
t3_0_c01716,par_factible,BR0057|BR0133,3.0,392.593669,259.40225,218.561663,398.59366867797235,265.4022496925548,224.5616628982459,2,4,8,64,135.3712371805356
t3_0_c01717,par_factible,BR0062|BR0246,3.0,384.021185,250.44844,235.912229,390.02118503480256,256.4484404385528,241.91222869376253,2,4,7,56,131.79808878151994
t3_0_c01718,par_factible,BR0135|BR0196,3.0,393.684469,283.553594,273.277214,399.68446913321145,289.55359402369913,279.2772142460908,2,4,6,48,140.51744406868715
t3_0_c01719,par_factible,BR0363|BR0400,3.0,390.265594,291.099166,288.197764,396.26559350780497,297.09916636506625,294.19776411488095,2,4,6,48,141.35876857754764
t3_0_c01720,par_factible,BR0123|BR0306,3.0,393.277949,291.39247,267.805945,399.2779488601241,297.3924698808174,273.80594457636016,2,4,6,48,142.03270514596156
t3_0_c01721,par_factible,BR0400|BR0403,3.0,401.91837,263.390356,309.281618,407.9183698029076,269.39035551910894,315.2816182224449,1,4,5,20,138.0853670381277
t3_0_c01722,par_factible,BR0196|BR0373,3.0,390.607666,302.859976,282.665102,396.607665999238,308.8599757486212,288.66510239455863,2,3,6,36,143.82622665603654
t3_0_c01723,par_factible,BR0149|BR0419,3.0,393.998198,293.279366,175.048811,399.99819780280416,299.2793658967229,181.04881126734415,2,4,9,72,142.564233170138
t3_0_c01724,par_factible,BR0003|BR0032,3.0,382.551119,292.74119,163.64199,388.5511188783128,298.7411899194334,169.6419895874585,2,4,10,80,140.12075612594214
t3_0_c01725,par_factible,BR0143|BR0375,3.0,393.683134,293.751131,251.063009,399.6831339050656,299.7511308998326,257.06300914396786,2,4,7,56,142.59618038835845
t3_0_c01726,par_factible,BR0118|BR0323,3.0,388.374503,307.807884,229.840321,394.37450261627606,313.80788425401136,235.84032079432453,2,3,7,42,144.3796915128007
t3_0_c01727,par_factible,BR0008|BR0265,3.0,393.732844,263.792926,195.571863,399.73284423545164,269.79292555839663,201.57186277675814,2,4,8,64,136.49862788865406
t3_0_c01728,par_factible,BR0134|BR0306,3.0,389.424095,288.537024,263.307824,395.42409515563884,294.53702387179453,269.30782423301156,2,4,6,48,140.66485607083249
t3_0_c01729,par_factible,BR0229|BR0384,3.0,387.822447,264.872697,208.773979,393.8224472482194,270.87269697382953,214.77397878436676,2,4,8,64,135.513790870958
t3_0_c01730,par_factible,BR0215|BR0315,3.0,393.172982,293.407124,180.407458,399.17298151596844,299.40712438374396,186.40745838871183,2,4,9,72,142.42203993877928
t3_0_c01731,par_factible,BR0003|BR0164,3.0,393.714218,293.778008,158.441039,399.71421781479705,299.7780084589579,164.44103863334956,2,4,10,80,142.60799720158104
t3_0_c01732,par_factible,BR0289|BR0384,3.0,388.138141,258.836329,213.469066,394.13814118901774,264.83632909897096,219.46906634012944,2,4,8,64,134.3474964909253
t3_0_c01733,par_factible,BR0007|BR0400,3.0,393.876942,293.911782,293.903152,399.8769417819893,299.9117816128932,299.90315156303626,2,4,6,48,142.66844513657134
t3_0_c01734,par_factible,BR0193|BR0343,3.0,392.578526,269.803039,303.713702,398.5785263522011,275.80303927035067,309.71370177815743,2,4,5,40,137.48859645719708
t3_0_c01735,par_factible,BR0254|BR0403,3.0,391.397777,262.056911,335.506541,397.39777696880947,268.0569105068228,341.5065406341199,2,4,5,40,135.6686416871829
t3_0_c01736,par_factible,BR0221|BR0229,3.0,409.40017,265.641332,183.37585,415.4001700211581,271.6413316931179,189.37584993751528,1,4,9,36,140.06962318333862
t3_0_c01737,par_factible,BR0212|BR0406,3.0,406.571993,301.273325,322.033298,412.57199302650713,307.2733247101162,328.0332981296167,1,3,5,15,146.7574551960496
t3_0_c01738,par_factible,BR0011|BR0123,3.0,393.315995,284.188268,282.919509,399.31599517579457,290.1882675932208,288.91950910162933,2,4,6,48,140.5717151414914
t3_0_c01739,par_factible,BR0302|BR0337,3.0,390.522108,233.238109,217.947356,396.52210822675687,239.23810882901776,223.94735578392252,2,5,8,80,129.61472315102438
t3_0_c01740,par_factible,BR0247|BR0400,3.0,390.763205,270.404063,309.859602,396.7632046763642,276.4040629877296,315.8596016509738,2,4,5,40,137.2410331629141
t3_0_c01741,par_factible,BR0281|BR0398,3.0,390.451553,289.855513,218.171578,396.45155330043906,295.85551307147205,224.1715783683143,2,4,8,64,141.14313279753537
t3_0_c01742,par_factible,BR0034|BR0226,3.0,390.42263,253.393943,186.388598,396.42262968193813,259.3939426609404,192.38859841157995,2,4,9,72,133.7036844735736
t3_0_c01743,par_factible,BR0066|BR0179,3.0,391.127218,291.743695,156.72881,397.1272176871596,297.7436945581908,162.7288097038246,2,4,11,88,141.66583328141698
t3_0_c01744,par_factible,BR0314XL|BR0392,3.0,393.290955,293.11012,170.531855,399.2909553502497,299.1101204211021,176.53185478795763,2,4,10,80,142.38554042229393
t3_0_c01745,par_factible,BR0066|BR0073,3.0,392.08793,283.492664,164.870427,398.0879298662359,289.4926644575572,170.87042694571934,2,4,10,80,140.17952993349502
t3_0_c01746,par_factible,BR0291|BR0419,3.0,390.171314,310.071102,182.656017,396.17131387340885,316.07110184334215,188.6560166014137,2,3,9,54,145.20742420321122
t3_0_c01747,par_factible,BR0403|BR0406,3.0,393.688921,263.786865,322.09917,399.68892147404927,269.7868651718911,328.0991700230784,2,4,5,40,136.48843764443228
t3_0_c01748,par_factible,BR0062|BR0301,3.0,387.958071,253.013359,238.407435,393.9580712882024,259.0133588807953,244.40743476956746,2,4,7,56,133.12363510071307
t3_0_c01749,par_factible,BR0123|BR0134,3.0,381.52153,291.708481,275.75921,387.52153035293117,297.70848064308046,281.75921049089,2,4,6,48,139.700308052194
t3_0_c01750,par_factible,BR0082|BR0136XL,3.0,390.845452,293.667168,285.224207,396.84545224745017,299.667167533478,291.2242065133789,2,4,6,48,142.00053410416476
t3_0_c01751,par_factible,BR0168|BR0366,3.0,390.70091,302.802568,210.065254,396.70090966789667,308.8025678835964,216.06525381703474,2,3,8,48,143.8335326302738
t3_0_c01752,par_factible,BR0136|BR0193,3.0,391.07956,269.94489,291.543352,397.0795604430006,275.94489015085304,297.5433523182159,2,4,6,48,137.21191653289574
t3_0_c01753,par_factible,BR0239|BR0245,3.0,389.099007,252.144646,244.940784,395.0990071575893,258.1446456205751,250.94078374342163,2,4,7,56,133.1791341036013
t3_0_c01754,par_factible,BR0140|BR0307,3.0,389.058366,288.613375,249.081803,395.05836556665344,294.6133745743408,255.08180344135346,2,4,7,56,140.6058593559621
t3_0_c01755,par_factible,BR0125|BR0299,3.0,387.350703,293.921458,212.354668,393.35070276916736,299.92145797464974,218.35466751783017,2,4,8,64,141.33989005990153
t3_0_c01756,par_factible,BR0137|BR0251,3.0,391.407029,257.693044,319.259213,397.4070291104487,263.6930435468437,325.25921251188754,2,4,5,40,134.78085069465698
t3_0_c01757,par_factible,BR0033|BR0269,3.0,387.710554,287.441429,184.495191,393.71055416321036,293.4414286937298,190.4951908638442,2,4,9,72,140.09214737144546
t3_0_c01758,par_factible,BR0085|BR0137,3.0,409.623341,265.786138,286.270171,415.6233413531355,271.7861375192101,292.270171430034,1,4,6,24,140.1446440106719
t3_0_c01759,par_factible,BR0103|BR0150,3.0,392.757592,286.598462,191.350816,398.75759241656596,292.59846203944164,197.35081559677383,2,4,9,72,140.9492465761483
t3_0_c01760,par_factible,BR0210|BR0319,3.0,392.946385,291.619256,164.8016,398.94638477807274,297.6192562414717,170.80159950678853,2,4,10,80,142.01134373487145
t3_0_c01761,par_factible,BR0030|BR0319,3.0,388.342594,288.191083,164.689377,394.3425941004584,294.19108299034025,170.68937654009784,2,4,10,80,140.37383834674793
t3_0_c01762,par_factible,BR0103|BR0270,3.0,391.182335,290.311967,190.889381,397.18233487999464,296.3119668286743,196.8893814300107,2,4,9,72,141.38517873775103
t3_0_c01763,par_factible,BR0202|BR0209,3.0,389.501435,288.369241,173.79793,395.50143478894836,294.3692405044419,179.79793018192473,2,4,10,80,140.6464169813232
t3_0_c01764,par_factible,BR0092XL|BR0374,3.0,391.032703,309.192411,236.926143,397.0327033501194,315.1924107995052,242.92614337086366,2,3,7,42,145.20389687046372
t3_0_c01765,par_factible,BR0163|BR0398,3.0,388.067662,287.531998,211.72565,394.0676616586448,293.53199801650885,217.72565018049045,2,4,8,64,140.18341685528105
t3_0_c01766,par_factible,BR0034|BR0042,3.0,390.712921,259.075554,192.065894,396.71292134857447,265.0755538778695,198.06589366107679,2,4,9,72,134.92119780355637
t3_0_c01767,par_factible,BR0081|BR0235,3.0,384.637732,261.571294,273.919821,390.6377323342689,267.57129380131573,279.91982058753666,2,4,6,48,134.19144263722418
t3_0_c01768,par_factible,BR0144|BR0398,3.0,383.312991,284.308536,211.717222,389.31299109780434,290.3085363281281,217.71722155268088,2,4,8,64,138.5568863253685
t3_0_c01769,par_factible,BR0173|BR0284,3.0,384.292373,285.042358,210.63399,390.29237348834613,291.0423584306439,216.6339904409245,2,4,8,64,138.9061634901101
t3_0_c01770,par_factible,BR0269|BR0336,3.0,384.39389,285.118422,187.729351,390.3938904179931,291.1184220473414,193.72935088195635,2,4,9,72,138.94236747509368
t3_0_c01771,par_factible,BR0100|BR0227,3.0,390.75413,263.169435,188.613275,396.75413030019496,269.1694346672773,194.613274563124,2,4,9,72,135.76423342863856
t3_0_c01772,par_factible,BR0343|BR0410,3.0,391.991937,270.405775,303.490197,397.9919374869644,276.40577452607556,309.49019658566925,2,4,5,40,137.4918882799266
t3_0_c01773,par_factible,BR0154|BR0284,3.0,387.834785,287.831188,214.216726,393.83478453173905,293.831188289559,220.21672632750494,2,4,8,64,140.19693635500468
t3_0_c01774,par_factible,BR0135|BR0305,3.0,383.48887,285.835104,278.303413,389.4888697182851,291.8351041390836,284.30341290663694,2,4,6,48,138.90397020537588
t3_0_c01775,par_factible,BR0006|BR0196,3.0,392.256276,290.775,276.816776,398.2562757306234,296.77499982240204,282.81677595803365,2,4,6,48,141.69852712599905
t3_0_c01776,par_factible,BR0136XL|BR0348,3.0,391.961634,287.118004,290.421362,397.96163423571267,293.1180042091877,296.42136214958657,2,4,6,48,140.8928926493171
t3_0_c01777,par_factible,BR0373|BR0410,3.0,392.044059,291.584542,292.519933,398.0440592061343,297.5845421332435,298.519933311695,2,4,6,48,141.82030608346133
t3_0_c01778,par_factible,BR0345|BR0348,3.0,392.372146,291.556655,315.373766,398.3721458119772,297.55665450386516,321.3737655923581,2,4,5,40,141.88150872901986
t3_0_c01779,par_factible,BR0001|BR0238,3.0,391.257593,297.492993,287.379938,397.25759267625926,303.4929925325739,293.3799384804865,2,3,6,36,142.8645433657152
t3_0_c01780,par_factible,BR0136XL|BR0243,3.0,382.286867,286.033786,285.715012,388.2868668081951,292.0337864177399,291.7150120760499,2,4,6,48,138.69941961792765
t3_0_c01781,par_factible,BR0196|BR0257,3.0,393.019276,291.33454,277.677057,399.0192756027871,297.3345401082082,283.6770570625965,2,4,6,48,141.96815814699193
t3_0_c01782,par_factible,BR0082|BR0310XL,3.0,389.848507,309.761551,271.096214,395.84850748127246,315.76155102759196,277.09621365897334,2,3,6,36,145.0785032637848
t3_0_c01783,par_factible,BR0292|BR0310XL,3.0,388.059037,307.549412,269.406951,394.05903749868304,313.54941208619863,275.40695123382665,2,3,6,36,144.26268085318688
t3_0_c01784,par_factible,BR0191|BR0300,3.0,390.488366,258.89612,217.091692,396.48836562439845,264.8961203266401,223.09169244403623,2,4,8,64,134.83883505627696
t3_0_c01785,par_factible,BR0104|BR0188,3.0,393.391645,293.506995,193.793001,399.3916449442151,299.5069953647025,199.7930012018014,2,4,9,72,142.4869806949883
t3_0_c01786,par_factible,BR0036|BR0314XL,3.0,393.493365,293.070579,170.467131,399.4933650685551,299.07057919168426,176.46713102649667,2,4,10,80,142.41874500718438
t3_0_c01787,par_factible,BR0224|BR0298,3.0,389.83091,269.841043,151.123343,395.8309101934021,275.8410430740773,157.12334264397884,2,4,11,88,136.93617803618335
t3_0_c01788,par_factible,BR0104|BR0308,3.0,382.670177,285.101469,208.230572,388.67017697192955,291.10146945098177,214.2305723844125,2,4,8,64,138.5874916254661
t3_0_c01789,par_factible,BR0036|BR0209,3.0,393.252678,291.279688,170.420057,399.2526784761038,297.2796877341942,176.42005680557727,2,4,10,80,142.00455987977534
t3_0_c01790,par_factible,BR0198|BR0314XL,3.0,385.582709,286.633474,183.410756,391.58270935175267,292.6334744661774,189.41075632368123,2,4,9,72,139.49361545727422
t3_0_c01791,par_factible,BR0127|BR0148,3.0,390.768266,290.005112,191.011332,396.7682659738535,296.0051116213717,197.01133232108393,2,4,9,72,141.23820134459228
t3_0_c01792,par_factible,BR0014|BR0310XL,3.0,393.685696,293.791764,259.353953,399.68569593584283,299.7917637751268,265.353952516232,2,4,6,48,142.60498668929046
t3_0_c01793,par_factible,BR0149|BR0314XL,3.0,393.36837,292.752497,170.706573,399.36837034594816,298.75249714613994,176.70657294201357,2,4,10,80,142.32841335210767
t3_0_c01794,par_factible,BR0227|BR0314XL,3.0,392.89357,263.682801,189.755146,398.89356961327405,269.682801462397,195.75514644481046,2,4,9,72,136.30507055569234
t3_0_c01795,par_factible,BR0246|BR0327,3.0,391.918079,259.057292,250.722974,397.9180785711846,265.05729196943844,256.72297375302196,2,4,7,56,135.16317442214537
t3_0_c01796,par_factible,BR0028|BR0103,3.0,392.216257,290.979489,209.906122,398.2162570032055,296.97948872532675,215.90612163164872,2,4,8,64,141.73205825250403
t3_0_c01797,par_factible,BR0144|BR0320,3.0,385.128842,285.746233,215.983253,391.1288422614929,291.74623291695497,221.98325269053078,2,4,8,64,139.2201988131392
t3_0_c01798,par_factible,BR0219|BR0315,3.0,392.19307,291.365436,163.236233,398.1930697077729,297.3654362143148,169.23623309966987,2,4,10,80,141.8060154785092
t3_0_c01799,par_factible,BR0298|BR0315,3.0,405.578058,300.248134,153.179181,411.5780579554892,306.24813371152004,159.17918093272172,1,3,11,33,146.34580869867668
t3_0_c01800,par_factible,BR0144|BR0333,3.0,381.187241,282.881058,213.662813,387.18724091883337,288.88105773450263,219.66281312484745,2,4,8,64,137.83247678967095
t3_0_c01801,par_factible,BR0120|BR0396,3.0,385.616133,289.705337,213.795184,391.6161326542033,295.7053366599362,219.79518401904522,2,4,8,64,140.12670118534953
t3_0_c01802,par_factible,BR0046|BR0225,3.0,390.266334,261.025388,143.591039,396.26633372999277,267.0253883667251,149.5910385006984,2,4,12,96,135.22767015223604
t3_0_c01803,par_factible,BR0092|BR0339,3.0,389.106712,259.661411,247.968551,395.10671163112306,265.6614114136401,253.96855093863456,2,4,7,56,134.7131749326734
t3_0_c01804,par_factible,BR0139|BR0233,3.0,388.797194,308.340295,283.810455,394.7971937258712,314.34029518492684,289.81045519335396,2,3,6,36,144.5744116026092
t3_0_c01805,par_factible,BR0006|BR0011,3.0,389.385254,288.669557,281.339144,395.3852537557741,294.6695571939421,287.339144383506,2,4,6,48,140.68395738016642
t3_0_c01806,par_factible,BR0108|BR0399,3.0,389.176524,290.542132,311.242969,395.17652416922846,296.5421315874615,317.2429685721186,2,4,5,40,141.0231714080917
t3_0_c01807,par_factible,BR0256|BR0343,3.0,393.439875,270.858565,341.221261,399.43987521149757,276.85856487955664,347.22126126188886,2,4,5,40,137.87939655271236
t3_0_c01808,par_factible,BR0209XL|BR0234,3.0,389.478013,269.719529,192.362203,395.4780128689539,275.71952909087884,198.36220302967965,2,4,9,72,136.83945809578648
t3_0_c01809,par_factible,BR0126|BR0310XL,3.0,393.902545,288.532345,263.936122,399.902545208395,294.5323445112002,269.9361219866475,2,4,6,48,141.57693980012135
t3_0_c01810,par_factible,BR0123|BR0242,3.0,391.663533,292.16492,268.19886,397.663532670622,298.164920489161,274.19885959321095,2,4,6,48,141.8610505932279
t3_0_c01811,par_factible,BR0345|BR0403,3.0,407.133781,263.823984,335.888611,413.1337808210064,269.8239839858033,341.8886113441665,1,4,5,20,139.23705704522112
t3_0_c01812,par_factible,BR0306|BR0406,3.0,405.66975,300.57396,274.329169,411.66975046269613,306.57396018738626,280.32916905438736,1,3,6,18,146.4309297961432
t3_0_c01813,par_factible,BR0006|BR0143,3.0,386.409965,293.061471,278.812556,392.4099654196426,299.06147061036313,284.81255617209996,2,4,6,48,140.9727698328248
t3_0_c01814,par_factible,BR0123|BR0136,3.0,383.100078,283.978329,282.908459,389.10007838019106,289.97832850805014,288.90845904596677,2,4,6,48,138.44615838700128
t3_0_c01815,par_factible,BR0147|BR0311,3.0,392.570922,292.282845,208.40903,398.5709222802477,298.2828449374109,214.4090301293956,2,4,8,64,142.07008505966536
t3_0_c01816,par_factible,BR0292|BR0363,3.0,388.90603,290.348219,284.746016,394.9060302940627,296.3482190953338,290.746016188631,2,4,6,48,140.92849121088614
t3_0_c01817,par_factible,BR0014|BR0126,3.0,384.901138,285.498487,249.643156,390.90113785936654,291.49848747175497,255.6431555395417,2,4,7,56,139.1232671419208
t3_0_c01818,par_factible,BR0158|BR0179,3.0,389.950835,300.183078,156.556823,395.95083537657126,306.1830780708813,162.55682306913673,2,3,11,66,143.14656747144804
t3_0_c01819,par_factible,BR0182|BR0306,3.0,391.619002,289.955803,250.828847,397.61900200622574,295.95580301328584,256.8288474171412,2,4,7,56,141.40159123741316
t3_0_c01820,par_factible,BR0082|BR0258,3.0,392.826692,292.026722,285.379817,398.8266918761699,298.0267220474943,291.3798167679438,2,4,6,48,142.07001303234745
t3_0_c01821,par_factible,BR0028|BR0144,3.0,385.281546,285.783516,217.569337,391.281546486163,291.7835163440594,223.5693366421351,2,4,8,64,139.25893227935217
t3_0_c01822,par_factible,BR0150|BR0209XL,3.0,388.948131,289.256171,188.399716,394.9481312579221,295.25617110792984,194.39971615783833,2,4,9,72,140.71443473309927
t3_0_c01823,par_factible,BR0134|BR0242,3.0,391.40546,290.005081,260.648749,397.4054596450187,296.00508149864083,266.64874900400264,2,4,6,48,141.36810216996116
t3_0_c01824,par_factible,BR0170|BR0309,3.0,393.795958,304.050115,153.17832,399.7959584267302,310.0501148248668,159.17832008155432,2,3,11,66,144.7188732419158
t3_0_c01825,par_factible,BR0134|BR0136,3.0,386.668021,286.634624,277.700376,392.66802106386416,292.6346238734176,283.70037569840576,2,4,6,48,139.71511619516446
t3_0_c01826,par_factible,BR0282|BR0307,3.0,391.378123,291.125609,261.668853,397.37812325655705,297.12560866103206,267.66885329772447,2,4,6,48,141.590974906746
t3_0_c01827,par_factible,BR0294|BR0315,3.0,389.941576,291.090584,178.199799,395.9415755722206,297.0905840212517,184.19979916533356,2,4,9,72,141.29096016176803
t3_0_c01828,par_factible,BR0005|BR0371,3.0,391.778191,291.306872,245.871993,397.77819141383037,297.3068717590148,251.87199316005913,2,4,7,56,141.7094930015994
t3_0_c01829,par_factible,BR0241|BR0282,3.0,393.604542,292.659958,258.824617,399.6045421524795,298.659957655333,264.8246171005445,2,4,6,48,142.35769618915646
t3_0_c01830,par_factible,BR0256|BR0267,3.0,399.90008,269.530401,337.363258,405.9000802188193,275.53040097478817,343.3632579071341,1,4,5,20,138.92568423926755
t3_0_c01831,par_factible,BR0053|BR0057,3.0,389.357978,258.205817,215.267009,395.3579777753704,264.2058168405088,221.26700925574815,2,4,8,64,134.46764416225875
t3_0_c01832,par_factible,BR0187|BR0327,3.0,391.935406,262.071051,283.917506,397.9354062108655,268.07105119809694,289.9175057587632,2,4,6,48,135.78113300896277
t3_0_c01833,par_factible,BR0162|BR0272,3.0,391.994751,291.521167,233.707025,397.99475140674593,297.52116744907505,239.7070253504711,2,4,7,56,141.79733310006543
t3_0_c01834,par_factible,BR0316|BR0338,3.0,390.896546,289.990669,169.455914,396.89654632600934,295.99066875755403,175.45591358741194,2,4,10,80,141.2614098029691
t3_0_c01835,par_factible,BR0036|BR0066,3.0,393.958578,293.097827,155.032126,399.95857750891014,299.0978272370036,161.032125854937,2,4,11,88,142.51914469845337
t3_0_c01836,par_factible,BR0348|BR0406,3.0,391.302599,291.88144,292.871259,397.3025985288989,297.88144002608544,298.87125898627454,2,4,6,48,141.72967146890608
t3_0_c01837,par_factible,BR0126|BR0363,3.0,393.208931,286.889006,267.164472,399.20893112450455,292.88900647596387,273.1644722180196,2,4,6,48,141.10049696237888
t3_0_c01838,par_factible,BR0101|BR0309,3.0,384.394351,285.575439,170.833447,390.39435080613225,291.57543861870215,176.83344725363114,2,4,10,80,139.03563494899782
t3_0_c01839,par_factible,BR0173|BR0299,3.0,390.285504,289.17527,214.216975,396.28550390889296,295.1752697356046,220.2169750646389,2,4,8,64,140.97059605392406
t3_0_c01840,par_factible,BR0170|BR0230,3.0,392.450227,292.198576,140.703602,398.4502268802973,298.19857564683434,146.70360152360558,2,4,12,96,142.02829817066905
t3_0_c01841,par_factible,BR0135|BR0307,3.0,385.133294,291.924964,271.334214,391.13329421465767,297.92496444711,277.3342141718836,2,4,6,48,140.48078667925947
t3_0_c01842,par_factible,BR0121|BR0406,3.0,410.486467,293.914,322.317837,416.48646741400916,299.9139997971696,328.3178370969173,1,4,5,20,146.05514112358384
t3_0_c01843,par_factible,BR0107|BR0245,3.0,385.923377,254.664609,243.477312,391.9233769999734,260.664609267567,249.47731165669424,2,4,7,56,133.04546101275034
t3_0_c01844,par_factible,BR0323|BR0366,3.0,391.479672,309.730699,226.601719,397.47967165615705,315.73069946214525,232.60171909026215,2,3,7,42,145.4047647539862
t3_0_c01845,par_factible,BR0154|BR0299,3.0,388.136491,287.753787,216.467115,394.1364913006915,293.75378652803164,222.4671154090536,2,4,8,64,140.24266622400063
t3_0_c01846,par_factible,BR0113|BR0238,3.0,388.469206,288.301341,277.373999,394.46920629719887,294.3013410092397,283.37399938002955,2,4,6,48,140.4221299299569
t3_0_c01847,par_factible,BR0136XL|BR0363,3.0,384.081475,286.209913,283.970928,390.0814745130373,292.2099134418457,289.9709276484455,2,4,6,48,139.10120039854903
t3_0_c01848,par_factible,BR0209XL|BR0314,3.0,389.85445,283.146248,183.063505,395.8544501567294,289.1462476162101,189.06350529047344,2,4,9,72,139.6535571402527
t3_0_c01849,par_factible,BR0196|BR0377,3.0,390.269085,291.150938,263.55828,396.2690849193592,297.15093755343753,269.55827981058326,2,4,6,48,141.37003516264969
t3_0_c01850,par_factible,BR0028|BR0092XL,3.0,390.020318,291.096708,227.96248,396.0203178518836,297.0967082844421,233.9624798620312,2,4,7,56,141.3082622092407
t3_0_c01851,par_factible,BR0108|BR0137,3.0,411.42641,270.757754,315.923719,417.4264101659894,276.75775393848204,321.9237189670237,1,4,5,20,141.52582346676277
t3_0_c01852,par_factible,BR0103|BR0207,3.0,390.611242,291.338443,193.047366,396.61124188136154,297.3384431744754,199.0473662132929,2,4,9,72,141.4780193793755
t3_0_c01853,par_factible,BR0307|BR0310XL,3.0,393.077085,288.096391,264.890619,399.0770850429404,294.0963906549865,270.8906194193044,2,4,6,48,141.31977078449071
t3_0_c01854,par_factible,BR0108|BR0257,3.0,392.948071,293.24589,305.413484,398.9480713095766,299.24589005413236,311.4134836613398,2,4,5,40,142.3433152627337
t3_0_c01855,par_factible,BR0219|BR0317,3.0,391.131782,290.955841,162.328848,397.1317823635932,296.9558414613076,168.3288476777864,2,4,10,80,141.50614145257916
t3_0_c01856,par_factible,BR0298|BR0317,3.0,393.594593,292.012235,151.974295,399.59459336594716,298.0122351759971,157.9742947518713,2,4,11,88,142.22361438164
t3_0_c01857,par_factible,BR0167|BR0402,3.0,405.700672,300.865381,157.370977,411.7006715636476,306.865380994035,163.3709769354556,1,3,11,33,146.49664680075077
t3_0_c01858,par_factible,BR0081|BR0292,3.0,412.008331,270.803097,288.178699,418.0083314080494,276.8030969093065,294.1786985403857,1,4,6,24,141.65370607897162
t3_0_c01859,par_factible,BR0166|BR0217,3.0,409.75994,304.284183,152.850737,415.7599396622874,310.28418302558816,158.85073661191302,1,3,11,33,148.02122786704905
t3_0_c01860,par_factible,BR0272|BR0279,3.0,393.695431,293.763415,251.044669,399.6954312051239,299.76341528895335,257.04466860246333,2,4,7,56,142.6011919457854
t3_0_c01861,par_factible,BR0119|BR0402,3.0,390.37859,300.69455,183.271562,396.3785903235073,306.6945499114499,189.27156213962303,2,3,9,54,143.33805101630116
t3_0_c01862,par_factible,BR0148|BR0402,3.0,391.838357,292.320867,184.382311,397.83835705433796,298.3208666191788,190.38231064663347,2,4,9,72,141.9284859680972
t3_0_c01863,par_factible,BR0081|BR0305,3.0,385.629888,267.459867,279.824354,391.6298876896659,273.4598669901251,285.8243544674827,2,4,6,48,135.5942415249319
t3_0_c01864,par_factible,BR0194|BR0292,3.0,392.35626,292.821631,291.052342,398.3562602225455,298.8216306778907,297.0523422480551,2,4,6,48,142.13616532118985
t3_0_c01865,par_factible,BR0265|BR0394,3.0,387.878645,251.159018,189.15052,393.87864486630065,257.15901808575086,195.1505195714386,2,4,9,72,132.72939101978622
t3_0_c01866,par_factible,BR0256|BR0345,3.0,390.709441,279.67801,332.770489,396.70944066072866,285.6780095361131,338.7704893756313,2,4,5,40,139.12078495348456
t3_0_c01867,par_factible,BR0288|BR0300,3.0,393.481117,233.830184,225.088075,399.4811165607121,239.83018353532154,231.08807536079811,2,5,7,70,130.33869522854914
t3_0_c01868,par_factible,BR0265|BR0289,3.0,393.681317,254.916362,193.080362,399.68131739940094,260.91636218029095,199.08036213474554,2,4,9,72,134.67842601013086
t3_0_c01869,par_factible,BR0006|BR0252,3.0,391.703732,270.592811,303.809108,397.7037324582915,276.5928108717487,309.80910810643394,2,4,5,40,137.47126265648117
t3_0_c01870,par_factible,BR0109|BR0343,3.0,411.109171,270.733035,321.448805,417.10917147954837,276.73303488122133,327.4488052137816,1,4,5,20,141.45610731106416
t3_0_c01871,par_factible,BR0403|BR0410,3.0,390.521601,261.516874,300.091683,396.521601364877,267.51687431081524,306.0916833690238,2,4,5,40,135.3799134914765
t3_0_c01872,par_factible,BR0104|BR0125,3.0,392.075,292.48809,193.49603,398.0749995051682,298.48808971953787,199.4960298425999,2,4,9,72,142.01082349127546
t3_0_c01873,par_factible,BR0143|BR0196,3.0,386.788346,287.055701,269.723912,392.7883458706113,293.0557010517407,275.7239124870662,2,4,6,48,139.82549376602486
t3_0_c01874,par_factible,BR0170|BR0298,3.0,393.722171,291.850003,140.035173,399.7221710177314,297.85000323699546,146.035172854809,2,4,12,96,142.21654928740608
t3_0_c01875,par_factible,BR0056|BR0089,3.0,391.471076,233.630664,248.209747,397.4710758806027,239.63066414495535,254.20974749582172,2,5,7,70,129.8882242661688
t3_0_c01876,par_factible,BR0066|BR0314XL,3.0,391.678938,292.17702,171.78056,397.6789379791098,298.1770199374512,177.7805602157622,2,4,10,80,141.86665808696452
t3_0_c01877,par_factible,BR0031|BR0032,3.0,383.746313,293.945453,165.397553,389.7463130665213,299.9454528384882,171.39755306488087,2,4,10,80,140.60994208053202
t3_0_c01878,par_factible,BR0338|BR0419,3.0,393.670544,292.60607,175.597633,399.6705435050349,298.6060702312013,181.5976334218769,2,4,9,72,142.3601658993346
t3_0_c01879,par_factible,BR0142|BR0212,3.0,390.172319,300.405824,336.538005,396.17231920661067,306.4058241572883,342.53800451769496,2,3,5,30,143.2371342230171
t3_0_c01880,par_factible,BR0113|BR0306,3.0,390.772629,291.493024,272.719824,396.77262867974196,297.4930240430147,278.7198235077683,2,4,6,48,141.54243684459868
t3_0_c01881,par_factible,BR0307|BR0363,3.0,390.894551,285.399149,270.149205,396.8945512610279,291.3991493431614,276.14920494318915,2,4,6,48,140.32491347689893
t3_0_c01882,par_factible,BR0031|BR0164,3.0,392.076532,302.32089,157.398662,398.07653237150436,308.320889605132,163.39866229725843,2,3,11,66,144.01578429696968
t3_0_c01883,par_factible,BR0103|BR0154,3.0,386.958175,293.58691,210.492813,392.9581753767674,299.5869097948839,216.49281320052938,2,4,8,64,141.1916585467179
t3_0_c01884,par_factible,BR0120|BR0320,3.0,383.508547,287.885675,216.328882,389.508546916792,293.8856754368678,222.32888168241698,2,4,8,64,139.3260392158328
t3_0_c01885,par_factible,BR0165|BR0209XL,3.0,386.379446,287.593176,187.62228,392.3794455197071,293.59317553581724,193.62228037496067,2,4,9,72,139.8517066372119
t3_0_c01886,par_factible,BR0124|BR0212,3.0,388.157672,289.811734,365.853598,394.15767220087344,295.81173381349384,371.8535979140494,2,4,4,32,140.66654556867832
t3_0_c01887,par_factible,BR0081|BR0107,3.0,410.533082,267.636686,250.825462,416.53308210064677,273.6366859316565,256.82546231833777,1,4,7,28,140.7073940942514
t3_0_c01888,par_factible,BR0142|BR0343,3.0,390.047562,269.915643,333.453158,396.04756232540495,275.9156434229728,339.45315752087674,2,4,5,40,136.995556727498
t3_0_c01889,par_factible,BR0300|BR0337,3.0,393.611303,232.231093,217.174492,399.6113029528054,238.23109277543955,223.17449183268658,2,5,8,80,130.0392244094281
t3_0_c01890,par_factible,BR0314XL|BR0318,3.0,392.990824,292.355822,186.406439,398.990823926676,298.35582217510125,192.4064392579422,2,4,9,72,142.1705700513307
t3_0_c01891,par_factible,BR0167|BR0231,3.0,409.384354,306.779162,156.401528,415.3843544358169,312.7791618050679,162.4015276877711,1,3,11,33,148.4533162570611
t3_0_c01892,par_factible,BR0012|BR0284,3.0,386.148671,286.433227,213.59406,392.14867128261375,292.43322716939196,219.59405968227233,2,4,8,64,139.5681750156994
t3_0_c01893,par_factible,BR0006|BR0187,3.0,389.955323,269.883882,300.004362,395.9553229524262,275.8838824181652,306.00436174462027,2,4,5,40,136.97027632427958
t3_0_c01894,par_factible,BR0057|BR0245,3.0,390.642618,233.535132,238.557954,396.6426184022253,239.53513169817836,244.55795411006454,2,5,7,70,129.6998471152709
t3_0_c01895,par_factible,BR0221|BR0419,3.0,412.008331,270.803097,181.290599,418.0083314080494,276.8030969093065,187.2905994454063,1,4,9,36,141.65370607897162
t3_0_c01896,par_factible,BR0161|BR0184,3.0,388.408939,287.953584,191.488793,394.40893948809963,293.95358438149316,197.4887930929832,2,4,9,72,140.33894472366825
t3_0_c01897,par_factible,BR0029|BR0304,3.0,409.325411,265.760129,173.536533,415.32541101918844,271.7601286618279,179.53653283823022,1,4,10,40,140.07860136208285
t3_0_c01898,par_factible,BR0164|BR0309,3.0,393.822616,293.862211,158.478129,399.8226161849869,299.8622107643193,164.47812862092692,2,4,10,80,142.64726339435396
t3_0_c01899,par_factible,BR0283|BR0371,3.0,389.630193,301.844852,238.596282,395.6301933284509,307.84485187588604,244.5962816875859,2,3,7,42,143.419988828611
t3_0_c01900,par_factible,BR0104|BR0299,3.0,390.500083,291.251138,212.573288,396.5000833075411,297.2511383719122,218.57328809124465,2,4,8,64,141.4375579366877
t3_0_c01901,par_factible,BR0136|BR0251,3.0,393.383216,268.097235,305.327971,399.38321585403565,274.09723532862847,311.3279711186275,2,4,5,40,137.30488301379492
t3_0_c01902,par_factible,BR0092XL|BR0182,3.0,390.226458,306.125896,236.55343,396.2264577297958,312.1258963420304,242.5534302107905,2,3,7,42,144.41434333778312
t3_0_c01903,par_factible,BR0052|BR0326,3.0,390.462379,255.253733,245.877541,396.4623791414514,261.2537332206002,251.87754149181458,2,4,7,56,134.09095053252835
t3_0_c01904,par_factible,BR0124|BR0254,3.0,418.788779,280.533072,350.309864,424.7887790912697,286.53307208903186,356.309863504383,1,4,5,20,145.01974539863437
t3_0_c01905,par_factible,BR0142|BR0267,3.0,389.768532,270.016545,333.567176,395.76853237015877,276.0165450055316,339.56717586713387,2,4,5,40,136.95924105518662
t3_0_c01906,par_factible,BR0145|BR0309,3.0,393.589703,292.920632,173.493638,399.5897025825092,298.9206321526479,179.49363808292685,2,4,10,80,142.407815440399
t3_0_c01907,par_factible,BR0113|BR0134,3.0,383.043178,293.236054,276.569262,389.043178229266,299.2360535611052,282.56926212332326,2,4,6,48,140.3219636677617
t3_0_c01908,par_factible,BR0198|BR0318,3.0,387.477796,287.61367,192.175811,393.4777960769759,293.61367023332963,198.17581109275358,2,4,9,72,140.07980964532223
t3_0_c01909,par_factible,BR0108|BR0139,3.0,392.440747,312.929622,286.572513,398.4407474950411,318.92962249758875,292.5725128077391,2,3,6,36,146.25287869370638
t3_0_c01910,par_factible,BR0026|BR0366,3.0,392.68015,291.727765,216.940925,398.68014983370585,297.7277645340634,222.94092483973685,2,4,8,64,141.97918743481534
t3_0_c01911,par_factible,BR0315|BR0319,3.0,390.885529,289.930176,164.593052,396.8855288718978,295.9301763781894,170.59305211647654,2,4,10,80,141.24683083589952
t3_0_c01912,par_factible,BR0085|BR0196,3.0,391.627098,270.565514,282.627119,397.6270976339653,276.56551431838693,288.6271191615358,2,4,6,48,137.45007379252849
t3_0_c01913,par_factible,BR0219|BR0319,3.0,392.044059,291.584542,161.601921,398.0440592061343,297.5845421332435,167.60192120016717,2,4,10,80,141.82030608346133
t3_0_c01914,par_factible,BR0298|BR0319,3.0,389.606013,289.023711,150.359429,395.60601326830664,295.023710712448,156.35942910500984,2,4,11,88,140.80116696855345
t3_0_c01915,par_factible,BR0034|BR0100,3.0,390.120283,261.11255,190.407917,396.12028268102847,267.11255033637605,196.40791740597345,2,4,9,72,135.2156642237318
t3_0_c01916,par_factible,BR0201|BR0284,3.0,393.920216,292.877506,216.874401,399.9202163872421,298.877506314088,222.8744007355222,2,4,8,64,142.46640625919062
t3_0_c01917,par_factible,BR0119|BR0286,3.0,391.896262,291.482687,188.331404,397.89626215029546,297.48268696825073,194.33140402600094,2,4,9,72,141.76940858685956
t3_0_c01918,par_factible,BR0167|BR0179,3.0,392.860797,293.079643,150.288647,398.86079705902625,299.07964283661227,156.2886471316341,2,4,11,88,142.2916289287744
t3_0_c01919,par_factible,BR0284|BR0396,3.0,385.952025,286.435927,211.256308,391.9520252202299,292.43592655832157,217.2563083630006,2,4,8,64,139.52863440949062
t3_0_c01920,par_factible,BR0126|BR0182,3.0,393.229161,291.587111,246.451799,399.229160530738,297.58711074490174,252.45179900156973,2,4,7,56,142.06244062704175
t3_0_c01921,par_factible,BR0166|BR0219,3.0,393.867153,306.245014,153.153562,399.86715266705124,312.24501435711215,159.1535623759494,2,3,11,66,145.18086993357053
t3_0_c01922,par_factible,BR0197|BR0286,3.0,390.714586,289.965331,191.346377,396.71458601902754,295.96533086647366,197.34637690781457,2,4,9,72,141.21914717339473
t3_0_c01923,par_factible,BR0288|BR0289,3.0,393.227748,250.390557,210.3366,399.22774829179633,256.3905574008785,216.33660024137777,2,4,8,64,133.66326313815998
t3_0_c01924,par_factible,BR0272|BR0281,3.0,390.347734,289.895436,236.009277,396.3477341021703,295.89543585814005,242.00927662160254,2,4,7,56,141.13010600617946
t3_0_c01925,par_factible,BR0148|BR0286,3.0,389.48837,289.056615,187.589537,395.4883695309542,295.05661516948436,193.58953675404447,2,4,9,72,140.7838908665522
t3_0_c01926,par_factible,BR0057|BR0061,3.0,391.462931,233.648713,238.706886,397.46293104775697,239.64871344773903,244.7068857611084,2,5,7,70,129.890243526095
t3_0_c01927,par_factible,BR0135|BR0348,3.0,391.839768,290.799172,286.834158,397.83976763361426,296.79917236598345,292.8341575489876,2,4,6,48,141.61854026495365
t3_0_c01928,par_factible,BR0194|BR0399,3.0,391.489214,292.20006,292.317447,397.48921417120687,298.2000600027635,298.31744738779116,2,4,6,48,141.83267567257295
t3_0_c01929,par_factible,BR0164|BR0230,3.0,393.729187,293.805859,143.930362,399.7291874805159,299.8058590488287,149.93036242122665,2,4,12,96,142.61672712117118
t3_0_c01930,par_factible,BR0141|BR0283,3.0,390.84676,289.741342,232.988377,396.84675998092007,295.7413419225642,238.98837664646598,2,4,7,56,141.20042852262674
t3_0_c01931,par_factible,BR0343|BR0348,3.0,385.442323,267.565453,316.915227,391.4423228945791,273.5654527692862,322.9152269228338,2,4,5,40,135.57752816796437
t3_0_c01932,par_factible,BR0135|BR0243,3.0,384.777721,286.836265,283.071272,390.77772062013264,292.8362651068408,289.07127223908134,2,4,6,48,139.37084316553992
t3_0_c01933,par_factible,BR0006|BR0135,3.0,390.346256,289.374301,279.517751,396.34625587835876,295.3743009585859,285.51775120320974,2,4,6,48,141.02355898816404
t3_0_c01934,par_factible,BR0102|BR0188,3.0,389.772986,305.781261,187.740977,395.7729858365766,311.781261307821,193.7409768638737,2,3,9,54,144.251630406605
t3_0_c01935,par_factible,BR0006|BR0254,3.0,406.212534,278.968727,303.672959,412.21253445097875,284.9687267882959,309.6729593856005,1,4,5,20,142.13685244429655
t3_0_c01936,par_factible,BR0109|BR0345,3.0,388.689288,290.19284,319.858155,394.6892875635863,296.1928398913075,325.8581546750917,2,4,5,40,140.852625373067
t3_0_c01937,par_factible,BR0306|BR0410,3.0,390.842574,289.950229,270.441551,396.84257370451235,295.95022867718535,276.4415510163011,2,4,6,48,141.24216154570797
t3_0_c01938,par_factible,BR0104|BR0351,3.0,385.620346,286.546705,203.495821,391.62034645478235,292.546704570896,209.49582132126716,2,4,8,64,139.48359857811994
t3_0_c01939,par_factible,BR0082|BR0142,3.0,393.393989,303.659456,293.877224,399.3939891141353,309.659455986178,299.87722369009293,2,3,6,36,144.557277288545
t3_0_c01940,par_factible,BR0165|BR0186,3.0,391.254783,290.843506,197.908512,397.25478258164986,296.8435061555619,203.90851243752505,2,4,8,64,141.50831574662828
t3_0_c01941,par_factible,BR0006|BR0267,3.0,388.017624,269.495158,301.937429,394.0176243915939,275.49515783263854,307.93742860591385,2,4,5,40,136.49598006610245
t3_0_c01942,par_factible,BR0035|BR0188,3.0,392.811286,309.272411,205.95742,398.8112864987682,315.2724106602593,211.95741998158718,2,3,8,48,145.58281287645818
t3_0_c01943,par_factible,BR0282|BR0310XL,3.0,388.718859,290.337495,265.792907,394.7188592287213,296.33749455555125,271.7929067515674,2,4,6,48,140.8881455217681
t3_0_c01944,par_factible,BR0065|BR0164,3.0,392.875486,305.19865,157.497397,398.8754855413648,311.1986497685811,163.49739656526626,2,3,11,66,144.76536907440283
t3_0_c01945,par_factible,BR0153|BR0320,3.0,389.851788,290.759493,225.947681,395.85178806447345,296.7594930632926,231.94768146605682,2,4,7,56,141.20515415448847
t3_0_c01946,par_factible,BR0209|BR0336,3.0,387.033183,286.963453,185.250395,393.03318314592696,292.96345276731006,191.25039499350186,2,4,9,72,139.85660263266809
t3_0_c01947,par_factible,BR0254|BR0343,3.0,387.626309,265.701421,334.124129,393.62630864138805,271.7014210829874,340.12412906528095,2,4,5,40,135.64275835359336
t3_0_c01948,par_factible,BR0288|BR0341,3.0,392.272213,233.515322,226.086185,398.2722127866682,239.51532195974877,232.08618534802818,2,5,7,70,130.0280397036528
t3_0_c01949,par_factible,BR0139|BR0292,3.0,390.031184,291.154823,283.138014,396.0311838345772,297.15482267160246,289.1380138041291,2,4,6,48,141.32232548545966
t3_0_c01950,par_factible,BR0343|BR0403,3.0,391.621439,253.721623,323.753016,397.6214390028597,259.72162298844626,329.7530164811129,2,4,5,40,134.01489541107154
t3_0_c01951,par_factible,BR0145|BR0165,3.0,389.56927,289.689298,184.73954,395.56927044086456,295.6892984963221,190.73953965987025,2,4,9,72,140.92937185263744
t3_0_c01952,par_factible,BR0262|BR0304,3.0,413.612122,263.424662,178.436942,419.6121215446747,269.42466219450785,184.43694165934966,1,4,9,36,140.4764085095173
t3_0_c01953,par_factible,BR0109|BR0400,3.0,392.858425,293.181624,310.625722,398.85842481663053,299.1816239969175,316.62572234744187,2,4,5,40,142.31193655729828
t3_0_c01954,par_factible,BR0135|BR0310XL,3.0,393.298769,293.501858,264.273379,399.2987691989213,299.5018584134212,270.2733789755108,2,4,6,48,142.4669984938517
t3_0_c01955,par_factible,BR0036|BR0309,3.0,386.11184,287.572881,165.178182,392.11184021848874,293.57288099606194,171.17818157915886,2,4,10,80,139.7930114606627
t3_0_c01956,par_factible,BR0113|BR0123,3.0,387.710554,287.441429,278.748169,393.71055416321036,293.4414286937298,284.7481688051559,2,4,6,48,140.09214737144546
t3_0_c01957,par_factible,BR0136|BR0253,3.0,400.997323,279.565105,306.966177,406.9973234730967,285.5651054412702,312.96617703559696,1,4,5,20,141.1951944779545
t3_0_c01958,par_factible,BR0117|BR0134,3.0,382.329352,292.520728,264.541521,388.329351602605,298.5207279081016,270.54152091830787,2,4,6,48,140.0305972498892
t3_0_c01959,par_factible,BR0103|BR0198,3.0,389.859284,289.371086,190.926296,395.85928351940436,295.3710859455435,196.92629630065147,2,4,9,72,140.92362272476
t3_0_c01960,par_factible,BR0224|BR0304,3.0,406.759577,259.544475,156.347977,412.75957733262726,265.5444749874283,162.3479765721091,1,4,11,44,138.28828793477177
t3_0_c01961,par_factible,BR0124|BR0256,3.0,391.23465,283.762755,370.713812,397.2346503274308,289.76275471096005,376.71381167304867,2,4,4,32,140.0606330353498
t3_0_c01962,par_factible,BR0113|BR0136,3.0,384.453051,285.145223,283.373737,390.45305062930294,291.1452227913328,289.37373727903184,2,4,6,48,138.95989264437017
t3_0_c01963,par_factible,BR0031|BR0101,3.0,386.834559,286.947142,168.944316,392.8345587746597,292.94714227176996,174.9443155992838,2,4,10,80,139.8127830879571
t3_0_c01964,par_factible,BR0179|BR0309,3.0,389.716819,300.108836,156.814348,395.7168191327637,306.1088356316616,162.8143483283422,2,3,11,66,143.08372166451076
t3_0_c01965,par_factible,BR0254|BR0267,3.0,388.506101,266.47099,332.404721,394.5061011055333,272.4709903097717,338.40472086888224,2,4,5,40,135.97901965653517
t3_0_c01966,par_factible,BR0101|BR0102,3.0,389.889889,291.053531,183.397733,395.8898890255372,297.0535308086023,189.39773343663995,2,4,9,72,141.27286846771446
t3_0_c01967,par_factible,BR0101|BR0221,3.0,387.859453,268.613671,179.998241,393.8594530074598,274.61367127921005,185.9982407119729,2,4,9,72,136.28402126129865
t3_0_c01968,par_factible,BR0142|BR0400,3.0,390.008847,290.899729,309.430188,396.00884716984007,296.8997294776679,315.4301882251863,2,4,5,40,141.26576486187724
t3_0_c01969,par_factible,BR0119|BR0168,3.0,392.493898,292.920301,193.417119,398.4938976957556,298.9203006585843,199.41711878958654,2,4,9,72,142.18434217213863
t3_0_c01970,par_factible,BR0221|BR0224,3.0,412.16426,267.434825,157.286172,418.1642601358421,273.4348252789816,163.28617222073052,1,4,11,44,140.99879417223724
t3_0_c01971,par_factible,BR0291|BR0401,3.0,390.863588,291.751559,198.907948,396.86358819876364,297.7515593060954,204.90794756334324,2,4,8,64,141.6136896034371
t3_0_c01972,par_factible,BR0034|BR0221,3.0,393.97068,255.702516,172.099628,399.9706795213468,261.70251642472743,178.09962751956556,2,4,10,80,134.89769540184997
t3_0_c01973,par_factible,BR0272|BR0283,3.0,392.796281,291.560126,233.198965,398.79628080614174,297.560125959198,239.1989647489147,2,4,7,56,141.96868639456466
t3_0_c01974,par_factible,BR0201|BR0299,3.0,393.026485,292.163891,217.898491,399.02648511174186,298.1638905308937,223.8984914397047,2,4,8,64,142.13871063050672
t3_0_c01975,par_factible,BR0173|BR0237,3.0,393.053641,293.264882,221.997361,399.0536408684047,299.26488172414304,227.9973613932233,2,4,7,56,142.36871000867436
t3_0_c01976,par_factible,BR0167|BR0419,3.0,414.261788,310.43415,157.286172,420.26178817724593,316.434150127759,163.28617222073052,1,3,11,33,150.19285184607642
t3_0_c01977,par_factible,BR0284|BR0411,3.0,383.282811,284.285923,206.684927,389.2828111965615,290.28592342555027,212.68492715585342,2,4,8,64,138.54612326648558
t3_0_c01978,par_factible,BR0006|BR0136XL,3.0,382.722332,286.391199,288.055318,388.72233217411394,292.39119949093435,294.05531842000556,2,4,6,48,138.86106659837884
t3_0_c01979,par_factible,BR0196|BR0305,3.0,385.546195,285.949745,271.639469,391.54619484898865,291.9497452317037,277.63946861760576,2,4,6,48,139.3467767748608
t3_0_c01980,par_factible,BR0299|BR0396,3.0,390.367824,289.390118,214.012796,396.3678244577398,295.3901181159821,220.01279614704833,2,4,8,64,141.0311809528485
t3_0_c01981,par_factible,BR0057|BR0302,3.0,391.31102,254.925799,216.948529,397.3110201669778,260.9257988462832,222.94852855909107,2,4,8,64,134.1971088712051
t3_0_c01982,par_factible,BR0135|BR0363,3.0,390.840291,282.785974,276.013082,396.84029108174445,288.7859744762404,282.01308210380074,2,4,6,48,139.78109389561362
t3_0_c01983,par_factible,BR0179|BR0230,3.0,391.17744,291.877544,142.358856,397.17743959550853,297.8775438604571,148.35885625739004,2,4,12,96,141.70336054148126
t3_0_c01984,par_factible,BR0104|BR0366,3.0,390.378036,300.524667,211.832553,396.37803625030045,306.52466655548824,217.8325530041132,2,3,8,48,143.3033033243198
t3_0_c01985,par_factible,BR0217|BR0317,3.0,392.044059,291.584542,166.715906,398.0440592061343,297.5845421332435,172.71590604827372,2,4,10,80,141.82030608346133
t3_0_c01986,par_factible,BR0108|BR0196,3.0,408.438308,303.361422,284.032791,414.43830792457794,309.36142234882664,290.03279145504024,1,3,6,18,147.5636555093587
t3_0_c01987,par_factible,BR0119|BR0209XL,3.0,392.860797,293.079643,186.845345,398.8607970590263,299.07964283661227,192.8453450825721,2,4,9,72,142.2916289287744
t3_0_c01988,par_factible,BR0106|BR0388,3.0,392.272576,254.451603,229.747945,398.2725757928164,260.45160341736283,235.74794460919787,2,4,7,56,134.29646874825264
t3_0_c01989,par_factible,BR0146|BR0164,3.0,412.523182,306.223499,158.499428,418.52318200606686,312.2234990127594,164.49942753277222,1,3,10,30,148.97995535552013
t3_0_c01990,par_factible,BR0288|BR0331,3.0,387.410947,254.23095,216.022091,393.41094749245525,260.2309496289416,222.02209050960613,2,4,8,64,133.26032561088618
t3_0_c01991,par_factible,BR0100|BR0209XL,3.0,384.862573,285.915497,183.64187,390.8625725837376,291.9154972530323,189.64186990317717,2,4,9,72,139.2004219850703
t3_0_c01992,par_factible,BR0023|BR0289,3.0,390.675535,261.089984,189.965263,396.6755354044131,267.0899842848173,195.96526338425295,2,4,9,72,135.32426497232015
t3_0_c01993,par_factible,BR0103|BR0396,3.0,389.822755,289.304419,207.084811,395.82275465991586,295.30441889621835,213.08481110304382,2,4,8,64,140.90258380349323
t3_0_c01994,par_factible,BR0146|BR0402,3.0,393.073245,293.392436,173.616971,399.0732451188162,299.39243619622914,179.61697060930584,2,4,10,80,142.39871178696131
t3_0_c01995,par_factible,BR0100|BR0103,3.0,390.80812,290.020763,190.036093,396.80812032144775,296.02076297539014,196.03609278880964,2,4,9,72,141.24951749171004
t3_0_c01996,par_factible,BR0032|BR0230,3.0,393.593456,303.855583,146.76935,399.5934563776593,309.8555831794268,152.76935035306548,2,3,11,66,144.6379285539421
t3_0_c01997,par_factible,BR0053|BR0289,3.0,388.507371,254.038165,211.515599,394.50737063058904,260.0381650692998,217.51559890646794,2,4,8,64,133.44455365950844
t3_0_c01998,par_factible,BR0164|BR0167,3.0,393.960952,293.253361,149.780179,399.9609518264707,299.25336082939026,155.7801792454714,2,4,11,88,142.55133795226524
t3_0_c01999,par_factible,BR0011|BR0292,3.0,387.751754,289.520738,286.409918,393.75175408821593,295.52073797199114,292.40991757246843,2,4,6,48,140.52446321309012
t3_0_c02000,par_factible,BR0348|BR0399,3.0,391.332682,290.317452,289.567848,397.33268212089206,296.31745233981366,295.5678478247563,2,4,6,48,141.41694892165253
t3_0_c02001,par_factible,BR0034|BR0394,3.0,388.004078,251.704987,188.679221,394.0040784134491,257.70498719471016,194.67922057616704,2,4,9,72,132.86627229524146
t3_0_c02002,par_factible,BR0011|BR0410,3.0,385.735609,286.275546,286.37603,391.735608742643,292.2755461914099,292.3760303994636,2,4,6,48,139.4518154809486
t3_0_c02003,par_factible,BR0121|BR0399,3.0,407.00808,301.593126,316.795488,413.0080801315931,307.59312594772877,322.79548801483384,1,3,5,15,146.91156087244073
t3_0_c02004,par_factible,BR0194|BR0348,3.0,393.906507,292.868059,289.860927,399.9065071581884,298.86805852245743,295.860926742295,2,4,6,48,142.46168515405623
t3_0_c02005,par_factible,BR0034|BR0289,3.0,389.482602,258.174148,192.699154,395.48260228872357,264.1741475404828,198.69915376992668,2,4,9,72,134.48659527608692
t3_0_c02006,par_factible,BR0011|BR0305,3.0,391.981651,286.774743,281.322204,397.98165110069664,292.7747431979924,287.32220415081576,2,4,6,48,140.82699170207727
t3_0_c02007,par_factible,BR0136XL|BR0343,3.0,390.06508,269.833799,305.635885,396.06507963063444,275.8337985672058,311.6358851130789,2,4,5,40,136.98244203829566
t3_0_c02008,par_factible,BR0251|BR0410,3.0,391.828749,270.477731,303.841396,397.82874866165014,276.4777308976774,309.8413955077325,2,4,5,40,137.4732883913002
t3_0_c02009,par_factible,BR0136XL|BR0238,3.0,384.292725,286.999561,283.03394,390.29272512562676,292.999561365994,289.0339397368178,2,4,6,48,139.30525718483602
t3_0_c02010,par_factible,BR0267|BR0354,3.0,405.41673,268.167911,287.157097,411.4167304796821,274.1679107028886,293.1570972549836,1,4,6,24,139.77260778441808
t3_0_c02011,par_factible,BR0026|BR0120,3.0,390.356037,293.675895,213.471119,396.3560368264462,299.67589481566114,219.4711193816771,2,4,8,64,141.90253448361005
t3_0_c02012,par_factible,BR0123|BR0196,3.0,384.843928,286.887694,277.972335,390.8439280459568,292.88769408936764,283.97233495570225,2,4,6,48,139.39482612340967
t3_0_c02013,par_factible,BR0117|BR0123,3.0,390.059395,290.905018,270.468179,396.059394982747,296.9050183573627,276.4681793965423,2,4,6,48,141.277148489319
t3_0_c02014,par_factible,BR0171|BR0314XL,3.0,390.336987,289.891438,173.73015,396.3369872631931,295.89143786214646,179.7301498791872,2,4,10,80,141.1270999236166
t3_0_c02015,par_factible,BR0179|BR0298,3.0,393.225588,292.535823,141.298694,399.2255879318256,298.5358226249796,147.2986937604674,2,4,12,96,142.25512957325284
t3_0_c02016,par_factible,BR0097|BR0263,3.0,393.584169,232.226083,201.606053,399.5841687280819,238.22608265127454,207.60605297530654,2,5,8,80,130.032671025353
t3_0_c02017,par_factible,BR0108|BR0131,3.0,412.559927,309.158832,275.922174,418.5599271893719,315.158831514061,281.9221740945569,1,3,6,18,149.58588352771312
t3_0_c02018,par_factible,BR0231|BR0309,3.0,393.417295,293.477043,170.125928,399.4172952987551,299.4770426632731,176.12592752700454,2,4,10,80,142.48610356004653
t3_0_c02019,par_factible,BR0031|BR0209XL,3.0,389.657119,290.589068,178.465057,395.6571188816275,296.5890676000164,184.4650565842092,2,4,9,72,141.1307209952383
t3_0_c02020,par_factible,BR0136|BR0373,3.0,391.552675,290.995918,293.479485,397.55267457511576,296.99591789438637,299.4794849635234,2,4,6,48,141.6001207888893
t3_0_c02021,par_factible,BR0065|BR0101,3.0,384.751195,285.546024,171.891667,390.7511952180538,291.5460240957412,177.8916667919738,2,4,10,80,139.1023892586738
t3_0_c02022,par_factible,BR0263|BR0329,3.0,392.65231,262.719111,206.252229,398.6523102773459,268.7191109107763,212.2522288085162,2,4,8,64,136.05941308626345
t3_0_c02023,par_factible,BR0146|BR0231,3.0,393.14117,293.384319,173.591777,399.1411697619741,299.38431907441037,179.5917767446542,2,4,10,80,142.41090496154627
t3_0_c02024,par_factible,BR0254|BR0400,3.0,393.601953,280.627216,311.550124,399.60195346954964,286.6272163312084,317.55012429723376,2,4,5,40,139.90401015305972
t3_0_c02025,par_factible,BR0081|BR0403,3.0,392.925343,262.914335,292.383775,398.9253430542542,268.9143346048712,298.383774597468,2,4,6,48,136.15487821796643
t3_0_c02026,par_factible,BR0032|BR0298,3.0,392.359545,292.711574,152.83624,398.35954529403205,298.7115741801883,158.83623978573635,2,4,11,88,142.1143974463242
t3_0_c02027,par_factible,BR0126|BR0306,3.0,393.733115,292.116025,247.637106,399.7331145306403,298.1160249656643,253.63710558734363,2,4,7,56,142.27301518782969
t3_0_c02028,par_factible,BR0050|BR0288,3.0,393.217226,233.853611,227.019945,399.21722645562164,239.8536111016653,233.01994538940923,2,5,7,70,130.2896712655019
t3_0_c02029,par_factible,BR0168|BR0350,3.0,386.637264,287.474871,202.305299,392.63726392524103,293.4748710154253,208.30529867927487,2,4,8,64,139.88014983499824
t3_0_c02030,par_factible,BR0006|BR0363,3.0,390.263609,289.159047,279.785066,396.2636088997921,295.1590470086542,285.7850661914599,2,4,6,48,140.96282485391362
t3_0_c02031,par_factible,BR0196|BR0307,3.0,383.396033,290.342816,269.02975,389.39603285479774,296.3428157051346,275.02975020458837,2,4,6,48,139.80404659733586
t3_0_c02032,par_factible,BR0198|BR0350,3.0,392.116217,291.357768,196.8201,398.11621696952545,297.35776787149314,202.82010041223137,2,4,8,64,141.78878386157362
t3_0_c02033,par_factible,BR0066|BR0309,3.0,387.088355,287.830226,164.614173,393.08835488037255,293.83022600012407,170.6141726970886,2,4,10,80,140.0445628706415
t3_0_c02034,par_factible,BR0030|BR0066,3.0,386.052752,286.361358,166.724754,392.0527519779698,292.36135768665935,172.72475440859156,2,4,10,80,139.533967311851
t3_0_c02035,par_factible,BR0022|BR0357,3.0,391.157473,253.425273,232.519303,397.15747283097113,259.4252731138007,238.51930277586055,2,4,7,56,133.85988704276696
t3_0_c02036,par_factible,BR0014|BR0134,3.0,391.605368,292.119238,258.63026,397.6053681283169,298.11923760832155,264.6302602490808,2,4,6,48,141.8398788453901
t3_0_c02037,par_factible,BR0030|BR0198,3.0,389.804153,289.330382,179.733387,395.80415256379763,295.33038153191444,185.73338738437263,2,4,9,72,140.9040844231829
t3_0_c02038,par_factible,BR0097|BR0329,3.0,391.540754,259.781515,209.176675,397.54075354534905,265.78151473289756,215.17667535471375,2,4,8,64,135.23389771218075
t3_0_c02039,par_factible,BR0014|BR0371,3.0,393.277256,292.336058,244.07249,399.277255910684,298.33605777205827,250.07248976378787,2,4,7,56,142.22493653063043
t3_0_c02040,par_factible,BR0030|BR0316,3.0,384.924281,285.654335,167.627406,390.9242810141718,291.6543348578854,173.62740646575253,2,4,10,80,139.15975858757537
t3_0_c02041,par_factible,BR0092XL|BR0371,3.0,388.887827,306.609313,235.337078,394.8878268965975,312.6093133805191,241.3370780207342,2,3,7,42,144.23998782408086
t3_0_c02042,par_factible,BR0032|BR0219,3.0,393.651128,292.592741,160.387621,399.6511284062719,298.5927407526293,166.38762110263747,2,4,10,80,142.3534901445262
t3_0_c02043,par_factible,BR0167|BR0224,3.0,412.008331,270.803097,155.092536,418.00833140804934,276.8030969093065,161.09253594173487,1,4,11,44,141.65370607897162
t3_0_c02044,par_factible,BR0081|BR0113,3.0,393.095929,271.005675,291.60306,399.0959290136816,277.00567518275295,297.6030602868006,2,4,6,48,137.83926691058807
t3_0_c02045,par_factible,BR0371|BR0372,3.0,392.546598,292.958081,254.17458,398.5465984210427,298.95808091875136,260.17458020840365,2,4,6,48,142.20278885622713
t3_0_c02046,par_factible,BR0101|BR0171,3.0,384.224313,285.134885,171.173116,390.2243132026428,291.13488506090863,177.17311577563365,2,4,10,80,138.91115153181477
t3_0_c02047,par_factible,BR0032|BR0338,3.0,391.095151,291.718509,168.366688,397.09515114755385,297.7185092502748,174.36668806598973,2,4,10,80,141.65416114124946
t3_0_c02048,par_factible,BR0066|BR0230,3.0,405.420197,300.67282,146.713069,411.42019677774186,306.67282041557337,152.7130686194347,1,3,11,33,146.4002073788614
t3_0_c02049,par_factible,BR0251|BR0399,3.0,388.25516,269.565891,314.331153,394.25516000469963,275.56589143103133,320.3311534064179,2,4,5,40,136.55882801951702
t3_0_c02050,par_factible,BR0123|BR0292,3.0,393.487412,292.480341,279.37914,399.48741201659345,298.480340906781,285.3791404052598,2,4,6,48,142.2971973340213
t3_0_c02051,par_factible,BR0196|BR0241,3.0,392.737892,291.464748,261.619534,398.7378919881916,297.4647479040641,267.6195338216376,2,4,6,48,141.9373373888391
t3_0_c02052,par_factible,BR0149|BR0167,3.0,407.834706,302.939989,157.373889,413.8347059508845,308.939988639384,163.37388864827986,1,3,11,33,147.35467779618114
t3_0_c02053,par_factible,BR0143|BR0348,3.0,393.493273,293.608261,282.8961,399.4932731263233,299.60826112518646,288.8961004011054,2,4,6,48,142.52834541315184
t3_0_c02054,par_factible,BR0081|BR0363,3.0,390.071033,269.923725,286.240594,396.0710332904915,275.9237252367458,292.2405943960971,2,4,6,48,137.00198950606264
t3_0_c02055,par_factible,BR0006|BR0193,3.0,390.150493,269.951086,299.779639,396.1504926222541,275.9510856592705,305.7796394339857,2,4,5,40,137.02376723374607
t3_0_c02056,par_factible,BR0011|BR0307,3.0,391.5996,292.135403,276.429392,397.59959951819343,298.1354031760427,282.4293920698189,2,4,6,48,141.84199851054763
t3_0_c02057,par_factible,BR0136XL|BR0345,3.0,391.626831,300.914629,306.147665,397.6268313850184,306.91462924165256,312.14766455676255,2,3,5,30,143.63740277811843
t3_0_c02058,par_factible,BR0363|BR0399,3.0,390.74991,291.447354,288.875425,396.7499101824812,297.4473543293681,294.8754252003444,2,4,6,48,141.528494293955
t3_0_c02059,par_factible,BR0123|BR0305,3.0,386.616403,286.596194,276.97938,392.61640257291583,292.5961944561232,282.97938008049084,2,4,6,48,139.69675780408542
t3_0_c02060,par_factible,BR0246|BR0418,3.0,392.025813,233.567521,247.797462,398.0258128030435,239.56752078249576,253.79746188751707,2,5,7,70,129.98844721417723
t3_0_c02061,par_factible,BR0132|BR0246,3.0,386.968478,247.588881,236.819382,392.9684775213281,253.58888106045427,242.81938156650213,2,4,7,56,131.81597524603106
t3_0_c02062,par_factible,BR0136|BR0137,3.0,392.485634,270.586052,293.47016,398.48563372045425,276.58605244046294,299.47015962622476,2,4,6,48,137.629293814662
t3_0_c02063,par_factible,BR0134|BR0292,3.0,390.827778,291.725888,282.007791,396.8277781252673,297.7258876690179,288.007791101739,2,4,6,48,141.60115510586851
t3_0_c02064,par_factible,BR0134|BR0410,3.0,386.567483,286.74703,276.486856,392.56748290305256,292.7470302628889,282.486855862718,2,4,6,48,139.71753581364757
t3_0_c02065,par_factible,BR0097|BR0265,3.0,385.782764,250.242803,190.255021,391.7827639957356,256.2428029997756,196.2550209551865,2,4,9,72,132.1153041784936
t3_0_c02066,par_factible,BR0134|BR0305,3.0,383.88064,284.559448,270.843809,389.8806396722083,290.55944808484674,276.8438085779749,2,4,6,48,138.72376916555658
t3_0_c02067,par_factible,BR0005|BR0196,3.0,393.252858,291.505836,261.240114,399.25285823734316,297.5058361973258,267.2401144828141,2,4,6,48,142.0507022292903
t3_0_c02068,par_factible,BR0108|BR0252,3.0,406.999945,271.044418,319.021891,412.9999450164852,277.0444176265113,325.02189075796974,1,4,5,20,140.68182724627857
t3_0_c02069,par_factible,BR0103|BR0320,3.0,391.503685,290.497005,208.99174,397.5036852399601,296.4970047156918,214.99174004047003,2,4,8,64,141.48841793183524
t3_0_c02070,par_factible,BR0300|BR0384,3.0,390.277852,253.299742,216.939108,396.2778522809217,259.29974181126136,222.93910827583105,2,4,8,64,133.6549631176724
t3_0_c02071,par_factible,BR0215|BR0314XL,3.0,392.675546,292.947354,180.919498,398.6755463193272,298.9473538074842,186.91949756209607,2,4,9,72,142.22689095347835
t3_0_c02072,par_factible,BR0023|BR0225,3.0,393.727837,263.605488,163.814717,399.7278367753535,269.6054884537227,169.81471730656295,2,4,10,80,136.45939352274746
t3_0_c02073,par_factible,BR0126|BR0282,3.0,386.323717,293.300698,263.126458,392.3237169156556,299.3006984689896,269.1264576359061,2,4,6,48,141.00395828433133
t3_0_c02074,par_factible,BR0103|BR0333,3.0,384.877017,285.61926,206.661272,390.87701676009243,291.6192598061739,212.6612723653876,2,4,8,64,139.14297177701656
t3_0_c02075,par_factible,BR0011|BR0109,3.0,392.079479,304.388482,299.783624,398.0794793932539,310.38848182058507,305.7836242933108,2,3,5,30,144.43791258182242
t3_0_c02076,par_factible,BR0286|BR0315,3.0,393.491144,291.892667,172.602184,399.4911440974334,297.8926668289566,178.60218385466453,2,4,10,80,142.17814697785727
t3_0_c02077,par_factible,BR0032|BR0167,3.0,393.025129,292.16296,152.863918,399.0251291342204,298.162959581557,158.86391841605433,2,4,11,88,142.13824438649897
t3_0_c02078,par_factible,BR0162|BR0320,3.0,392.717458,292.012146,215.115126,398.71745767109775,298.01214573914496,221.11512635551165,2,4,8,64,142.04477133746028
t3_0_c02079,par_factible,BR0162|BR0333,3.0,387.10632,293.917341,216.818633,393.10631990862237,299.91734117174053,222.8186326100556,2,4,8,64,141.28922753931965
t3_0_c02080,par_factible,BR0126|BR0413,3.0,386.949325,287.033133,246.994081,392.94932476605993,293.0331330164678,252.99408088006376,2,4,7,56,139.85371208614225
t3_0_c02081,par_factible,BR0034|BR0225,3.0,399.493194,259.267718,163.827904,405.4931941468233,265.2677182089016,169.82790384918903,1,4,10,40,136.7504408472426
t3_0_c02082,par_factible,BR0082|BR0123,3.0,388.893108,290.338956,289.942101,394.89310831972534,296.338955550104,295.94210051598964,2,4,6,48,140.92396816918028
t3_0_c02083,par_factible,BR0029|BR0231,3.0,393.233185,292.305801,170.887577,399.233185129764,298.3058008809092,176.88757749986328,2,4,10,80,142.2097830806673
t3_0_c02084,par_factible,BR0066|BR0298,3.0,390.169772,300.404106,152.583955,396.16977206653036,306.4041056739259,158.58395527705107,2,3,11,66,143.23626457501658
t3_0_c02085,par_factible,BR0136XL|BR0400,3.0,385.914415,289.114377,293.447993,391.9144146287719,295.1143772408767,299.44799334734313,2,4,6,48,140.06703198157973
t3_0_c02086,par_factible,BR0345|BR0400,3.0,393.891445,293.91955,311.631729,399.8914445734889,299.9195503469279,317.6317288142165,2,4,5,40,142.6729857126232
t3_0_c02087,par_factible,BR0082|BR0136,3.0,390.948078,290.583449,288.175384,396.9480783613211,296.5834492215625,294.17538412440484,2,4,6,48,141.39276811067964
t3_0_c02088,par_factible,BR0193|BR0253,3.0,417.504419,270.964132,304.188002,423.5044188010712,276.9641319321216,310.1880016356163,1,4,5,20,142.8070439823023
t3_0_c02089,par_factible,BR0245|BR0301,3.0,385.159044,249.72817,243.299045,391.1590444130576,255.72816989386075,249.29904459319818,2,4,7,56,131.88322411965717
t3_0_c02090,par_factible,BR0326|BR0417,3.0,392.969902,254.455707,245.074811,398.96990219824454,260.4557069064351,251.0748109827199,2,4,7,56,134.43947178484805
t3_0_c02091,par_factible,BR0028|BR0154,3.0,387.327825,287.160757,215.38194,393.327825312697,293.16075733556136,221.38193985250064,2,4,8,64,139.95689758374277
t3_0_c02092,par_factible,BR0086|BR0321,3.0,388.984209,251.874892,236.550261,394.9842089570321,257.87489248392677,242.55026112057843,2,4,7,56,133.1007342387276
t3_0_c02093,par_factible,BR0030|BR0200,3.0,384.250694,285.011129,172.37448,390.2506942012954,291.0111293802237,178.37447971339378,2,4,10,80,138.8912994049988
t3_0_c02094,par_factible,BR0119|BR0213,3.0,386.777086,305.795819,191.777766,392.7770860593424,311.7958191387752,197.7777663478917,2,3,9,54,143.64381349604844
t3_0_c02095,par_factible,BR0315|BR0392,3.0,391.469864,290.512189,172.673369,397.4698639542873,296.51218863423435,178.67336902852745,2,4,10,80,141.48461826473425
t3_0_c02096,par_factible,BR0168|BR0169,3.0,388.922708,289.200975,204.768446,394.9227077238168,295.2009754857407,210.7684463050099,2,4,8,64,140.69799861560804
t3_0_c02097,par_factible,BR0164|BR0171,3.0,392.255407,291.107191,156.721039,398.25540691149905,297.1071913330849,162.72103939061196,2,4,11,88,141.7660750753484
t3_0_c02098,par_factible,BR0209XL|BR0286,3.0,383.18216,284.695052,185.237913,389.18215991319124,290.69505244420765,191.237913087885,2,4,9,72,138.60901373239528
t3_0_c02099,par_factible,BR0145|BR0291,3.0,389.495047,301.7045,188.047206,395.4950469458272,307.70449979913224,194.04720554390752,2,3,9,54,143.3638219663526
t3_0_c02100,par_factible,BR0283|BR0366,3.0,393.987416,293.99039,218.995195,399.9874155583178,299.9903900390868,224.99519496955975,2,4,8,64,142.70699400558706
t3_0_c02101,par_factible,BR0123|BR0307,3.0,390.647277,289.803899,271.08726,396.647277322538,295.80389890546576,277.0872599777216,2,4,6,48,141.17251299245743
t3_0_c02102,par_factible,BR0109|BR0406,3.0,389.160039,290.530314,316.439392,395.1600394610973,296.5303139785276,322.4393916838674,2,4,5,40,141.0174013128695
t3_0_c02103,par_factible,BR0143|BR0363,3.0,381.826667,288.871589,273.240391,387.82666740674495,294.87158872692044,279.240390874257,2,4,6,48,139.18415007821923
t3_0_c02104,par_factible,BR0115|BR0137,3.0,392.841967,270.877847,293.594832,398.84196697786143,276.8778474876233,299.59483205566085,2,4,6,48,137.76143006431897
t3_0_c02105,par_factible,BR0124|BR0142,3.0,406.103485,301.141933,336.529794,412.1034848516069,307.14193333898476,342.5297939780296,1,3,5,15,146.63515151694017
t3_0_c02106,par_factible,BR0108|BR0135,3.0,412.488677,293.866361,290.33099,418.48867728293806,299.86636147262874,296.3309898356129,1,4,6,24,146.45362665760788
t3_0_c02107,par_factible,BR0134|BR0307,3.0,386.859704,286.965983,266.504299,392.8597036334628,292.9659825667687,272.50429913415985,2,4,6,48,139.8217504995375
t3_0_c02108,par_factible,BR0119|BR0148,3.0,393.148506,292.686113,186.959649,399.1485060549234,298.6861127915334,192.95964865242397,2,4,9,72,142.27005481069455
t3_0_c02109,par_factible,BR0108|BR0254,3.0,392.819377,280.407914,319.500934,398.81937712979817,286.40791434782875,325.5009342660206,2,4,5,40,139.6997536141951
t3_0_c02110,par_factible,BR0032|BR0156,3.0,392.876722,293.127454,168.834295,398.87672234146066,299.12745393990855,174.83429468773494,2,4,10,80,142.30462309508036
t3_0_c02111,par_factible,BR0086|BR0388,3.0,392.39282,233.64792,237.248222,398.39282002947493,239.64791993090952,243.24822178455878,2,5,7,70,130.07966156175016
t3_0_c02112,par_factible,BR0100|BR0148,3.0,390.262569,289.630353,186.846533,396.2625691031666,295.63035342102035,192.84653314831183,2,4,9,72,141.05869980105746
t3_0_c02113,par_factible,BR0108|BR0267,3.0,407.282156,271.069868,318.770905,413.28215571054847,277.06986822304066,324.7709046306838,1,4,5,20,140.74455126067056
t3_0_c02114,par_factible,BR0101|BR0227,3.0,393.741219,262.059094,181.744232,399.7412194870189,268.059094303948,187.74423168931241,2,4,9,72,136.1468529645192
t3_0_c02115,par_factible,BR0066|BR0167,3.0,391.168946,291.970465,156.590374,397.16894612131847,297.9704652451569,162.5903736709171,2,4,11,88,141.72057316339965
t3_0_c02116,par_factible,BR0164|BR0225,3.0,402.763442,263.457527,156.909713,408.76344246791734,269.4575266952874,162.90971269048697,1,4,11,44,138.27134947262073
t3_0_c02117,par_factible,BR0011|BR0348,3.0,387.65578,287.698533,293.054661,393.65577994106457,293.69853285476324,299.05466117499583,2,4,6,48,140.1333971041443
t3_0_c02118,par_factible,BR0135|BR0238,3.0,386.77599,287.046545,274.773617,392.77599038450694,293.0465447369495,280.7736166133952,2,4,6,48,139.82110807776888
t3_0_c02119,par_factible,BR0034|BR0227,3.0,393.552295,232.220197,186.037737,399.5522946789883,238.2201973552976,192.037736554249,2,5,9,90,130.0249728918014
t3_0_c02120,par_factible,BR0279|BR0410,3.0,388.58059,288.255392,273.615185,394.5805899615813,294.25539152049924,279.6151847756814,2,4,6,48,140.43547023080134
t3_0_c02121,par_factible,BR0251|BR0348,3.0,388.013696,266.361927,316.23748,394.0136961152576,272.3619266859726,322.23748033750167,2,4,5,40,135.85639608587772
t3_0_c02122,par_factible,BR0225|BR0298,3.0,393.666863,263.783822,153.087177,399.66686322622337,269.7838216130804,159.0871769101606,2,4,11,88,136.4833200487877
t3_0_c02123,par_factible,BR0196|BR0310XL,3.0,391.673156,292.426217,261.903926,397.6731564561665,298.4262170290452,267.9039262317833,2,4,6,48,141.91628409484437
t3_0_c02124,par_factible,BR0150|BR0314XL,3.0,391.815439,291.45462,185.610302,397.8154390172297,297.4546200834703,191.6103020966065,2,4,9,72,141.7472087870948
t3_0_c02125,par_factible,BR0113|BR0408,3.0,391.367707,291.955272,292.748485,397.3677065998228,297.95527206992386,298.74848545456035,2,4,6,48,141.75799769006045
t3_0_c02126,par_factible,BR0134|BR0241,3.0,390.922589,290.010181,260.966115,396.9225885875341,296.01018144972716,266.96611537678,2,4,6,48,141.270697255303
t3_0_c02127,par_factible,BR0308|BR0320,3.0,388.932242,288.580669,211.770495,394.93224195218556,294.5806688475183,217.77049531286372,2,4,8,64,140.57347824662668
t3_0_c02128,par_factible,BR0193|BR0373,3.0,412.008331,270.803097,299.705846,418.0083314080494,276.8030969093065,305.70584648200116,1,4,5,20,141.65370607897162
t3_0_c02129,par_factible,BR0119|BR0215,3.0,391.651108,292.316119,187.911996,397.65110788518257,298.3161188729231,193.911996347631,2,4,9,72,141.8893428660766
t3_0_c02130,par_factible,BR0314XL|BR0315,3.0,390.300818,291.149683,172.99538,396.3008181866843,297.14968304479015,178.995380029846,2,4,10,80,141.37624897685512
t3_0_c02131,par_factible,BR0319|BR0392,3.0,392.420738,298.604548,167.586753,398.420738132655,304.6045477937107,173.58675339876058,2,3,10,60,143.32829478621116
t3_0_c02132,par_factible,BR0081|BR0236,3.0,386.267727,263.261011,271.013207,392.2677265606447,269.2610111717981,277.0132074242087,2,4,6,48,134.868244186023
t3_0_c02133,par_factible,BR0011|BR0403,3.0,401.068102,263.322771,299.436067,407.0681016921832,269.32277137939036,305.4360665700465,1,4,5,20,137.8982411970588
t3_0_c02134,par_factible,BR0168|BR0291,3.0,392.931454,292.534568,193.456489,398.9314543254975,298.53456770145823,199.4564890582244,2,4,9,72,142.19490765075548
t3_0_c02135,par_factible,BR0251|BR0403,3.0,389.605064,253.779986,325.681277,395.605063617994,259.77998608749635,331.68127661532856,2,4,5,40,133.61570840071158
t3_0_c02136,par_factible,BR0149|BR0171,3.0,390.033435,289.460549,172.219468,396.03343542528364,295.4605486827655,178.2194676085739,2,4,10,80,140.9773667906318
t3_0_c02137,par_factible,BR0198|BR0291,3.0,392.763205,292.327489,192.464289,398.7632054794422,298.32748851894394,198.46428898580402,2,4,9,72,142.11838817500225
t3_0_c02138,par_factible,BR0196|BR0363,3.0,390.986457,282.868766,272.501737,396.98645656802535,288.86876581460933,278.50173715529843,2,4,6,48,139.82777214732613
t3_0_c02139,par_factible,BR0142|BR0251,3.0,389.3884,269.903349,334.032847,395.38839964006314,275.90334869145056,340.03284745385184,2,4,5,40,136.85866428777035
t3_0_c02140,par_factible,BR0239|BR0301,3.0,390.280282,233.185133,264.05446,396.2802823686607,239.18513277935136,270.05446032384793,2,5,6,60,129.5546208252828
t3_0_c02141,par_factible,BR0108|BR0124,3.0,414.342189,310.4944,319.903169,420.34218938076754,316.4944001435625,325.90316856047184,1,3,5,15,150.22152691627522
t3_0_c02142,par_factible,BR0036|BR0315,3.0,388.207954,288.199059,166.72377,394.2079540404463,294.19905942214734,172.72377008913637,2,4,10,80,140.3480149770833
t3_0_c02143,par_factible,BR0103|BR0312,3.0,393.502779,292.589827,207.162884,399.5027790108441,298.5898270189505,213.16288388331105,2,4,8,64,142.3226515860947
t3_0_c02144,par_factible,BR0108|BR0136XL,3.0,392.530073,292.946234,306.051454,398.53007306900105,298.94623417288426,312.0514543663084,2,4,5,40,142.19700453453316
t3_0_c02145,par_factible,BR0315|BR0316,3.0,389.660344,284.523616,168.248027,395.6603442986572,290.52361636527155,174.24802732820493,2,4,10,80,139.89479320365518
t3_0_c02146,par_factible,BR0119|BR0150,3.0,392.230006,291.617066,188.084445,398.23000588122966,297.6170659710144,194.0844446622875,2,4,9,72,141.86484645305688
t3_0_c02147,par_factible,BR0053|BR0097,3.0,393.197036,256.001536,207.390006,399.1970362041934,262.00153622717625,213.39000589636856,2,4,8,64,134.80093219803663
t3_0_c02148,par_factible,BR0119|BR0270,3.0,393.065967,292.628484,188.470726,399.0659670878614,298.6284842472633,194.47072565183603,2,4,9,72,142.24147835578486
t3_0_c02149,par_factible,BR0300|BR0388,3.0,387.057823,251.082113,218.930792,393.05782347440123,257.0821131858704,224.93079183878595,2,4,8,64,132.54636833033058
t3_0_c02150,par_factible,BR0100|BR0150,3.0,390.190404,289.461577,187.666631,396.19040410697914,295.4615773905373,193.66663093066367,2,4,9,72,141.00957828695545
t3_0_c02151,par_factible,BR0023|BR0229,3.0,403.104803,261.056411,189.510584,409.1048034515631,267.0564112145588,195.51058425132302,1,4,9,36,137.8514199115437
t3_0_c02152,par_factible,BR0148|BR0270,3.0,390.306796,289.712261,191.713614,396.3067962142391,295.7122611074764,197.71361398154727,2,4,9,72,141.08441535610916
t3_0_c02153,par_factible,BR0034|BR0097,3.0,386.65935,250.971504,189.272541,392.6593503963554,256.9715044789009,195.2725408007967,2,4,9,72,132.44257999495542
t3_0_c02154,par_factible,BR0011|BR0113,3.0,389.54919,289.149914,280.753562,395.54919003898937,295.1499142557447,286.75356222526926,2,4,6,48,140.8153117828204
t3_0_c02155,par_factible,BR0032|BR0171,3.0,392.993044,291.561512,156.183128,398.99304437219973,297.56151240252166,162.1831284961712,2,4,11,88,142.00908394999416
t3_0_c02156,par_factible,BR0221|BR0338,3.0,390.847946,270.191241,181.896141,396.84794589041803,276.1912414180083,187.89614103181088,2,4,9,72,137.2149209599238
t3_0_c02157,par_factible,BR0082|BR0114,3.0,390.713966,310.754612,269.631309,396.7139657937439,316.75461234902895,275.63130869964033,2,3,6,36,145.45740634918917
t3_0_c02158,par_factible,BR0135|BR0345,3.0,409.278121,303.885519,290.080247,415.27812129050443,309.8855188070994,296.0802474742094,1,3,6,18,147.84172071306907
t3_0_c02159,par_factible,BR0006|BR0238,3.0,389.632038,289.043211,280.350889,395.6320383689271,295.0432105464658,286.3508891996692,2,4,6,48,140.81044830079364
t3_0_c02160,par_factible,BR0343|BR0345,3.0,406.35075,269.968606,328.876136,412.3507500983735,275.96860628112233,334.87613598084704,1,4,5,20,140.33014401212964
t3_0_c02161,par_factible,BR0123|BR0348,3.0,389.595328,289.015705,290.266797,395.59532844964843,295.015704895549,296.26679719219146,2,4,6,48,140.7973564414266
t3_0_c02162,par_factible,BR0179|BR0225,3.0,392.751343,263.663907,156.960586,398.7513433723995,269.66390715516945,162.96058556601295,2,4,11,88,136.2722223297796
t3_0_c02163,par_factible,BR0320|BR0351,3.0,389.270607,289.396041,210.990274,395.2706072900965,295.39604098038586,216.99027438993576,2,4,8,64,140.80869485636745
t3_0_c02164,par_factible,BR0106|BR0133,3.0,384.668974,253.091486,235.548357,390.668973754818,259.09148560434164,241.54835736610113,2,4,7,56,132.46900292745354
t3_0_c02165,par_factible,BR0113|BR0292,3.0,393.800968,293.14166,278.526921,399.8009680025293,299.14166043854846,284.52692064121675,2,4,6,48,142.49594871377732
t3_0_c02166,par_factible,BR0136|BR0196,3.0,382.498117,288.734367,278.686283,388.4981165979358,294.73436678244514,284.686282544125,2,4,6,48,139.29306490935392
t3_0_c02167,par_factible,BR0134|BR0348,3.0,392.271979,292.642799,284.713077,398.27197928555694,298.6427991606967,290.713077217538,2,4,6,48,142.08252363837994
t3_0_c02168,par_factible,BR0113|BR0410,3.0,386.914037,283.038723,283.666903,392.91403730242666,289.0387228453366,289.66690293184166,2,4,6,48,139.03216312900372
t3_0_c02169,par_factible,BR0134|BR0243,3.0,391.076446,289.761305,275.700609,397.076446156244,295.7613046649891,281.70060870799017,2,4,6,48,141.25132534581715
t3_0_c02170,par_factible,BR0120|BR0308,3.0,384.567351,286.81256,216.540448,390.5673510216282,292.81256024172563,222.5404481101168,2,4,8,64,139.3231215623555
t3_0_c02171,par_factible,BR0113|BR0305,3.0,388.308395,287.982644,277.795953,394.3083945407362,293.98264409058913,283.795953367214,2,4,6,48,140.3243707709124
t3_0_c02172,par_factible,BR0139|BR0143,3.0,389.675317,290.899708,278.487937,395.6753174134921,296.89970804272264,284.48793677079027,2,4,6,48,141.19776258026803
t3_0_c02173,par_factible,BR0092XL|BR0364,3.0,389.097964,290.485813,228.983408,395.0979635635358,296.48581281564606,234.98340800895534,2,4,7,56,140.9956730640534
t3_0_c02174,par_factible,BR0165|BR0314XL,3.0,389.167841,289.657709,184.950268,395.1678411124234,295.65770869759103,190.95026808056525,2,4,9,72,140.84109068501823
t3_0_c02175,par_factible,BR0195|BR0196,3.0,392.575217,304.903315,284.247576,398.57521707106446,310.9033147835922,290.24757632740744,2,3,6,36,144.643941254772
t3_0_c02176,par_factible,BR0167|BR0217,3.0,391.044207,311.170576,156.621735,397.0442073392729,317.1705761691586,162.62173482934452,2,3,11,66,145.60953792220826
t3_0_c02177,par_factible,BR0101|BR0164,3.0,403.289216,293.389334,158.492904,409.28921630069925,299.3893344903402,164.49290376189646,1,4,10,40,144.48084623670528
t3_0_c02178,par_factible,BR0119|BR0217,3.0,393.996056,314.88865,173.403456,399.99605616717525,320.8886495960888,179.40345589322806,2,3,10,60,146.9693589731425
t3_0_c02179,par_factible,BR0016|BR0281,3.0,390.791227,290.111585,237.592806,396.7912270524617,296.1115848053273,243.59280622173932,2,4,7,56,141.2645895734534
t3_0_c02180,par_factible,BR0119|BR0336,3.0,390.755841,290.696759,189.391708,396.75584100963806,296.6967593813749,195.3917080274029,2,4,9,72,141.37667694006382
t3_0_c02181,par_factible,BR0032|BR0225,3.0,406.781107,263.758504,163.599969,412.7811069908902,269.75850419270324,169.599969010426,1,4,10,40,139.151806561385
t3_0_c02182,par_factible,BR0221|BR0392,3.0,406.597569,270.002212,178.877599,412.5975685456543,276.0022115814869,184.87759906783208,1,4,9,36,140.3873150106302
t3_0_c02183,par_factible,BR0167|BR0230,3.0,390.257853,310.180104,142.950255,396.2578528982492,316.18010418980725,148.95025477403462,2,3,12,72,145.24728992620925
t3_0_c02184,par_factible,BR0081|BR0343,3.0,411.910484,267.270162,292.202845,417.91048446781446,273.27016167758956,298.2028453068715,1,4,6,24,140.91348545268175
t3_0_c02185,par_factible,BR0197|BR0336,3.0,392.312695,291.149646,189.791743,398.31269499378215,297.1496459731321,195.7917433500931,2,4,9,72,141.78640998306102
t3_0_c02186,par_factible,BR0310XL|BR0323,3.0,390.047563,310.007623,248.080245,396.0475627387606,316.00762270851584,254.0802448024116,2,3,7,42,145.16925289444984
t3_0_c02187,par_factible,BR0101|BR0402,3.0,390.323068,289.560978,169.956717,396.3230675137501,295.5609781363785,175.9567168083133,2,4,10,80,141.05689004080094
t3_0_c02188,par_factible,BR0148|BR0336,3.0,385.535167,286.127005,191.453438,391.5351674687132,292.12700461354325,197.45343811463852,2,4,9,72,139.38066709118377
t3_0_c02189,par_factible,BR0081|BR0238,3.0,391.473881,266.858148,277.98332,397.4738806226948,272.8581480339555,283.98331976516874,2,4,6,48,136.66300278423043
t3_0_c02190,par_factible,BR0089|BR0326,3.0,390.429901,252.811007,248.273926,396.42990122939875,258.8110065401851,254.27392615184115,2,4,7,56,133.58632166556245
t3_0_c02191,par_factible,BR0107|BR0339,3.0,388.466859,252.099543,244.344264,394.46685850823303,258.0995427291661,250.34426383882814,2,4,7,56,133.04106039498453
t3_0_c02192,par_factible,BR0100|BR0336,3.0,385.4675,286.05746,186.591944,391.4674997006026,292.0574603041314,192.59194351402581,2,4,9,72,139.35269317119958
t3_0_c02193,par_factible,BR0343|BR0400,3.0,390.822276,270.324336,309.904141,396.8222763063906,276.3243356125821,315.90414107823153,2,4,5,40,137.2368220018293
t3_0_c02194,par_factible,BR0171|BR0178,3.0,391.313053,265.146866,172.479841,397.3130527615165,271.1468657416508,178.47984122405097,2,4,10,80,136.2813289506967
t3_0_c02195,par_factible,BR0171|BR0298,3.0,392.043607,298.211538,153.070097,398.04360715501946,304.21153795890524,159.07009689772013,2,3,11,66,143.17128340752797
t3_0_c02196,par_factible,BR0373|BR0400,3.0,391.619636,292.293557,292.126623,397.61963602128276,298.29355722505966,298.1266226149498,2,4,6,48,141.8783268596009
t3_0_c02197,par_factible,BR0089|BR0339,3.0,386.295368,250.133815,243.786823,392.29536804202564,256.13381533791744,249.78682282531645,2,4,7,56,132.19759090314844
t3_0_c02198,par_factible,BR0006|BR0306,3.0,392.940091,293.16754,274.079875,398.9400913826411,299.16753956281997,280.0798746167246,2,4,6,48,142.32571476971683
t3_0_c02199,par_factible,BR0168|BR0411,3.0,388.291433,287.867412,201.480581,394.2914328584474,293.8674117679209,207.48058059268504,2,4,8,64,140.29741990343902
t3_0_c02200,par_factible,BR0231|BR0291,3.0,393.559691,314.339015,178.624782,399.5596910865737,320.33901528037154,184.6247818941447,2,3,9,54,146.76833972822533
t3_0_c02201,par_factible,BR0285|BR0298,3.0,393.795404,304.049602,153.178794,399.7954035783802,310.04960185351206,159.17879433833997,2,3,11,66,144.7186555416702
t3_0_c02202,par_factible,BR0142|BR0253,3.0,393.817012,273.696744,325.698947,399.8170123567328,279.69674359235614,331.69894693591294,2,4,5,40,138.53491456658284
t3_0_c02203,par_factible,BR0132|BR0357,3.0,392.81821,233.668485,242.493031,398.8182097959093,239.66848475612593,248.49303079611894,2,5,7,70,130.17057992905916
t3_0_c02204,par_factible,BR0033|BR0419,3.0,393.946949,293.243584,177.981875,399.94694883416287,299.24358396773505,183.98187451215023,2,4,9,72,142.5464898678691
t3_0_c02205,par_factible,BR0108|BR0363,3.0,405.494546,300.723865,288.60403,411.49454551214956,306.7238647019936,294.6040302591162,1,3,6,18,146.42577170522796
t3_0_c02206,par_factible,BR0309|BR0319,3.0,388.759763,288.745936,163.386639,394.7597631214959,294.7459364922588,169.38663885419993,2,4,10,80,140.5720080761987
t3_0_c02207,par_factible,BR0153|BR0371,3.0,391.736825,292.377568,244.99747,397.7368248966619,298.3775679512193,250.99747034355053,2,4,7,56,141.91934614635701
t3_0_c02208,par_factible,BR0034|BR0087,3.0,402.197502,261.047834,193.599738,408.19750186917594,267.0478336118951,199.5997383104822,1,4,9,36,137.6646963264161
t3_0_c02209,par_factible,BR0034|BR0324,3.0,385.300824,249.925565,186.423921,391.3008241948625,255.92556526245798,192.4239209132376,2,4,9,72,131.95237297804698
t3_0_c02210,par_factible,BR0053|BR0337,3.0,385.918797,252.428665,214.292035,391.91879736440984,258.42866454682536,220.29203474042154,2,4,8,64,132.58867724999698
t3_0_c02211,par_factible,BR0310XL|BR0377,3.0,390.796774,291.778542,263.073924,396.79677418999665,297.7785420724958,269.07392408257704,2,4,6,48,141.60556906472831
t3_0_c02212,par_factible,BR0085|BR0326,3.0,387.900818,258.634164,269.705565,393.90081815451657,264.6341641039244,275.7055647410624,2,4,6,48,134.25789648490132
t3_0_c02213,par_factible,BR0034|BR0337,3.0,393.076229,260.980685,193.513645,399.07622947507826,266.98068492325365,199.5136447837089,2,4,9,72,135.79141985694838
t3_0_c02214,par_factible,BR0182|BR0283,3.0,390.355214,302.256989,239.502304,396.35521417429436,308.2569886156798,245.50230388076943,2,3,7,42,143.65182523750747
t3_0_c02215,par_factible,BR0237|BR0299,3.0,391.886361,290.503726,224.774914,397.88636149580407,296.50372596741744,230.7749135883257,2,4,7,56,141.5678058028994
t3_0_c02216,par_factible,BR0006|BR0134,3.0,392.20058,290.594212,277.028327,398.20057968722,296.5942118926034,283.0283274573373,2,4,6,48,141.65031428742574
t3_0_c02217,par_factible,BR0123|BR0126,3.0,392.930535,291.514676,267.930362,398.93053455701624,297.51467565678394,273.9303623456445,2,4,6,48,141.9867910731499
t3_0_c02218,par_factible,BR0123|BR0363,3.0,387.570173,287.163393,275.752025,393.57017332581955,293.16339267146213,281.7520253313352,2,4,6,48,140.00684322064865
t3_0_c02219,par_factible,BR0136|BR0305,3.0,385.01357,285.45861,280.042657,391.01357020591917,291.4586100999031,286.042656544531,2,4,6,48,139.1380591856926
t3_0_c02220,par_factible,BR0137|BR0348,3.0,391.310512,266.801673,313.056324,397.31051243938145,272.80167287475615,319.05632355825617,2,4,5,40,136.6181825309149
t3_0_c02221,par_factible,BR0118|BR0144,3.0,393.875045,292.846376,221.990608,399.8750449451479,298.84637616294026,227.99060846693146,2,4,7,56,142.45085037881512
t3_0_c02222,par_factible,BR0289|BR0300,3.0,391.943449,233.549478,215.927456,397.9434494616107,239.5494776976876,221.92745554123178,2,5,8,80,129.9679769947601
t3_0_c02223,par_factible,BR0320|BR0366,3.0,393.43267,292.082697,216.262863,399.43267011377134,298.0826969766176,222.2628634538983,2,4,8,64,142.20496780639937
t3_0_c02224,par_factible,BR0241|BR0377,3.0,393.73852,293.800324,250.971415,399.73851975678303,299.8003241544312,256.97141533137886,2,4,7,56,142.6175013070773
t3_0_c02225,par_factible,BR0113|BR0307,3.0,389.324932,290.368474,274.794053,395.324932489586,296.368474324597,280.7940529951803,2,4,6,48,141.0180238153278
t3_0_c02226,par_factible,BR0134|BR0363,3.0,390.919984,282.587765,272.819091,396.9199839066299,288.58776532926476,278.8190909741839,2,4,6,48,139.75693154656364
t3_0_c02227,par_factible,BR0092XL|BR0366,3.0,391.695311,292.240056,226.099595,397.69531108694537,298.2400557169005,232.0995949900187,2,4,7,56,141.88284746255778
t3_0_c02228,par_factible,BR0167|BR0219,3.0,387.89294,307.20132,155.028284,393.8929398228526,313.20132005306,161.02828446385695,2,3,11,66,144.15785114697505
t3_0_c02229,par_factible,BR0119|BR0219,3.0,413.590158,309.930852,167.830784,419.59015759783654,315.9308522758471,173.83078428651234,1,3,10,30,149.9533149589569
t3_0_c02230,par_factible,BR0188|BR0396,3.0,390.935948,291.516924,204.927914,396.9359480732458,297.5169241354121,210.92791393115854,2,4,8,64,141.5806059548742
t3_0_c02231,par_factible,BR0192|BR0289,3.0,392.82299,233.742156,211.031205,398.8229902858053,239.7421560107224,217.03120525588812,2,5,8,80,130.18657416850718
t3_0_c02232,par_factible,BR0212|BR0345,3.0,390.092484,302.33782,334.455898,396.0924839117976,308.3378198972831,340.4558979949382,2,3,5,30,143.61474083773305
t3_0_c02233,par_factible,BR0169|BR0396,3.0,386.255881,287.186827,210.538187,392.2558805844444,293.18682740224915,216.5381871446166,2,4,8,64,139.74367135304658
t3_0_c02234,par_factible,BR0034|BR0286,3.0,392.796374,261.51922,192.989353,398.79637441969345,267.51921992461314,198.98935324157088,2,4,9,72,135.84415786836016
t3_0_c02235,par_factible,BR0164|BR0402,3.0,405.623201,300.577535,157.551767,411.62320141623815,306.57753543393335,163.55176706676008,1,3,11,33,146.4221685729198
t3_0_c02236,par_factible,BR0071|BR0289,3.0,390.596864,260.930806,215.339023,396.5968635797912,266.9308059414592,221.33902299534446,2,4,8,64,135.27577360270138
t3_0_c02237,par_factible,BR0109|BR0399,3.0,390.905334,291.781486,313.67572,396.90533446536665,297.7814864997853,319.6757200668948,2,4,5,40,141.62830192969457
t3_0_c02238,par_factible,BR0057|BR0246,3.0,385.031603,251.017078,234.760119,391.03160338204566,257.01707785520364,240.7601190967041,2,4,7,56,132.12001656213033
t3_0_c02239,par_factible,BR0237|BR0364,3.0,392.353105,292.130766,223.397614,398.35310540012625,298.1307656206269,229.3976139892177,2,4,7,56,141.99467299097924
t3_0_c02240,par_factible,BR0120|BR0125,3.0,390.022652,290.466642,210.825681,396.02265194825947,296.46664236274563,216.82568141638052,2,4,8,64,141.18028426320186
t3_0_c02241,par_factible,BR0142|BR0255,3.0,392.295649,279.695444,336.032857,398.2956491456346,285.69544440448686,342.0328572760604,2,4,5,40,139.44772549441825
t3_0_c02242,par_factible,BR0142|BR0373,3.0,393.39939,293.569433,303.973652,399.3993904658453,299.56943313725543,309.973651745152,2,4,5,40,142.50128921571877
t3_0_c02243,par_factible,BR0124|BR0255,3.0,391.12018,283.707136,370.895007,397.1201797005956,289.70713571379235,376.8950072691483,2,4,4,32,140.0259562516591
t3_0_c02244,par_factible,BR0326|BR0357,3.0,389.066981,259.76432,242.47462,395.06698073105105,265.76432030377083,248.47461995967922,2,4,7,56,134.7260552568444
t3_0_c02245,par_factible,BR0028|BR0320,3.0,387.260341,287.021267,215.524165,393.26034052199145,293.02126676454805,221.52416529570866,2,4,8,64,139.91470077197542
t3_0_c02246,par_factible,BR0167|BR0392,3.0,408.997012,305.545165,157.142083,414.99701163032444,311.54516508244615,163.1420827896577,1,3,11,33,148.12276793328655
t3_0_c02247,par_factible,BR0119|BR0392,3.0,389.416916,305.372121,180.909941,395.41691638617993,311.37212088052746,186.90994052290054,2,3,9,54,144.0956243153328
t3_0_c02248,par_factible,BR0121|BR0212,3.0,389.231194,288.913876,350.770354,395.2311935209721,294.91387560319583,356.77035370501784,2,4,5,40,140.7023586389741
t3_0_c02249,par_factible,BR0034|BR0101,3.0,393.881787,260.499894,182.766798,399.8817868669522,266.4998941732914,188.766797883141,2,4,9,72,135.85763120086514
t3_0_c02250,par_factible,BR0006|BR0123,3.0,388.504828,287.855909,282.324003,394.5048277718596,293.85590865997887,288.32400262783307,2,4,6,48,140.3385803123014
t3_0_c02251,par_factible,BR0272|BR0282,3.0,391.960819,304.265251,249.996527,397.96081880492835,310.26525055329546,255.9965270418243,2,3,7,42,144.388597218802
t3_0_c02252,par_factible,BR0054|BR0057,3.0,387.855252,257.209272,235.176501,393.85525154843344,263.20927207948745,241.17650139272314,2,4,7,56,133.9581087926444
t3_0_c02253,par_factible,BR0164|BR0231,3.0,410.040845,304.480311,157.330077,416.04084522105734,310.48031073357265,163.3300766297208,1,3,11,33,148.118482355684
t3_0_c02254,par_factible,BR0229|BR0302,3.0,393.538304,261.333205,193.911785,399.53830361698556,267.3332045160888,199.9117849783657,2,4,9,72,135.9574940128592
t3_0_c02255,par_factible,BR0145|BR0231,3.0,392.895336,293.208085,173.629866,398.89533598562645,299.20808499076793,179.62986575916972,2,4,10,80,142.32485646817418
t3_0_c02256,par_factible,BR0136|BR0307,3.0,384.990396,291.115804,274.617174,390.9903957237402,297.115804281394,280.61717416490734,2,4,6,48,140.28668705507323
t3_0_c02257,par_factible,BR0120|BR0299,3.0,388.853447,291.806212,213.06738,394.8534472416313,297.8062123707804,219.0673800804505,2,4,8,64,141.2150172502368
t3_0_c02258,par_factible,BR0092XL|BR0237,3.0,391.623075,291.426604,226.772522,397.6230750356777,297.4266037805064,232.77252240607004,2,4,7,56,141.70227906548095
t3_0_c02259,par_factible,BR0289|BR0302,3.0,393.602718,232.229508,211.985,399.6027179386577,238.2295076191553,217.98500033888467,2,5,8,80,130.03715098018614
t3_0_c02260,par_factible,BR0144|BR0366,3.0,391.285171,290.582704,218.572263,397.2851706040828,296.5827042771429,224.5722633230875,2,4,8,64,141.46134044469432
t3_0_c02261,par_factible,BR0289|BR0420,3.0,390.763804,253.173824,206.647315,396.7638039951409,259.17382437202,212.6473153539319,2,4,8,64,133.7283646008483
t3_0_c02262,par_factible,BR0103|BR0144,3.0,386.355657,286.716567,207.984563,392.3556572757937,292.7165667151943,213.98456272283693,2,4,8,64,139.66813944770396
t3_0_c02263,par_factible,BR0121|BR0254,3.0,404.779276,277.831466,345.783095,410.7792761114397,283.83146623481366,351.78309484225076,1,4,5,20,141.61279150790077
t3_0_c02264,par_factible,BR0109|BR0137,3.0,411.735293,270.781822,320.902153,417.73529348420254,276.7818219502224,326.90215330123044,1,4,5,20,141.59370345248215
t3_0_c02265,par_factible,BR0100|BR0314XL,3.0,392.562664,291.507895,171.787268,398.5626641315255,297.5078954309853,177.78726844772646,2,4,10,80,141.9104096967402
t3_0_c02266,par_factible,BR0148|BR0209,3.0,392.704923,290.68785,185.008973,398.704922611001,296.6878504304619,191.00897279749222,2,4,9,72,141.77222691976817
t3_0_c02267,par_factible,BR0081|BR0335,3.0,412.365092,267.565136,249.777898,418.36509193798645,273.56513599029654,255.77789838495536,1,4,7,28,141.06630538802915
t3_0_c02268,par_factible,BR0100|BR0209,3.0,391.637747,290.448944,171.612236,397.637746658673,296.44894432941044,177.612236003864,2,4,10,80,141.5059512717805
t3_0_c02269,par_factible,BR0188|BR0398,3.0,393.895256,291.667188,200.831254,399.8952562077344,297.6671878044182,206.83125358259935,2,4,8,64,142.21456554783947
t3_0_c02270,par_factible,BR0168|BR0284,3.0,385.546511,286.135411,203.987528,391.5465109228738,292.1354109389793,209.9875278847992,2,4,8,64,139.38469354981714
t3_0_c02271,par_factible,BR0196|BR0238,3.0,387.561599,283.448041,272.611899,393.5615993043029,289.4480412899282,278.611898814594,2,4,6,48,139.24763314867096
t3_0_c02272,par_factible,BR0149|BR0164,3.0,407.747111,302.657649,157.554538,413.74711054038073,308.6576490609012,163.55453750656199,1,3,11,33,147.27925781881385
t3_0_c02273,par_factible,BR0082|BR0292,3.0,389.996521,291.129974,288.336209,395.9965212775395,297.12997366969967,294.33620874593566,2,4,6,48,141.31019264979392
t3_0_c02274,par_factible,BR0104|BR0169,3.0,387.846102,288.244058,206.018535,393.84610174682945,294.24405789083914,212.0185354101974,2,4,8,64,140.28341684763885
t3_0_c02275,par_factible,BR0082|BR0410,3.0,391.440433,291.16855,287.234559,397.44043308409596,297.16854982605474,293.2345589406797,2,4,6,48,141.61243280533142
t3_0_c02276,par_factible,BR0198|BR0402,3.0,388.863894,288.658615,180.587263,394.8638938772015,294.6586154635196,186.5872628986099,2,4,9,72,140.57543513572296
t3_0_c02277,par_factible,BR0292|BR0410,3.0,385.610612,292.678352,284.893094,391.6106120880207,298.6783524359826,290.8930939049712,2,4,6,48,140.73169511192728
t3_0_c02278,par_factible,BR0145|BR0286,3.0,392.758895,293.035927,173.792226,398.7588950149292,299.0359273559651,179.79222564699336,2,4,10,80,142.26194136001922
t3_0_c02279,par_factible,BR0082|BR0305,3.0,391.596235,292.276782,286.031599,397.59623537247836,298.27678169502485,292.0315986213853,2,4,6,48,141.87013599745225
t3_0_c02280,par_factible,BR0292|BR0305,3.0,389.647188,290.879543,283.685263,395.64718808688565,296.87954260340985,289.6852629603062,2,4,6,48,141.18791655255768
t3_0_c02281,par_factible,BR0118|BR0308,3.0,391.575153,292.261668,223.741186,397.5751528837248,298.26166801479104,229.74118647346506,2,4,7,56,141.8627565542336
t3_0_c02282,par_factible,BR0179|BR0402,3.0,404.850564,301.449033,157.396091,410.8505642345838,307.4490329912264,163.3960909604263,1,3,11,33,146.44232359343735
t3_0_c02283,par_factible,BR0113|BR0348,3.0,389.626518,289.158993,290.099736,395.6265175002193,295.158992873095,296.09973632863233,2,4,6,48,140.83292770098151
t3_0_c02284,par_factible,BR0219|BR0298,3.0,410.428564,293.895016,153.14968,416.428564307637,299.89501576758727,159.14968023203753,1,4,11,44,146.03946586650852
t3_0_c02285,par_factible,BR0113|BR0243,3.0,391.533933,283.178869,281.779584,397.53393310352396,289.178868536208,287.77958430411053,2,4,6,48,140.00260991635716
t3_0_c02286,par_factible,BR0247|BR0252,3.0,387.74085,256.815368,323.379277,393.74085043423224,262.8153684694266,329.3792769909195,2,4,5,40,133.85447887944116
t3_0_c02287,par_factible,BR0101|BR0209XL,3.0,388.194414,288.335336,180.53771,394.19441364442343,294.33533625901936,186.53771006653676,2,4,9,72,140.37303769693023
t3_0_c02288,par_factible,BR0146|BR0217,3.0,393.581041,293.699655,173.211597,399.58104082198906,299.69965521061715,179.2115966566906,2,4,10,80,142.56487177015416
t3_0_c02289,par_factible,BR0119|BR0156,3.0,389.649775,301.865188,182.902301,395.64977475583294,307.86518755891007,188.9023009546662,2,3,9,54,143.42812687354598
t3_0_c02290,par_factible,BR0169|BR0320,3.0,387.029129,287.694795,213.467114,393.0291291608732,293.6947946388454,219.46711380163165,2,4,8,64,140.00487743113527
t3_0_c02291,par_factible,BR0288|BR0384,3.0,388.627442,256.293043,215.31596,394.6274418754096,262.2930430011546,221.3159601160952,2,4,8,64,133.92874309410075
t3_0_c02292,par_factible,BR0032|BR0164,3.0,392.25122,290.771293,153.898587,398.2512204361332,296.77129255975746,159.89858670241424,2,4,11,88,141.6967406719451
t3_0_c02293,par_factible,BR0034|BR0209XL,3.0,401.125712,261.547813,192.612065,407.1257120091575,267.54781253445094,198.61206501169596,1,4,9,36,137.54811917300884
t3_0_c02294,par_factible,BR0209XL|BR0215,3.0,391.682301,292.238069,181.8185,397.6823009599564,298.2380693830842,187.81850038614462,2,4,9,72,141.8797900801306
t3_0_c02295,par_factible,BR0100|BR0156,3.0,391.039115,290.20583,171.33541,397.03911478921765,296.2058303137284,177.33540964171087,2,4,10,80,141.33434150926524
t3_0_c02296,par_factible,BR0221|BR0225,3.0,404.751096,262.107951,163.422032,410.75109649738965,268.1079506743748,169.42203157897652,1,4,10,40,138.40143673226595
t3_0_c02297,par_factible,BR0011|BR0343,3.0,393.935879,271.257381,301.044476,399.93587860313465,277.2573806830732,307.04447592761267,2,4,5,40,138.061826561918
t3_0_c02298,par_factible,BR0169|BR0333,3.0,382.361052,284.008135,212.090718,388.36105174423625,290.0081348615952,218.09071783075973,2,4,8,64,138.30156709599007
t3_0_c02299,par_factible,BR0126|BR0410,3.0,391.602361,290.610173,269.303888,397.60236059648963,296.6101728637107,275.3038884521036,2,4,6,48,141.53160722939865
t3_0_c02300,par_factible,BR0143|BR0400,3.0,393.826334,293.865098,282.90399,399.8263335650318,299.86509837203084,288.9039898050599,2,4,6,48,142.64860997697502
t3_0_c02301,par_factible,BR0251|BR0343,3.0,388.635563,255.620855,324.142466,394.6355626078905,261.6208549486284,330.1424660179455,2,4,5,40,133.79335730000386
t3_0_c02302,par_factible,BR0306|BR0400,3.0,393.269287,303.520442,274.292452,399.2692872944765,309.5204421462242,280.2924517237458,2,3,6,36,144.50351262807354
t3_0_c02303,par_factible,BR0196|BR0306,3.0,391.216869,290.012758,263.951619,397.21686870065304,296.0127584016148,269.95161930334575,2,4,6,48,141.33121857334714
t3_0_c02304,par_factible,BR0149|BR0231,3.0,390.611199,291.570626,172.468438,396.61119870329344,297.57062553809976,178.46843780553323,2,4,10,80,141.52534643045732
t3_0_c02305,par_factible,BR0136XL|BR0410,3.0,382.86837,281.545376,289.590309,388.8683699846322,287.5453761842256,295.5903088418314,2,4,6,48,137.902904417708
t3_0_c02306,par_factible,BR0144|BR0237,3.0,392.45229,291.253096,223.873288,398.45228993138835,297.25309598563547,229.87328794405832,2,4,7,56,141.83596043160526
t3_0_c02307,par_factible,BR0113|BR0403,3.0,402.11625,263.406084,293.286169,408.116250190797,269.4060841764748,299.28616929837807,1,4,6,24,138.1289162828281
t3_0_c02308,par_factible,BR0238|BR0363,3.0,386.959971,282.866306,275.33963,392.95997127785193,288.866305817764,281.3396297041342,2,4,6,48,139.00637657402976
t3_0_c02309,par_factible,BR0153|BR0299,3.0,383.426654,293.624042,227.492672,389.4266535488903,299.6240419211119,233.49267152808625,2,4,7,56,140.47924474413907
t3_0_c02310,par_factible,BR0119|BR0198,3.0,391.611021,291.525806,188.440705,397.6110208732196,297.52580619545137,194.44070452335203,2,4,9,72,141.72004629330704
t3_0_c02311,par_factible,BR0030|BR0315,3.0,383.170902,284.119694,171.340745,389.1709021225637,290.1196940097924,177.34074509444355,2,4,10,80,138.48941817173417
t3_0_c02312,par_factible,BR0100|BR0198,3.0,384.260448,285.237341,184.942701,390.26044798543944,291.2373408488397,190.94270128959963,2,4,9,72,138.93940649016903
t3_0_c02313,par_factible,BR0121|BR0256,3.0,390.612953,283.147764,351.595801,396.6129530128875,289.1477639157705,357.5958014421453,2,4,5,40,139.8085049803584
t3_0_c02314,par_factible,BR0109|BR0139,3.0,409.143441,306.598629,285.209792,415.14344072186356,312.598628996637,291.2097917900709,1,3,6,18,148.36739443802253
t3_0_c02315,par_factible,BR0100|BR0316,3.0,393.623905,287.134999,171.610431,399.6239050567643,293.1349986232461,177.61043128042533,2,4,10,80,141.23525049541496
t3_0_c02316,par_factible,BR0150|BR0350,3.0,393.721575,285.634134,199.945454,399.7215753937413,291.63413428339675,205.9454539415823,2,4,8,64,140.94917628483955
t3_0_c02317,par_factible,BR0031|BR0066,3.0,389.842934,288.847355,165.684538,395.84293387666145,294.84735515213777,171.6845377151161,2,4,10,80,140.81351458283368
t3_0_c02318,par_factible,BR0036|BR0179,3.0,393.856753,293.341227,154.943536,399.85675266036804,299.3412272418366,160.94353550079543,2,4,11,88,142.54800813500606
t3_0_c02319,par_factible,BR0343|BR0406,3.0,389.396263,269.69138,318.520304,395.3962632633514,275.69138005286277,324.5203036324507,2,4,5,40,136.8170526638561
t3_0_c02320,par_factible,BR0198|BR0286,3.0,382.236915,283.743321,186.900725,388.23691468415575,289.74332109929463,192.90072493468824,2,4,9,72,138.22227029224265
t3_0_c02321,par_factible,BR0104|BR0396,3.0,391.316929,290.086137,205.738178,397.3169287852055,296.08613672099705,211.7381777185029,2,4,8,64,141.3665780848527
t3_0_c02322,par_factible,BR0149|BR0286,3.0,393.482788,292.01677,172.532494,399.48278766411755,298.01676983487084,178.53249437450623,2,4,10,80,142.2017446481118
t3_0_c02323,par_factible,BR0104|BR0291,3.0,392.123809,292.65499,193.361608,398.1238090867781,298.65499038332973,199.3616077044305,2,4,9,72,142.05480111521055
t3_0_c02324,par_factible,BR0113|BR0232,3.0,391.804651,292.294684,271.255471,397.80465051848927,298.29468386367034,277.2554708532013,2,4,6,48,141.91627612276446
t3_0_c02325,par_factible,BR0132|BR0245,3.0,392.231174,233.379762,243.156406,398.231174035121,239.37976226205174,249.15640566817152,2,5,7,70,129.992035942339
t3_0_c02326,par_factible,BR0307|BR0410,3.0,389.129683,288.775186,272.737281,395.12968274481005,294.77518561588533,278.7372808987041,2,4,6,48,140.65338804499396
t3_0_c02327,par_factible,BR0127|BR0144,3.0,385.822831,286.321154,208.559418,391.8228311790962,292.3211536644872,214.55941789151788,2,4,8,64,139.47889599257562
t3_0_c02328,par_factible,BR0120|BR0366,3.0,391.350203,291.976519,217.492713,397.3502028894873,297.9765185481444,223.4927127723123,2,4,8,64,141.75876074161707
t3_0_c02329,par_factible,BR0173|BR0320,3.0,388.948718,288.265926,211.992736,394.9487180522023,294.2659258407972,217.99273630272992,2,4,8,64,140.51266949908245
t3_0_c02330,par_factible,BR0100|BR0145,3.0,392.84557,293.103255,173.713969,398.84556951737864,299.1032548712175,179.7139691598157,2,4,10,80,142.29333830552417
t3_0_c02331,par_factible,BR0146|BR0219,3.0,389.220475,308.873449,166.547576,395.22047476519765,314.8734491762718,172.54757580094235,2,3,10,60,144.76940345391833
t3_0_c02332,par_factible,BR0126|BR0281,3.0,391.688437,290.72159,240.909892,397.6884366593539,296.72159048841087,246.90989244817098,2,4,7,56,141.57187097813758
t3_0_c02333,par_factible,BR0286|BR0314XL,3.0,393.297736,292.041761,172.598902,399.29773632483256,298.0417613427088,178.5989015635244,2,4,10,80,142.16911267432033
t3_0_c02334,par_factible,BR0305|BR0327,3.0,389.821053,262.903317,281.613497,395.8210530716302,268.90331665008506,287.61349689744935,2,4,6,48,135.5197491787391
t3_0_c02335,par_factible,BR0100|BR0265,3.0,393.913212,262.08806,187.872622,399.91321176020017,268.0880597419736,193.87262214919855,2,4,9,72,136.18782293622297
t3_0_c02336,par_factible,BR0066|BR0164,3.0,390.239856,291.079174,157.443812,396.2398561422946,297.07917394722733,163.44381179432597,2,4,11,88,141.34944548206357
t3_0_c02337,par_factible,BR0145|BR0209XL,3.0,386.954298,287.880048,181.402739,392.9542978557538,293.88004776128,187.40273882124174,2,4,9,72,140.0273895243698
t3_0_c02338,par_factible,BR0011|BR0345,3.0,392.991167,305.338609,300.664518,398.9911667966848,311.3386093224141,306.6645180732839,2,3,5,30,144.8174874860548
t3_0_c02339,par_factible,BR0209XL|BR0336,3.0,383.991381,285.282771,187.817871,389.9913813195273,291.2827712122597,193.81787058001242,2,4,9,72,138.893812952454
t3_0_c02340,par_factible,BR0148|BR0396,3.0,393.587749,305.9488,193.945708,399.5877493522227,311.9487999540314,199.94570797598016,2,3,9,54,145.0635166781354
t3_0_c02341,par_factible,BR0066|BR0402,3.0,392.915346,291.123806,167.929067,398.915345984747,297.1238055741908,173.92906700744092,2,4,10,80,141.9040064340342
t3_0_c02342,par_factible,BR0255|BR0343,3.0,400.884412,269.874556,340.799946,406.8844124818238,275.87455633218957,346.7999463119022,1,4,5,20,139.19652779082838
t3_0_c02343,par_factible,BR0251|BR0345,3.0,402.819855,270.283849,331.371938,408.8198547263774,276.2838492356177,337.37193797215195,1,4,5,20,139.67455738266972
t3_0_c02344,par_factible,BR0136XL|BR0399,3.0,390.310026,292.618884,288.043146,396.31002573933756,298.6188839128222,294.04314583549825,2,4,6,48,141.67765742143928
t3_0_c02345,par_factible,BR0123|BR0238,3.0,386.768176,286.897403,276.580007,392.7681758186032,292.89740349674696,282.58000734256075,2,4,6,48,139.7891089327931
t3_0_c02346,par_factible,BR0003|BR0178,3.0,404.212776,264.978919,171.098697,410.2127757594619,270.9789191964285,177.09869657813033,1,4,10,40,138.87700202974318
t3_0_c02347,par_factible,BR0294|BR0392,3.0,388.758182,290.242229,179.264695,394.7581820806886,296.24222920741323,185.2646948639983,2,4,9,72,140.87674032377203
t3_0_c02348,par_factible,BR0345|BR0399,3.0,391.648409,292.257253,315.199141,397.6484092967216,298.25725342110684,321.19914149617915,2,4,5,40,141.87679158365512
t3_0_c02349,par_factible,BR0167|BR0200,3.0,409.125627,293.242818,157.349505,415.12562650123186,299.2428178450154,163.34950489591176,1,4,11,44,145.64086531014215
t3_0_c02350,par_factible,BR0101|BR0146,3.0,393.057027,293.381804,173.630426,399.0570272716358,299.3818040683996,179.63042630592236,2,4,10,80,142.39323778593993
t3_0_c02351,par_factible,BR0284|BR0311,3.0,391.200489,291.003191,209.518239,397.20048876663964,297.0031908620019,215.51823857982302,2,4,8,64,141.5298021668994
t3_0_c02352,par_factible,BR0195|BR0310XL,3.0,407.924231,307.166654,271.536506,413.9242311715904,313.1666539886897,277.53650579448544,1,3,6,18,148.2346350989358
t3_0_c02353,par_factible,BR0139|BR0376,3.0,389.686508,307.571174,263.385323,395.686508234947,313.57117377126343,269.38532328340364,2,3,6,36,144.59891580147
t3_0_c02354,par_factible,BR0100|BR0318,3.0,391.362279,290.339628,188.481959,397.3622788505636,296.3396282892742,194.48195902032242,2,4,9,72,141.42750400404438
t3_0_c02355,par_factible,BR0081|BR0339,3.0,402.713809,260.806671,262.391769,408.71380888977404,266.80667061622677,268.391769258106,1,4,6,24,137.72079092884826
t3_0_c02356,par_factible,BR0089|BR0321,3.0,392.180126,233.601326,252.976043,398.18012639175197,239.60132578748565,258.97604334027585,2,5,6,60,130.0267996287946
t3_0_c02357,par_factible,BR0011|BR0400,3.0,391.121771,290.317191,288.341458,397.12177062562415,296.31719056747363,294.34145849366,2,4,6,48,141.373896267706
t3_0_c02358,par_factible,BR0066|BR0231,3.0,392.021592,292.581713,171.254078,398.0215922726906,298.58171287512397,177.25407801956322,2,4,10,80,142.0190224562313
t3_0_c02359,par_factible,BR0104|BR0398,3.0,389.52159,288.609261,205.238025,395.5215898138813,294.60926084655455,211.2380252210237,2,4,8,64,140.69945986960974
t3_0_c02360,par_factible,BR0092XL|BR0283,3.0,392.001303,291.694161,226.345911,398.0013034252838,297.69416075306094,232.34591071764746,2,4,7,56,141.83393765103867
t3_0_c02361,par_factible,BR0246|BR0301,3.0,393.756174,232.271591,255.873062,399.7561736322602,238.27159145749764,261.873062332877,2,5,6,60,130.0770163281871
t3_0_c02362,par_factible,BR0120|BR0237,3.0,388.611997,292.214934,225.34145,394.61199681755545,298.2149344186633,231.34144982981056,2,4,7,56,141.2491195180874
t3_0_c02363,par_factible,BR0165|BR0350,3.0,390.328143,290.453057,198.337592,396.32814328603166,296.45305701441,204.3375922877419,2,4,8,64,141.23979618765375
t3_0_c02364,par_factible,BR0108|BR0121,3.0,404.86274,300.864968,319.244941,410.8627404568431,306.8649681837264,325.2449412054897,1,3,5,15,146.32573060969816
t3_0_c02365,par_factible,BR0136|BR0363,3.0,384.79011,285.236539,280.42344,390.7901103238787,291.2365393083198,286.42343995294954,2,4,6,48,139.04722724407716
t3_0_c02366,par_factible,BR0351|BR0366,3.0,391.4445,292.048527,217.386707,397.4444996290546,298.0485269673924,223.38670724157603,2,4,8,64,141.79266597277206
t3_0_c02367,par_factible,BR0169|BR0312,3.0,391.513644,291.906776,208.702618,397.5136438090444,297.9067757012491,214.70261796575423,2,4,8,64,141.77786330485085
t3_0_c02368,par_factible,BR0109|BR0196,3.0,411.305148,305.363044,284.858781,417.3051479457266,311.3630444063197,290.85878078872025,1,3,6,18,148.55620639185452
t3_0_c02369,par_factible,BR0146|BR0221,3.0,408.944435,270.72727,180.849897,414.94443540276853,276.7272699478195,186.84989658590888,1,4,9,36,141.01359945985485
t3_0_c02370,par_factible,BR0237|BR0281,3.0,386.303629,286.87861,230.904682,392.3036294452656,292.878609833373,236.90468221141825,2,4,7,56,139.6905686602729
t3_0_c02371,par_factible,BR0029|BR0219,3.0,393.824492,292.711764,163.759517,399.8244922320939,298.7117640668885,169.75951725685394,2,4,10,80,142.4131001628914
t3_0_c02372,par_factible,BR0164|BR0224,3.0,392.546488,270.841026,156.604752,398.5464876255264,276.84102551658395,162.60475211301542,2,4,11,88,137.69368259777988
t3_0_c02373,par_factible,BR0209XL|BR0338,3.0,389.547514,289.715735,179.053395,395.5475139225582,295.7157353806342,185.05339487647146,2,4,9,72,140.93032605569672
t3_0_c02374,par_factible,BR0123|BR0345,3.0,407.269697,301.877885,293.449447,413.2696971555567,307.87788529644166,299.4494465520881,1,3,6,18,147.0229525896021
t3_0_c02375,par_factible,BR0255|BR0345,3.0,392.98226,280.666446,334.28523,398.98225979656553,286.66644591642233,340.28522994792024,2,4,5,40,139.78566885076205
t3_0_c02376,par_factible,BR0082|BR0348,3.0,389.081599,289.542947,290.598358,395.0815994909825,295.54294650497906,296.5983578620311,2,4,6,48,140.8001113141614
t3_0_c02377,par_factible,BR0217|BR0298,3.0,409.856335,303.718461,153.099428,415.8563351240004,309.71846091168106,159.09942807112967,1,3,11,33,147.92554455365573
t3_0_c02378,par_factible,BR0137|BR0343,3.0,384.20322,261.120861,320.652916,390.2032199149982,267.12086080551035,326.652916348472,2,4,5,40,134.01102563109248
t3_0_c02379,par_factible,BR0224|BR0230,3.0,414.963748,271.033381,143.461363,420.96374843017634,277.03338131572207,149.46136271415193,1,4,12,48,142.3031864925379
t3_0_c02380,par_factible,BR0282|BR0292,3.0,388.856415,308.414888,268.100052,394.856414749337,314.41488847425194,274.100051715504,2,3,6,36,144.60169280807114
t3_0_c02381,par_factible,BR0281|BR0320,3.0,392.309439,291.306668,216.056686,398.30943866957983,297.3066684510573,222.05668586832417,2,4,8,64,141.81775884212786
t3_0_c02382,par_factible,BR0066|BR0101,3.0,387.848323,287.706726,168.057857,393.84832303764637,293.7067256889363,174.05785694138103,2,4,10,80,140.17432186066924
t3_0_c02383,par_factible,BR0033|BR0165,3.0,386.888656,287.664738,187.328725,392.8886561166654,293.66473750249025,193.32872476254636,2,4,9,72,139.9701108295934
t3_0_c02384,par_factible,BR0135|BR0410,3.0,384.865774,285.630935,278.794502,390.86577379888587,291.6309351664645,284.79450227648425,2,4,6,48,139.14305993177376
t3_0_c02385,par_factible,BR0153|BR0237,3.0,387.249575,287.103373,230.362656,393.2495754527092,293.1033733822749,236.36265593254376,2,4,7,56,139.92924543017006
t3_0_c02386,par_factible,BR0231|BR0419,3.0,391.219382,292.006622,177.060566,397.21938198117505,298.00662186153653,183.0605655386705,2,4,9,72,141.73822708312164
t3_0_c02387,par_factible,BR0126|BR0272,3.0,387.01688,287.225061,246.785951,393.01687991505986,293.2250614179621,252.7859505954418,2,4,7,56,139.90661393129906
t3_0_c02388,par_factible,BR0221|BR0324,3.0,392.815835,262.82105,173.885403,398.81583508033043,268.82104960599867,179.88540330720213,2,4,10,80,136.1135340848785
t3_0_c02389,par_factible,BR0033|BR0100,3.0,387.60699,287.662376,184.402742,393.6069895414478,293.6623756162777,190.4027416722469,2,4,9,72,140.11607852349144
t3_0_c02390,par_factible,BR0286|BR0318,3.0,388.956483,288.537037,190.832564,394.9564831616559,294.53703711783083,196.8325638515592,2,4,9,72,140.56952503149577
t3_0_c02391,par_factible,BR0237|BR0283,3.0,388.749076,288.556015,228.118335,394.7490761797839,294.5560153087056,234.11833525566828,2,4,7,56,140.53110937583884
t3_0_c02392,par_factible,BR0029|BR0221,3.0,390.022065,269.906864,179.327272,396.0220647782764,275.9068637913385,185.32727212098757,2,4,9,72,136.98856851572168
t3_0_c02393,par_factible,BR0145|BR0213,3.0,392.35352,304.673078,189.748742,398.35351950173924,310.6730776609848,195.74874157313778,2,3,9,54,144.55180370289992
t3_0_c02394,par_factible,BR0150|BR0291,3.0,393.306518,292.356148,192.179579,399.3065177481977,298.35614755068235,198.17957869060612,2,4,9,72,142.23499802219774
t3_0_c02395,par_factible,BR0165|BR0169,3.0,393.217286,292.602941,200.177288,399.2172861811157,298.6029414141462,206.17728753767014,2,4,8,64,142.26712081452843
t3_0_c02396,par_factible,BR0136XL|BR0403,3.0,392.053189,262.434005,303.400864,398.053189306924,268.43400520760804,309.400863861589,2,4,5,40,135.87914261254477
t3_0_c02397,par_factible,BR0179|BR0224,3.0,389.478013,269.719529,154.72612,395.4780128689539,275.71952909087884,160.7261198282206,2,4,11,88,136.83945809578648
t3_0_c02398,par_factible,BR0137|BR0345,3.0,409.380629,270.381136,325.944017,415.3806288929114,276.3811361713325,331.9440172923018,1,4,5,20,141.03196025774596
t3_0_c02399,par_factible,BR0307|BR0348,3.0,393.276884,299.357539,277.615637,399.2768835315999,305.357538917609,283.6156371600189,2,3,6,36,143.65635523939017
t3_0_c02400,par_factible,BR0209|BR0319,3.0,391.282549,297.507132,167.692923,397.2825493196364,303.50713210707795,173.69292288228564,2,3,10,60,142.8725140523373
t3_0_c02401,par_factible,BR0121|BR0142,3.0,392.876722,293.127454,337.668589,398.87672234146066,299.12745393990855,343.6685893754699,2,4,5,40,142.30462309508036
t3_0_c02402,par_factible,BR0109|BR0252,3.0,407.159271,271.058786,324.177162,413.15927115343953,277.05878612959606,330.1771618950791,1,4,5,20,140.71723899756077
t3_0_c02403,par_factible,BR0145|BR0148,3.0,393.092418,291.779939,184.13482,399.09241813891583,297.7799392371334,190.13481960373088,2,4,9,72,142.0738751021507
t3_0_c02404,par_factible,BR0135|BR0399,3.0,390.767122,291.488746,288.821683,396.7671215129399,297.48874615451945,294.82168276469366,2,4,6,48,141.540441930165
t3_0_c02405,par_factible,BR0006|BR0292,3.0,392.372618,291.714977,280.907984,398.37261788450974,297.7149765541654,286.90798351101176,2,4,6,48,141.9138826582416
t3_0_c02406,par_factible,BR0343|BR0399,3.0,389.110124,269.592853,313.609129,395.11012415814565,275.5928530876137,319.6091289878856,2,4,5,40,136.738629407902
t3_0_c02407,par_factible,BR0006|BR0410,3.0,382.57098,289.552012,285.02356,388.57098038738803,295.55201218278825,291.02355968720303,2,4,6,48,139.47461622225816
t3_0_c02408,par_factible,BR0006|BR0305,3.0,386.598518,288.186819,283.39036,392.59851771765557,294.1868186185627,289.3903604929843,2,4,6,48,140.01739782593643
t3_0_c02409,par_factible,BR0104|BR0284,3.0,384.508494,285.204291,205.205977,390.5084937741899,291.20429093431744,211.2059771852704,2,4,8,64,138.98323847268242
t3_0_c02410,par_factible,BR0030|BR0231,3.0,391.369771,291.119853,172.400685,397.36977084903003,297.11985255282053,178.40068529026811,2,4,10,80,141.58809855287473
t3_0_c02411,par_factible,BR0137|BR0400,3.0,391.191045,270.434843,309.485484,397.19104459039124,276.4348434413758,315.48548360081816,2,4,5,40,137.334533747557
t3_0_c02412,par_factible,BR0241|BR0310XL,3.0,393.869689,293.282406,259.683019,399.86968939505715,299.28240630918873,265.683019033442,2,4,6,48,142.5386535584599
t3_0_c02413,par_factible,BR0310XL|BR0363,3.0,391.323739,291.719369,264.006443,397.32373922445163,297.7193687302231,270.0064425261233,2,4,6,48,141.70093944030066
t3_0_c02414,par_factible,BR0237|BR0272,3.0,391.906525,290.899689,234.259042,397.9065249027955,296.89968858764206,240.2590424846756,2,4,7,56,141.65264291344292
t3_0_c02415,par_factible,BR0101|BR0336,3.0,391.932281,286.04267,183.523666,397.93228137985227,292.0426699263196,189.52366562511932,2,4,9,72,140.66767610727254
t3_0_c02416,par_factible,BR0168|BR0213,3.0,393.206372,292.726515,197.064288,399.2063718127188,298.72651454967905,203.06428778578834,2,4,8,64,142.29008896277224
t3_0_c02417,par_factible,BR0299|BR0366,3.0,392.390295,291.131403,217.545893,398.39029503859194,297.1314033929877,223.54589263512622,2,4,8,64,141.7985114029724
t3_0_c02418,par_factible,BR0198|BR0213,3.0,391.453958,292.174786,198.320274,397.45395833505734,298.1747856890822,204.32027387227234,2,4,8,64,141.82033517311714
t3_0_c02419,par_factible,BR0109|BR0212,3.0,412.434272,293.84014,325.486552,418.43427171554345,299.84014007126575,331.4865522639761,1,4,5,20,146.4371889473617
t3_0_c02420,par_factible,BR0171|BR0231,3.0,392.619653,291.981216,171.344884,398.6196531149619,297.9812158844198,177.34488353208232,2,4,10,80,142.0185257898841
t3_0_c02421,par_factible,BR0026|BR0168,3.0,393.691568,293.760415,211.601597,399.6915683889751,299.760414708554,217.60159738483623,2,4,8,64,142.59979268043406
t3_0_c02422,par_factible,BR0165|BR0291,3.0,392.327415,292.483132,192.575543,398.327414788796,298.48313153913006,198.57554267909182,2,4,9,72,142.06127346135085
t3_0_c02423,par_factible,BR0246|BR0357,3.0,384.700685,249.277287,236.601939,390.7006848870695,255.27728692056147,242.60193921299728,2,4,7,56,131.6978535795374
t3_0_c02424,par_factible,BR0030|BR0179,3.0,392.345598,298.543853,157.356336,398.34559819221255,304.54385303931076,163.35633568978636,2,3,11,66,143.30060167819025
t3_0_c02425,par_factible,BR0241|BR0363,3.0,393.126534,291.661532,262.847878,399.12653367830234,297.66153197017326,268.84787792793463,2,4,6,48,142.05669024433752
t3_0_c02426,par_factible,BR0011|BR0142,3.0,393.391824,303.643677,293.894112,399.3918241746029,309.6436773751066,299.8941121632172,2,3,6,36,144.5536190723159
t3_0_c02427,par_factible,BR0032|BR0319,3.0,391.493419,290.437888,154.373492,397.49341874303985,296.4378875111572,160.37349162759787,2,4,11,88,141.4742724269515
t3_0_c02428,par_factible,BR0136XL|BR0196,3.0,390.752307,285.982374,279.345124,396.75230681404764,291.9823742235815,285.3451238172093,2,4,6,48,140.41481774467462
t3_0_c02429,par_factible,BR0109|BR0135,3.0,408.108695,303.131287,289.203552,414.1086945375765,309.13128693108445,295.20355195334815,1,3,6,18,147.4495375063529
t3_0_c02430,par_factible,BR0081|BR0332,3.0,388.102533,265.163045,267.797149,394.1025329539498,271.163045046564,273.7971493962492,2,4,6,48,135.63008725800483
t3_0_c02431,par_factible,BR0209XL|BR0265,3.0,392.89357,263.682801,195.05557,398.89356961327405,269.682801462397,201.05556952986106,2,4,8,64,136.30507055569234
t3_0_c02432,par_factible,BR0033|BR0156,3.0,393.251919,291.898331,179.118141,399.25191858554945,297.8983313212326,185.1181413037996,2,4,9,72,142.13053005235108
t3_0_c02433,par_factible,BR0145|BR0150,3.0,392.812747,291.183084,185.311705,398.8127472285824,297.183084059858,191.31170515450813,2,4,9,72,141.8951745746056
t3_0_c02434,par_factible,BR0109|BR0267,3.0,407.405754,271.081015,323.954467,413.4057539388404,277.08101467746695,329.954466547842,1,4,5,20,140.77202214399742
t3_0_c02435,par_factible,BR0171|BR0179,3.0,390.878654,291.639643,156.985906,396.8786535085211,297.63964291958615,162.9859063411887,2,4,11,88,141.59394422591382
t3_0_c02436,par_factible,BR0136|BR0343,3.0,390.291377,269.585482,305.740031,396.2913770067555,275.5854824978388,311.74003136895465,2,4,5,40,136.97795300807223
t3_0_c02437,par_factible,BR0136|BR0238,3.0,385.041623,285.548435,279.934167,391.0416232885938,291.54843520320685,285.93416667050536,2,4,6,48,139.16209143563722
t3_0_c02438,par_factible,BR0113|BR0345,3.0,407.119341,302.339727,293.109395,413.1193411464562,308.3397274808267,299.1093950661552,1,3,6,18,147.08645639699958
t3_0_c02439,par_factible,BR0153|BR0241,3.0,388.014231,287.831035,240.83586,394.0142306782817,293.83103535066823,246.83585977379968,2,4,7,56,140.23348950641181
t3_0_c02440,par_factible,BR0139|BR0306,3.0,393.108666,293.361018,273.739551,399.1086657723754,299.3610175130596,279.73955060614486,2,4,6,48,142.39952768306523
t3_0_c02441,par_factible,BR0212|BR0255,3.0,392.717311,284.364646,353.218362,398.7173114232068,290.3646459475544,359.2183616105726,2,4,5,40,140.48561822033867
t3_0_c02442,par_factible,BR0221|BR0315,3.0,389.178051,269.508556,177.841705,395.17805104324566,275.5085563120608,183.84170542330753,2,4,9,72,136.73529201943046
t3_0_c02443,par_factible,BR0136XL|BR0143,3.0,388.506325,289.560564,277.488126,394.50632539728963,295.56056407328185,283.4881264602592,2,4,6,48,140.68641987167612
t3_0_c02444,par_factible,BR0288|BR0381,3.0,392.230923,259.207492,226.710266,398.2309233350871,265.2074918157089,232.71026617905932,2,4,7,56,135.2575769930267
t3_0_c02445,par_factible,BR0006|BR0109,3.0,391.668877,301.963231,302.508169,397.6688771742813,307.96323096746534,308.5081687489189,2,3,5,30,143.85975701156912
t3_0_c02446,par_factible,BR0164|BR0217,3.0,393.489984,305.853317,158.354181,399.4899838122343,311.8533173613602,164.35418075100634,2,3,10,60,145.02411848595196
t3_0_c02447,par_factible,BR0145|BR0217,3.0,393.383875,293.55831,173.207347,399.3838751607614,299.5583104769989,179.2073473679872,2,4,10,80,142.49585843787162
t3_0_c02448,par_factible,BR0143|BR0410,3.0,389.319071,284.355247,276.841896,395.3190705528935,290.35524664396354,282.8418956318143,2,4,6,48,139.79089035613802
t3_0_c02449,par_factible,BR0057|BR0300,3.0,392.067488,255.35727,216.164076,398.06748800610706,261.35726958456814,222.1640757895551,2,4,8,64,134.4392981836239
t3_0_c02450,par_factible,BR0113|BR0400,3.0,388.084817,289.40517,291.513651,394.08481684294435,295.4051702068415,297.5136506353926,2,4,6,48,140.56880469924278
t3_0_c02451,par_factible,BR0162|BR0237,3.0,390.741182,284.019096,230.580709,396.7411816335074,290.01909573514064,236.58070877021385,2,4,7,56,140.0122889640465
t3_0_c02452,par_factible,BR0217|BR0315,3.0,392.136252,291.326778,166.824185,398.1362520401953,297.326778291523,172.82418481469497,2,4,10,80,141.7865505263442
t3_0_c02453,par_factible,BR0030|BR0419,3.0,386.896536,293.800614,177.945648,392.8965362355231,299.80061351308154,183.94564753363846,2,4,9,72,141.22266049920586
t3_0_c02454,par_factible,BR0305|BR0363,3.0,384.94667,285.353096,274.367603,390.9466698956436,291.3530962437173,280.3676026992861,2,4,6,48,139.1029084891663
t3_0_c02455,par_factible,BR0284|BR0318,3.0,388.07257,287.874747,201.435255,394.07256984205753,293.87474715132385,207.4352554303424,2,4,8,64,140.25429500374747
t3_0_c02456,par_factible,BR0109|BR0136XL,3.0,390.895177,300.224448,304.862401,396.8951765563292,306.2244484444208,310.86240125317295,2,3,5,30,143.34752803277266
t3_0_c02457,par_factible,BR0101|BR0392,3.0,393.575226,292.411478,170.634123,399.575225915979,298.4114784376387,176.6341234209648,2,4,10,80,142.30106103029922
t3_0_c02458,par_factible,BR0109|BR0256,3.0,392.75551,284.50171,325.424213,398.7555100175652,290.50171013678994,331.4242127017986,2,4,5,40,140.52134967469013
t3_0_c02459,par_factible,BR0125|BR0213,3.0,390.828636,290.746926,199.613094,396.8286359752567,296.74692643775927,205.6130944821347,2,4,8,64,141.4017456499523
t3_0_c02460,par_factible,BR0135|BR0403,3.0,399.813174,263.223023,289.871748,405.813173600876,269.22302256558686,295.8717476173049,1,4,6,24,137.6220583417865
t3_0_c02461,par_factible,BR0144|BR0169,3.0,381.793107,283.5933,212.787991,387.7931067596586,289.59330026441427,218.78799145749815,2,4,8,64,138.1012042862534
t3_0_c02462,par_factible,BR0320|BR0396,3.0,390.553038,289.713632,210.066928,396.55303752207294,295.7136315811701,216.0669283643208,2,4,8,64,141.13489686100775
t3_0_c02463,par_factible,BR0136|BR0345,3.0,393.48857,298.497189,307.166836,399.48856992971866,304.4971887281605,313.1668363343991,2,3,5,30,143.5241098181201
t3_0_c02464,par_factible,BR0092XL|BR0396,3.0,391.321299,303.605705,217.843439,397.32129863270796,309.6057053155793,223.84343905884202,2,3,8,48,144.1237520791615
t3_0_c02465,par_factible,BR0314XL|BR0336,3.0,386.759948,287.293517,185.16829,392.75994776018393,293.2935169056298,191.16828958376973,2,4,9,72,139.86818851494672
t3_0_c02466,par_factible,BR0142|BR0256,3.0,390.130647,278.620292,334.529345,396.13064725807345,284.62029168616556,340.5293447164436,2,4,5,40,138.78714351564506
t3_0_c02467,par_factible,BR0134|BR0406,3.0,390.838113,301.076109,284.26459,396.8381134094276,307.076108828198,290.2645895276189,2,3,6,36,143.50952543070858
t3_0_c02468,par_factible,BR0034|BR0314XL,3.0,399.003054,261.389248,188.489147,405.003054338361,267.3892484066856,194.48914666729164,1,4,9,36,137.08303827625824
t3_0_c02469,par_factible,BR0164|BR0219,3.0,390.518945,302.767837,156.240654,396.5189450764219,308.7678373907383,162.24065372113415,2,3,11,66,143.789354223682
t3_0_c02470,par_factible,BR0036|BR0230,3.0,404.551547,301.428101,146.800407,410.55154727380295,307.42810070622124,152.80040653867005,1,3,11,33,146.3770943894035
t3_0_c02471,par_factible,BR0198|BR0336,3.0,381.863888,283.467907,190.073445,387.86388774506423,289.46790699379835,196.0734452589694,2,4,9,72,138.0900702831524
t3_0_c02472,par_factible,BR0143|BR0399,3.0,391.534954,297.746546,282.196959,397.5349543968643,303.7465463807098,288.19695890322697,2,3,6,36,142.97278303314457
t3_0_c02473,par_factible,BR0196|BR0410,3.0,388.802342,284.232304,277.32973,394.80234230388066,290.2323044079828,283.3297303092107,2,4,6,48,139.66047843259193
t3_0_c02474,par_factible,BR0136|BR0400,3.0,391.801107,290.553179,287.607722,397.80110713772524,296.55317926009445,293.60772244428165,2,4,6,48,141.56050691087046
t3_0_c02475,par_factible,BR0179|BR0217,3.0,404.17809,301.161412,156.568474,410.1780901053107,307.1614119668347,162.56847413694257,1,3,11,33,146.24658553968305
t3_0_c02476,par_factible,BR0306|BR0399,3.0,393.979402,304.234609,274.465315,399.9794023062896,310.2346087019604,280.4653145598027,2,3,6,36,144.79388603634047
t3_0_c02477,par_factible,BR0028|BR0125,3.0,391.62686,290.537871,210.541567,397.6268600808775,296.53787113761433,216.54156704156878,2,4,8,64,141.52186161437143
t3_0_c02478,par_factible,BR0103|BR0120,3.0,390.657282,290.891732,210.175605,396.65728212562124,296.89173179699424,216.17560524107176,2,4,8,64,141.39633311368306
t3_0_c02479,par_factible,BR0224|BR0225,3.0,392.631368,262.66391,143.81661,398.63136806182433,268.66391031287895,149.8166100288431,2,4,12,96,136.04388957690176
t3_0_c02480,par_factible,BR0219|BR0231,3.0,387.52543,306.738414,165.245527,393.5254302453379,312.7384143712433,171.24552722227918,2,3,10,60,143.9885513999146
t3_0_c02481,par_factible,BR0023|BR0263,3.0,390.888072,253.107681,186.249211,396.88807208048814,259.10768113827953,192.24921095027875,2,4,9,72,133.74021472350003
t3_0_c02482,par_factible,BR0167|BR0315,3.0,392.714384,301.962925,157.298318,398.7143840587805,307.9629251625251,163.2983179267683,2,3,11,66,144.072845916678
t3_0_c02483,par_factible,BR0139|BR0373,3.0,387.184736,306.309285,281.952825,393.18473616140676,312.3092848005814,287.9528251787361,2,3,6,36,143.83160468134312
t3_0_c02484,par_factible,BR0101|BR0156,3.0,389.100889,290.194441,172.19564,395.1008889720671,296.1944405209216,178.1956398553255,2,4,10,80,140.93686635942683
t3_0_c02485,par_factible,BR0121|BR0255,3.0,390.46028,283.059478,351.842983,396.46028006647975,289.059478116017,357.84298312953496,2,4,5,40,139.75937985372002
t3_0_c02486,par_factible,BR0284|BR0320,3.0,386.994095,287.136289,213.901689,392.99409513132355,293.13628923072395,219.90168863117617,2,4,8,64,139.88387041020334
t3_0_c02487,par_factible,BR0100|BR0315,3.0,390.621603,289.731394,171.379735,396.621603163099,295.73139350412816,177.37973481776282,2,4,10,80,141.15249677211563
t3_0_c02488,par_factible,BR0032|BR0217,3.0,390.72542,291.652509,167.239564,396.72542041529016,297.6525091549277,173.23956406560302,2,4,10,80,141.56532712950417
t3_0_c02489,par_factible,BR0104|BR0144,3.0,386.806376,286.926025,207.590559,392.80637564111237,292.92602548785095,213.59055906185273,2,4,8,64,139.80273213638395
t3_0_c02490,par_factible,BR0272|BR0323,3.0,387.945092,289.659339,244.511265,393.94509181254585,295.65933852227766,250.51126512205138,2,4,7,56,140.59213666357257
t3_0_c02491,par_factible,BR0291|BR0336,3.0,391.602422,291.280186,193.728849,397.60242235758864,297.2801856369644,199.72884916422464,2,4,9,72,141.66821773589257
t3_0_c02492,par_factible,BR0006|BR0403,3.0,393.60765,263.775651,304.103302,399.60765015151844,269.7756514956417,310.103301982798,2,4,5,40,136.4695823949358
t3_0_c02493,par_factible,BR0164|BR0392,3.0,409.798604,304.25821,157.498084,415.79860388744925,310.2582096001157,163.49808437690703,1,3,11,33,148.0238151860479
t3_0_c02494,par_factible,BR0145|BR0392,3.0,392.882019,293.171472,173.657436,398.8820187837973,299.1714723276347,179.65743561682962,2,4,10,80,142.31467708693825
t3_0_c02495,par_factible,BR0036|BR0298,3.0,390.239306,300.47402,152.667616,396.2393058433758,306.4740204231258,158.66761585282705,2,3,11,66,143.26469444780867
t3_0_c02496,par_factible,BR0028|BR0299,3.0,386.780002,286.577929,218.117595,392.78000207265126,292.5779289968349,224.11759548073707,2,4,8,64,139.72638757787686
t3_0_c02497,par_factible,BR0142|BR0363,3.0,404.208051,299.490939,289.995868,410.20805115090366,305.49093945377837,295.9958680299339,1,3,6,18,145.91212856364567
t3_0_c02498,par_factible,BR0126|BR0135,3.0,392.592943,291.35733,266.69718,398.59294255413533,297.3573298198369,272.69718015614194,2,4,6,48,141.88588631477515
t3_0_c02499,par_factible,BR0100|BR0119,3.0,393.669002,292.704381,186.700804,399.6690022727783,298.70438070659895,192.7008038748224,2,4,9,72,142.37989459314522
t3_0_c02500,par_factible,BR0011|BR0082,3.0,393.808532,293.146941,283.580491,399.80853165419364,299.1469413652464,289.5804910197007,2,4,6,48,142.49856738418754
t3_0_c02501,par_factible,BR0101|BR0198,3.0,387.776958,287.833659,181.612478,393.77695795489535,293.83365855732836,187.6124776033653,2,4,9,72,140.18565066508128
t3_0_c02502,par_factible,BR0034|BR0198,3.0,401.636478,261.521532,192.987268,407.63647806477894,267.5215318950908,198.98726831603213,1,4,9,36,137.64689295817936
t3_0_c02503,par_factible,BR0006|BR0113,3.0,381.47894,291.6629,283.770741,387.47893966512584,297.6629002599953,289.7707408739461,2,4,6,48,139.6823322986995
t3_0_c02504,par_factible,BR0136XL|BR0267,3.0,392.467754,270.799935,293.748389,398.4677542481709,276.7999352262327,299.7483890377641,2,4,6,48,137.66925371547472
t3_0_c02505,par_factible,BR0036|BR0219,3.0,387.709261,289.490275,164.590869,393.7092609654764,295.49027536974677,170.59086945592009,2,4,10,80,140.50958946691605
t3_0_c02506,par_factible,BR0082|BR0108,3.0,389.852714,309.669802,291.511629,395.8527142913059,315.6698019431404,297.5116285390924,2,3,6,36,145.06065570528978
t3_0_c02507,par_factible,BR0150|BR0286,3.0,387.898939,287.744651,189.90164,393.8989391456967,293.7446508335881,195.9016401960947,2,4,9,72,140.19237308446174
t3_0_c02508,par_factible,BR0196|BR0399,3.0,393.405318,293.53806,284.881965,399.4053180613336,299.53805954347513,290.88196514529875,2,4,6,48,142.49610144848293
t3_0_c02509,par_factible,BR0082|BR0345,3.0,392.594107,309.022862,297.380375,398.59410727654785,315.02286159144836,303.38037512490627,2,3,5,30,145.48765930030504
t3_0_c02510,par_factible,BR0292|BR0345,3.0,407.108516,304.163303,291.359839,413.10851566789984,310.16330310635135,297.35983924122445,1,3,6,18,147.45602829240593
t3_0_c02511,par_factible,BR0120|BR0169,3.0,384.544843,288.334166,215.410322,390.5448430731034,294.3341661248047,221.4103217623282,2,4,8,64,139.62874805258065
t3_0_c02512,par_factible,BR0179|BR0219,3.0,391.418494,301.71704,156.424478,397.41849363504036,307.7170400892257,162.424477814714,2,3,11,66,143.75851859821935
t3_0_c02513,par_factible,BR0165|BR0284,3.0,389.568796,289.272768,199.691825,395.56879611846506,295.27276755535775,205.691824876216,2,4,8,64,140.84435548905662
t3_0_c02514,par_factible,BR0108|BR0292,3.0,390.370998,310.322619,290.512166,396.3709982444431,316.3226191794258,296.5121663473595,2,3,6,36,145.2994123188316
t3_0_c02515,par_factible,BR0028|BR0364,3.0,389.092251,290.481717,226.54868,395.09225059398415,296.4817172842314,232.54868043970484,2,4,7,56,140.9936733696668
t3_0_c02516,par_factible,BR0011|BR0136,3.0,385.174828,285.67643,287.394426,391.1748280779152,291.67643005923486,293.39442642591825,2,4,6,48,139.21534314722734
t3_0_c02517,par_factible,BR0023|BR0265,3.0,393.259671,233.837818,190.052732,399.2596709720018,239.83781831045505,196.05273152002917,2,5,9,90,130.29510484861507
t3_0_c02518,par_factible,BR0135|BR0143,3.0,388.515175,288.335407,272.320852,394.5151748082638,294.33540702285,278.3208524430202,2,4,6,48,140.43844685649617
t3_0_c02519,par_factible,BR0034|BR0265,3.0,390.712953,233.279917,191.749004,396.7129533118714,239.2799166769758,197.74900394630038,2,5,9,90,129.662154941661
t3_0_c02520,par_factible,BR0066|BR0217,3.0,388.793187,290.267324,168.872766,394.7931870304809,296.26732366490097,174.87276584395943,2,4,10,80,140.88899300619406
t3_0_c02521,par_factible,BR0036|BR0167,3.0,391.247925,292.027084,156.6786,397.24792509747067,298.02708393969107,162.67860017332518,2,4,11,88,141.74821794845295
t3_0_c02522,par_factible,BR0299|BR0320,3.0,388.076362,287.622832,216.599228,394.0763619831958,293.6228315804309,222.59922820453397,2,4,8,64,140.20370918728372
t3_0_c02523,par_factible,BR0029|BR0164,3.0,393.84056,304.09497,157.623066,399.8405597490887,310.09497033419296,163.623066072805,2,3,11,66,144.73711112809005
t3_0_c02524,par_factible,BR0082|BR0400,3.0,393.621818,293.016578,283.870641,399.621817852056,299.0165781562637,289.87064113837647,2,4,6,48,142.43392375297037
t3_0_c02525,par_factible,BR0292|BR0400,3.0,389.45754,290.743587,289.148919,395.4575397278276,296.743586896796,295.14891944985743,2,4,6,48,141.12153448004557
t3_0_c02526,par_factible,BR0245|BR0326,3.0,391.507736,253.714947,246.7083,397.5077359632886,259.71494653810623,252.70829976914055,2,4,7,56,133.99035321129355
t3_0_c02527,par_factible,BR0092XL|BR0162,3.0,383.960187,293.577313,229.603875,389.9601874313199,299.5773127602141,235.60387495275288,2,4,7,56,140.5784913744208
t3_0_c02528,par_factible,BR0123|BR0410,3.0,383.310042,284.306327,281.61865,389.3100418613116,290.306326552922,287.6186503414624,2,4,6,48,138.55583453908943
t3_0_c02529,par_factible,BR0245|BR0339,3.0,386.872053,250.692847,242.880604,392.8720530941814,256.69284747675954,248.88060393369304,2,4,7,56,132.4291336536067
t3_0_c02530,par_factible,BR0126|BR0136XL,3.0,393.659925,293.224171,270.433781,399.6599246761871,299.22417107109334,276.43378117740275,2,4,6,48,142.48401544287063
t3_0_c02531,par_factible,BR0169|BR0299,3.0,388.304729,288.593805,215.743524,394.3047290389681,294.593805484256,221.743523833472,2,4,8,64,140.44822314438818
t3_0_c02532,par_factible,BR0145|BR0198,3.0,386.061665,286.698109,183.141916,392.06166499476853,292.69810890343746,189.14191575628647,2,4,9,72,139.6044391229778
t3_0_c02533,par_factible,BR0310XL|BR0371,3.0,389.569363,309.416473,248.859312,395.5693631321378,315.4164733839329,254.85931179034108,2,3,7,42,144.95124087993287
t3_0_c02534,par_factible,BR0291|BR0392,3.0,392.347764,308.739802,182.42603,398.3477641986798,314.73980189051787,188.42603024448368,2,3,9,54,145.37972805080483
t3_0_c02535,par_factible,BR0032|BR0392,3.0,389.909193,300.227155,167.754667,395.90919253855037,306.227154656097,173.75466695754048,2,3,10,60,143.14706364824616
t3_0_c02536,par_factible,BR0104|BR0213,3.0,387.63409,289.436386,202.169411,393.63408972442414,295.43638637621655,208.16941108754304,2,4,8,64,140.48327749248534
t3_0_c02537,par_factible,BR0165|BR0286,3.0,385.453159,286.266651,188.944665,391.4531587707773,292.2666511045887,194.94466541850917,2,4,9,72,139.39241791546706
t3_0_c02538,par_factible,BR0028|BR0366,3.0,392.745466,291.386841,217.158626,398.7454655211764,297.38684107210827,223.15862570370717,2,4,8,64,141.9229982860927
t3_0_c02539,par_factible,BR0153|BR0182,3.0,392.558504,292.831826,245.823482,398.5585038188539,298.83182645313184,251.82348167506677,2,4,7,56,142.17947610030288
t3_0_c02540,par_factible,BR0399|BR0410,3.0,392.07199,290.871394,288.471407,398.0719898572939,296.8713936427939,294.47140733889535,2,4,6,48,141.6806082568986
t3_0_c02541,par_factible,BR0167|BR0319,3.0,392.160297,287.153104,153.664442,398.16029746712735,293.15310395027456,159.66444214049463,2,4,11,88,140.94055074768642
t3_0_c02542,par_factible,BR0169|BR0364,3.0,392.120234,292.652427,223.131836,398.1202336496434,298.652427212815,229.13183568161702,2,4,7,56,142.05354961518012
t3_0_c02543,par_factible,BR0081|BR0327,3.0,393.206513,254.73406,275.142517,399.20651266489665,260.7340596907528,281.1425165809766,2,4,6,48,134.54445919585106
t3_0_c02544,par_factible,BR0109|BR0142,3.0,392.404485,291.736855,312.525152,398.4044846748268,297.73685476884117,318.5251515994153,2,4,5,40,141.92483984580386
t3_0_c02545,par_factible,BR0100|BR0319,3.0,393.336425,293.487005,168.018939,399.3364245186304,299.4870050862308,174.0189389031298,2,4,10,80,142.47164721811643
t3_0_c02546,par_factible,BR0066|BR0219,3.0,392.952092,292.112816,160.936917,398.9520917205218,298.11281558524115,166.93691717849686,2,4,10,80,142.11313094918714
t3_0_c02547,par_factible,BR0123|BR0399,3.0,388.419065,289.61669,292.44586,394.41906494890713,295.6166904774627,298.4458595547488,2,4,6,48,140.68007246205298
t3_0_c02548,par_factible,BR0196|BR0348,3.0,392.272741,292.658289,284.697455,398.27274050438655,298.6582894774823,290.69745497215274,2,4,6,48,142.08583689742483
t3_0_c02549,par_factible,BR0103|BR0165,3.0,389.874234,289.495864,190.836685,395.8742343177153,295.4958636928187,196.83668531209975,2,4,9,72,140.95210968614353
t3_0_c02550,par_factible,BR0231|BR0392,3.0,390.727363,291.653902,172.367932,396.72736329493307,297.6539019725404,178.36793177913694,2,4,10,80,141.56600719010672
t3_0_c02551,par_factible,BR0108|BR0109,3.0,389.835523,291.014557,315.365448,395.83552278526287,297.0145565688613,321.3654480675094,2,4,5,40,141.25383880818023
t3_0_c02552,par_factible,BR0134|BR0399,3.0,393.403321,293.531364,284.889909,399.4033214246161,299.53136401617496,290.8899092696752,2,4,6,48,142.49432934572704
t3_0_c02553,par_factible,BR0137|BR0410,3.0,392.462241,270.609728,293.461975,398.462241164331,276.6097275599954,299.4619751339216,2,4,6,48,137.62935142188098
t3_0_c02554,par_factible,BR0146|BR0315,3.0,393.386091,292.864658,173.791529,399.3860913035072,298.86465823662695,179.79152932079384,2,4,10,80,142.35489287260634
t3_0_c02555,par_factible,BR0089|BR0245,3.0,391.59572,233.473302,248.297984,397.5957200720577,239.47330168592254,254.29798445911993,2,5,7,70,129.8815538752253
t3_0_c02556,par_factible,BR0345|BR0363,3.0,409.519203,303.465503,290.310732,415.51920280460314,309.46550322182367,296.31073214556585,1,3,6,18,147.8052407801074
t3_0_c02557,par_factible,BR0182|BR0371,3.0,388.694874,290.196845,250.521228,394.6948742112156,296.1968448646688,256.52122784623054,2,4,7,56,140.85458085135255
t3_0_c02558,par_factible,BR0066|BR0392,3.0,391.806199,292.37419,171.426406,397.8061988361,298.37419008677244,177.42640642776823,2,4,10,80,141.9328010036437
t3_0_c02559,par_factible,BR0028|BR0237,3.0,392.846465,291.207811,223.683437,398.8464648278401,297.20781061069204,229.68343694910183,2,4,7,56,141.9070897937884
t3_0_c02560,par_factible,BR0120|BR0398,3.0,385.685477,289.245589,214.096505,391.6854770243111,295.2455885879835,220.09650527428346,2,4,8,64,140.04710817783783
t3_0_c02561,par_factible,BR0011|BR0139,3.0,392.490844,292.226934,275.715307,398.49084352215544,298.226934106199,281.7153070145747,2,4,6,48,142.0423603727532
t3_0_c02562,par_factible,BR0188|BR0366,3.0,392.002572,308.249774,205.667901,398.0025724054363,314.24977417852284,211.66790078234916,2,3,8,48,145.20944884484385
t3_0_c02563,par_factible,BR0265|BR0302,3.0,391.68778,254.129791,193.887165,397.68778044393014,260.12979065560944,199.88716515916502,2,4,9,72,134.111635290426
t3_0_c02564,par_factible,BR0169|BR0366,3.0,393.360605,292.726793,215.826547,399.3606046923639,298.72679286955133,221.82654667549565,2,4,8,64,142.32158971700613
t3_0_c02565,par_factible,BR0230|BR0319,3.0,393.243299,293.457534,146.717932,399.24329885483706,299.45753369675134,152.71793233113678,2,4,11,88,142.44665291571627
t3_0_c02566,par_factible,BR0143|BR0327,3.0,389.04217,262.821147,278.777267,395.04217027753526,268.82114673998944,284.7772671587681,2,4,6,48,135.3442032655504
t3_0_c02567,par_factible,BR0036|BR0171,3.0,392.84551,291.71332,156.209272,398.8455099503307,297.7133197992427,162.2092720231631,2,4,11,88,142.00995509675298
t3_0_c02568,par_factible,BR0168|BR0396,3.0,392.540916,291.370577,204.192542,398.5409155667078,297.3705765031233,210.19254171848604,2,4,8,64,141.87798003462407
t3_0_c02569,par_factible,BR0092XL|BR0153,3.0,390.801698,290.439896,228.021178,396.8016980983976,296.43989571234016,234.02117792444918,2,4,7,56,141.33365826926354
t3_0_c02570,par_factible,BR0033|BR0286,3.0,385.928075,286.418178,186.009483,391.92807483279887,292.41817757743667,192.00948324999308,2,4,9,72,139.52013300922235
t3_0_c02571,par_factible,BR0030|BR0217,3.0,390.361827,290.425222,168.102719,396.36182680247697,296.42522229389994,174.10271933497094,2,4,10,80,141.24098860272719
t3_0_c02572,par_factible,BR0144|BR0284,3.0,382.025494,283.50313,212.72619,388.02549383587404,289.50312963609605,218.72618987912543,2,4,8,64,138.13019846523346
t3_0_c02573,par_factible,BR0238|BR0410,3.0,384.93744,285.6641,278.710236,390.9374399761378,291.664100192818,284.71023593074074,2,4,6,48,139.16443224647418
t3_0_c02574,par_factible,BR0137|BR0399,3.0,389.623831,269.769739,312.990285,395.6238312802456,275.76973909461697,318.99028487945145,2,4,5,40,136.8794231141412
t3_0_c02575,par_factible,BR0108|BR0348,3.0,391.676419,291.331181,308.418846,397.67641882877194,297.33118071760714,314.4188461067496,2,4,5,40,141.69370021332907
t3_0_c02576,par_factible,BR0209XL|BR0315,3.0,392.312264,291.229869,176.867192,398.3122638340496,297.2298693510522,182.86719187381942,2,4,9,72,141.80267750970472
t3_0_c02577,par_factible,BR0171|BR0217,3.0,393.42743,287.870418,168.273116,399.42742981459986,293.8704175331617,174.27311631493518,2,4,10,80,141.34512688027758
t3_0_c02578,heuristica_9_29,solucion_greedy,3.0,391.354873,291.922495,292.790956,397.3548732216966,297.9224949697492,298.7909562442697,2,4,6,48,141.74869891772596
t3_0_c02579,heuristica_9_29,solucion_greedy,3.0,388.198497,289.840998,270.17707,394.1984972997614,295.84099825710194,276.1770702389308,2,4,6,48,140.68083497591505
t3_0_c02580,heuristica_9_29,solucion_greedy,3.0,383.070254,285.509928,167.559254,389.0702540551265,291.50992780167724,173.55925374877984,2,4,10,80,138.75233065378262
t3_0_c02581,heuristica_9_29,solucion_greedy,3.0,388.198497,289.840998,232.767937,394.1984972997614,295.84099825710194,238.76793743661736,2,4,7,56,140.68083497591505
t3_0_c02582,heuristica_9_29,solucion_greedy,3.0,388.391141,289.594757,248.321229,394.39114112129073,295.5947570187854,254.32122879248917,2,4,7,56,140.66990787769137
t3_0_c02583,heuristica_9_29,solucion_greedy,3.0,384.516148,286.551307,286.551307,390.5161475980727,292.55130734852054,292.55130734852054,2,4,6,48,139.2594199687244
t3_0_c02584,heuristica_9_29,solucion_greedy,3.0,393.879449,293.913576,293.899487,399.87944867118176,299.9135759653478,299.8994867154628,2,4,6,48,142.66932204618337
t3_0_c02585,heuristica_9_29,solucion_greedy,3.0,382.105932,284.658305,186.751252,388.1059318762942,290.65830541193355,192.7512517111578,2,4,9,72,138.38210750014838
t3_0_c02586,heuristica_9_29,solucion_greedy,3.0,391.102699,291.724435,173.197951,397.1026985894987,297.7244350771034,179.19795055272644,2,4,10,80,141.6569079850361
t3_0_c02587,heuristica_9_29,solucion_greedy,3.0,392.705413,292.98322,157.357538,398.7054133979895,298.98321959537503,163.35753751243013,2,4,11,88,142.24029214951366
t3_0_c02588,heuristica_9_29,solucion_greedy,3.0,385.035546,287.036538,286.136092,391.0355457325917,293.03653820321694,292.1360915914356,2,4,6,48,139.46423729578157
t3_0_c02589,heuristica_9_29,solucion_greedy,3.0,384.97549,286.912079,213.887399,390.9754902537534,292.9120785977094,219.88739870854448,2,4,8,64,139.42661954158262
t3_0_c02590,heuristica_9_29,solucion_greedy,3.0,384.388575,286.451111,244.637022,390.3885754086722,292.4511111713039,250.6370221141205,2,4,7,56,139.21298401222754
t3_0_c02591,heuristica_9_29,solucion_greedy,3.0,385.233197,287.114484,287.453115,391.2331971295336,293.1144835569484,293.45311511388303,2,4,6,48,139.52042419704017
t3_0_c02592,heuristica_9_29,solucion_greedy,3.0,390.325152,267.46711,249.579641,396.3251518786242,273.4671102677897,255.5796410926946,2,4,7,56,136.55295864350944
t3_0_c02593,heuristica_9_29,solucion_greedy,3.0,392.164248,269.373592,193.526251,398.1642482770366,275.37359180220136,199.52625053849135,2,4,9,72,137.31658309464586
t3_0_c02594,heuristica_9_29,solucion_greedy,3.0,389.167841,232.941427,208.506623,395.1678411070869,238.94142670775648,214.5066232573053,2,5,8,80,129.27813818855114
t3_0_c02595,heuristica_9_29,solucion_greedy,3.0,392.00966,269.213339,218.407336,398.0096601344835,275.2133394959759,224.40733629256985,2,4,8,64,137.25239543944127
t3_0_c02596,heuristica_9_29,solucion_greedy,3.0,389.167841,232.941427,187.551184,395.1678411070869,238.94142670775648,193.55118373395808,2,5,9,90,129.27813818855114
t3_0_c02597,heuristica_9_29,solucion_greedy,3.0,381.860746,258.692565,238.402952,387.8607457090522,264.6925652923445,244.40295232823905,2,4,7,56,133.0383916414672
t3_0_c02598,heuristica_9_29,solucion_greedy,3.0,389.177093,290.253632,216.642369,395.1770925004246,296.2536323611646,222.6423687815192,2,4,8,64,140.9644699004259
t3_0_c02599,heuristica_9_29,solucion_greedy,3.0,385.573998,287.382151,170.365604,391.5739983287524,293.3821514359199,176.36560406274634,2,4,10,80,139.6444749775071
t3_0_c02600,heuristica_9_29,solucion_greedy,3.0,386.467861,288.084198,215.169273,392.4678606985276,294.0841978053537,221.1692726731593,2,4,8,64,139.96983863483817
t3_0_c02601,heuristica_9_29,solucion_greedy,3.0,381.916644,284.658635,169.538448,387.9166441714028,290.6586347136596,175.53844839055722,2,4,10,80,138.34358387055298
t3_0_c02602,heuristica_9_29,solucion_greedy,3.0,384.358169,286.42723,169.468749,390.358169092576,292.42722981714354,175.4687490822578,2,4,10,80,139.20191618954527
t3_0_c02603,heuristica_9_29,solucion_greedy,3.0,388.543232,289.71421,155.934178,394.5432321734126,295.7142104990705,161.93417813213563,2,4,11,88,140.72526863863058
t3_0_c02604,heuristica_9_29,solucion_greedy,3.0,383.634543,285.948259,187.429038,389.6345426403876,291.9482590853271,193.42903761008836,2,4,9,72,138.95673837425375
t3_0_c02605,heuristica_9_29,solucion_greedy,3.0,386.238796,232.151389,189.242433,392.2387964350313,238.15138924777543,195.24243304589004,2,5,9,90,128.51991553166295
t3_0_c02606,heuristica_9_29,solucion_greedy,3.0,392.304159,292.784278,217.837135,398.3041591655105,298.7842776303708,223.83713470907097,2,4,8,64,142.11792799100536
t3_0_c02607,heuristica_9_29,solucion_greedy,3.0,390.97908,291.715583,156.953756,396.9790802063008,297.715583159414,162.9537556067473,2,4,11,88,141.6299007881172
t3_0_c02608,heuristica_9_29,solucion_greedy,3.0,384.643478,261.577258,244.028449,390.6434778967917,267.5772577618191,250.02844909539093,2,4,7,56,134.19382989981872
t3_0_c02609,heuristica_9_29,solucion_greedy,3.0,386.794824,263.80743,190.531499,392.7948238629767,269.8074297975012,196.5314990399132,2,4,9,72,135.08710574117796
t3_0_c02610,heuristica_9_29,solucion_greedy,3.0,390.088345,233.458378,151.416844,396.0883450099007,239.4583782648388,157.41684419021877,2,5,11,110,129.57119740565534
t3_0_c02611,heuristica_9_29,solucion_greedy,3.0,384.794423,188.758921,142.826893,390.7944228820316,194.7589214677357,148.8268926031031,2,6,12,144,119.37886734959577
t3_0_c02612,heuristica_9_29,solucion_greedy,3.0,390.088345,233.458378,247.103878,396.0883450099007,239.4583782648388,253.1038776715376,2,5,7,70,129.57119740565534
t3_0_c02613,heuristica_9_29,solucion_greedy,3.0,390.088345,233.458378,257.618936,396.0883450099007,239.4583782648388,263.6189362958583,2,5,6,60,129.57119740565534
t3_0_c02614,heuristica_9_29,solucion_greedy,3.0,390.088345,233.458378,229.228278,396.0883450099007,239.4583782648388,235.2282780101923,2,5,7,70,129.57119740565534
t3_0_c02615,heuristica_9_29,solucion_greedy,3.0,390.088345,233.458378,239.743337,396.0883450099007,239.4583782648388,245.74333663451304,2,5,7,70,129.57119740565534
t3_0_c02616,heuristica_9_29,solucion_greedy,3.0,390.088345,233.458378,237.640325,396.0883450099007,239.4583782648388,243.64032490964888,2,5,7,70,129.57119740565534
t3_0_c02617,heuristica_9_29,solucion_greedy,3.0,385.937233,287.736956,170.058598,391.93723262289495,293.7369556534369,176.05859836283608,2,4,10,80,139.79086407264666
t3_0_c02618,heuristica_9_29,solucion_greedy,3.0,390.9621,291.614008,156.864732,396.96209958683335,297.614007540712,162.864732328317,2,4,11,88,141.60573030123248
t3_0_c02619,heuristica_9_29,solucion_greedy,3.0,386.377999,263.375332,246.198416,392.37799908491456,269.3753324136191,252.19841555820105,2,4,7,56,134.9140329252872
t3_0_c02620,heuristica_9_29,solucion_greedy,3.0,384.780212,261.719002,212.960236,390.7802122265329,267.7190020852797,218.96023562234996,2,4,8,64,134.25060434491593
t3_0_c02621,heuristica_9_29,solucion_greedy,3.0,386.794823,263.807429,215.084528,392.794823318792,269.80742923337726,221.08452802924543,2,4,8,64,135.08710551522307
t3_0_c02622,heuristica_9_29,solucion_greedy,3.0,392.108326,292.643888,249.637237,398.1083263380333,298.6438883970218,255.6372373897288,2,4,7,56,142.04938118961365
t3_0_c02623,heuristica_9_29,solucion_greedy,3.0,393.899156,271.172067,157.620249,399.8991561147097,277.17206727052644,163.6202493508723,2,4,11,88,138.0369466636567
t3_0_c02624,heuristica_9_29,solucion_greedy,3.0,392.595473,269.820617,250.702224,398.5954728136164,275.820616556795,256.70222430158685,2,4,7,56,137.49563493790242
t3_0_c02625,heuristica_9_29,solucion_greedy,3.0,381.860746,258.692565,273.909775,387.86074570905225,264.6925652923445,279.9097750154236,2,4,6,48,133.03839164146723
t3_0_c02626,heuristica_9_29,solucion_greedy,3.0,381.860746,258.692565,278.982178,387.86074570905225,264.6925652923445,284.98217825645,2,4,6,48,133.03839164146723
t3_0_c02627,heuristica_9_29,solucion_greedy,3.0,389.486753,290.764527,289.076458,395.48675281447066,296.7645267910943,295.07645841830714,2,4,6,48,141.13175934873902
t3_0_c02628,heuristica_9_29,solucion_greedy,3.0,389.167841,232.941427,239.939783,395.1678411070869,238.94142670775648,245.93978254232627,2,5,7,70,129.27813818855114
t3_0_c02629,heuristica_9_29,solucion_greedy,3.0,389.167841,232.941427,224.223203,395.1678411070869,238.94142670775648,230.22320289981585,2,5,7,70,129.27813818855114
t3_0_c02630,heuristica_9_29,solucion_greedy,3.0,390.916187,233.324431,248.888302,396.9161872463517,239.32443126456465,254.88830244074933,2,5,7,70,129.71266432434584
t3_0_c02631,heuristica_9_29,solucion_greedy,3.0,391.334325,233.416031,217.329218,397.33432475149567,239.41603130087665,223.3292182711998,2,5,8,80,129.81658635114624
t3_0_c02632,heuristica_9_29,solucion_greedy,3.0,386.794822,288.743615,231.736721,392.7948222415283,294.7436149972422,237.73672116912888,2,4,7,56,140.1709352168747
t3_0_c02633,heuristica_9_29,solucion_greedy,3.0,389.015046,266.109002,216.847682,395.0150459239758,272.10900157222807,222.84768234251965,2,4,8,64,136.00898012155022
t3_0_c02634,heuristica_9_29,solucion_greedy,3.0,386.238796,232.151389,204.839337,392.2387964350313,238.15138924777543,210.83933686835348,2,5,8,80,128.51991553166295
t3_0_c02635,heuristica_9_29,solucion_greedy,3.0,382.939392,259.810734,210.519284,388.93939203986014,265.81073360240225,216.5192840156476,2,4,8,64,133.48626414725024
t3_0_c02636,heuristica_9_29,solucion_greedy,3.0,388.034825,289.388459,172.726658,394.0348248844689,295.3884587671536,178.72665757953715,2,4,10,80,140.5552056374358
t3_0_c02637,heuristica_9_29,solucion_greedy,3.0,383.8099,286.122267,170.766597,389.809899515923,292.12226664738034,176.76659724191742,2,4,10,80,139.0279645592871
t3_0_c02638,heuristica_9_29,solucion_greedy,3.0,388.198497,289.840998,184.967379,394.1984972997614,295.84099825710194,190.96737885588345,2,4,9,72,140.68083497591505
t3_0_c02639,heuristica_9_29,solucion_greedy,3.0,387.491719,288.968596,192.360407,393.4917192133573,294.9685963297257,198.36040733426657,2,4,9,72,140.3588818640332
t3_0_c02640,heuristica_9_29,solucion_greedy,3.0,392.103735,292.510656,193.466923,398.10373460223394,298.51065644873347,199.46692278800745,2,4,9,72,142.02128257919824
t3_0_c02641,heuristica_9_29,solucion_greedy,3.0,391.275003,268.572541,218.223272,397.27500270738807,274.57254064792573,224.22327199456888,2,4,8,64,136.97197621922808
t3_0_c02642,heuristica_9_29,solucion_greedy,3.0,382.163522,259.531051,241.262389,388.1635220425041,265.5310505104617,247.26238911563183,2,4,7,56,133.27106474066582
t3_0_c02643,heuristica_9_29,solucion_greedy,3.0,388.198497,289.840998,312.781916,394.1984972997614,295.84099825710194,318.7819159304546,2,4,5,40,140.68083497591505
t3_0_c02644,heuristica_9_29,solucion_greedy,3.0,388.198497,289.840998,317.977629,394.1984972997614,295.84099825710194,323.9776288196648,2,4,5,40,140.68083497591505
t3_0_c02645,heuristica_9_29,solucion_greedy,3.0,383.359049,285.73426,283.59657,389.3590492118424,291.7342597393799,289.5965702645961,2,4,6,48,138.85694372094235
t3_0_c02646,heuristica_9_29,solucion_greedy,3.0,388.198497,289.840998,264.981357,394.1984972997614,295.84099825710194,270.98135734972067,2,4,6,48,140.68083497591505
t3_0_c02647,heuristica_9_29,solucion_greedy,3.0,383.47722,285.735325,285.125637,389.47721958860063,291.7353253116704,291.1256367664416,2,4,6,48,138.88125278292986
t3_0_c02648,heuristica_9_29,solucion_greedy,3.0,389.874675,290.759936,249.306564,395.8746749348481,296.7599358684131,255.306563920209,2,4,7,56,141.20991045938047
t3_0_c02649,heuristica_9_29,solucion_greedy,3.0,388.198497,289.840998,227.572225,394.1984972997614,295.84099825710194,233.57222454740716,2,4,7,56,140.68083497591505
t3_0_c02650,heuristica_9_29,solucion_greedy,3.0,389.07017,290.465886,190.363448,395.0701699718985,296.46588561510526,196.3634477697323,2,4,9,72,140.98594405443504
t3_0_c02651,heuristica_9_29,solucion_greedy,3.0,385.220543,287.972562,215.302493,391.2205428025287,293.97256235712445,221.30249302297847,2,4,8,64,139.6927839265348
t3_0_c02652,heuristica_9_29,solucion_greedy,3.0,387.216331,288.730541,347.822015,393.2163311650782,294.73054106443794,353.8220151248221,2,4,5,40,140.25420432813786
t3_0_c02653,heuristica_9_29,solucion_greedy,3.0,388.198497,289.840998,365.778187,394.1984972997614,295.84099825710194,371.7781874003987,2,4,4,32,140.68083497591505
t3_0_c02654,heuristica_9_29,solucion_greedy,3.0,381.835924,284.446239,282.566812,387.83592402615807,290.44623917297287,288.5668122672662,2,4,6,48,138.28382532092374
t3_0_c02655,heuristica_9_29,solucion_greedy,3.0,388.168308,289.491651,192.631788,394.1683076689907,295.4916512216704,198.6317884653172,2,4,9,72,140.6034574700634
t3_0_c02656,heuristica_9_29,solucion_greedy,3.0,385.399953,287.3515,247.712284,391.3999531535948,293.35150035173046,253.71228398836573,2,4,7,56,139.60274281454136
t3_0_c02657,heuristica_9_29,solucion_greedy,3.0,388.198497,289.840998,259.785644,394.1984972997614,295.84099825710194,265.7856444605104,2,4,6,48,140.68083497591505
t3_0_c02658,heuristica_9_29,solucion_greedy,3.0,392.336458,233.416674,243.052713,398.3364579656952,239.4166738529622,249.05271290523424,2,5,7,70,130.02102585497602
t3_0_c02659,heuristica_9_29,solucion_greedy,3.0,381.320373,284.041321,273.159682,387.3203727104572,290.0413212105626,279.1596822876222,2,4,6,48,138.0961659370071
t3_0_c02660,heuristica_9_29,solucion_greedy,3.0,382.833356,285.325909,279.277457,388.8333558467285,291.3259086694572,285.2774568326428,2,4,6,48,138.66651672093488
t3_0_c02661,heuristica_9_29,solucion_greedy,3.0,380.482544,283.497778,285.337582,386.48254374763394,289.49777807523816,291.3375820717424,2,4,6,48,137.81454063667118
t3_0_c02662,heuristica_9_29,solucion_greedy,3.0,381.964223,285.46802,286.287089,387.96422342823433,291.4680200301844,292.2870893657052,2,4,6,48,138.5182963217979
t3_0_c02663,heuristica_9_29,solucion_greedy,3.0,392.915112,270.151968,293.620418,398.9151122051983,276.1519676476066,299.6204175470558,2,4,6,48,137.62835471005195
t3_0_c02664,heuristica_9_29,solucion_greedy,3.0,388.198497,289.840998,280.568496,394.1984972997615,295.84099825710194,286.56849601735126,2,4,6,48,140.68083497591508
t3_0_c02665,heuristica_9_29,solucion_greedy,3.0,382.409533,284.896756,242.178187,388.4095331607192,290.8967561921578,248.17818718962369,2,4,7,56,138.49261760507176
t3_0_c02666,heuristica_9_29,solucion_greedy,3.0,381.320373,284.041321,324.12231,387.3203727104572,290.04132121056267,330.12230958008905,2,4,5,40,138.0961659370071
t3_0_c02667,heuristica_9_29,solucion_greedy,3.0,390.654198,291.413436,250.387287,396.65419823036126,297.4134357394788,256.38728697212065,2,4,7,56,141.50206604889703
t3_0_c02668,heuristica_9_29,solucion_greedy,3.0,381.207642,284.110522,212.726821,387.2076420125267,290.110521537161,218.72682060598493,2,4,8,64,138.0872912435653
t3_0_c02669,heuristica_9_29,solucion_greedy,3.0,392.884541,293.133526,173.678801,398.8845414703037,299.1335255726877,179.6788007569087,2,4,10,80,142.30745505463636
t3_0_c02670,heuristica_9_29,solucion_greedy,3.0,393.088922,293.40271,173.603968,399.0889216216815,299.40271009254855,179.6039675255874,2,4,10,80,142.4040023882222
t3_0_c02671,heuristica_9_29,solucion_greedy,3.0,386.56986,288.228372,214.621521,392.5698599693882,294.22837150713895,220.6215211988496,2,4,8,64,140.02002680459267
t3_0_c02672,heuristica_9_29,solucion_greedy,3.0,386.252632,287.981954,189.866914,392.25263247761154,293.9819537391539,195.86691391423503,2,4,9,72,139.90511441728142
t3_0_c02673,heuristica_9_29,solucion_greedy,3.0,389.177094,290.253633,172.126812,395.17709392034885,296.25363346414144,178.12681227034048,2,4,10,80,140.96447041477884
t3_0_c02674,heuristica_9_29,solucion_greedy,3.0,386.336194,287.980786,190.513457,392.3361937701586,293.9807855887065,196.51345698927025,2,4,9,72,139.92191220364222
t3_0_c02675,heuristica_9_29,solucion_greedy,3.0,393.467213,293.581543,218.852505,399.46721349009846,299.5815432377876,224.8525047398108,2,4,8,64,142.51758546949765
t3_0_c02676,heuristica_9_29,solucion_greedy,3.0,381.320373,284.041321,207.927519,387.3203727104572,290.04132121056267,213.92751935326467,2,4,8,64,138.0961659370071
t3_0_c02677,heuristica_9_29,solucion_greedy,3.0,381.320373,284.041321,236.466591,387.3203727104572,290.0413212105626,242.4665906370461,2,4,7,56,138.0961659370071
t3_0_c02678,heuristica_9_29,solucion_greedy,3.0,389.76787,290.780832,217.660821,395.76787001334856,296.7808320006124,223.6608207735851,2,4,8,64,141.1923959253743
t3_0_c02679,heuristica_9_29,solucion_greedy,3.0,393.727289,293.788159,143.939728,399.7272885511704,299.78815942387143,149.9397278968969,2,4,12,96,142.61273149338263
t3_0_c02680,heuristica_9_29,solucion_greedy,3.0,384.040432,286.424262,189.535362,390.0404322865929,292.4242619997066,195.53536179478695,2,4,9,72,139.13653298395502
t3_0_c02681,heuristica_9_29,solucion_greedy,3.0,389.177095,290.253635,142.449775,395.1770953599944,296.2536345824375,148.44977459622126,2,4,12,96,140.9644709362756
t3_0_c02682,heuristica_9_29,solucion_greedy,3.0,388.198497,289.840998,153.793102,394.1984972997614,295.84099825710194,159.79310152062217,2,4,11,88,140.68083497591505
t3_0_c02683,heuristica_9_29,solucion_greedy,3.0,392.47719,292.817101,193.493523,398.4771897850419,298.8171006231823,199.49352319108164,2,4,9,72,142.15989610769097
t3_0_c02684,heuristica_9_29,solucion_greedy,3.0,381.842366,284.752305,211.823787,387.84236616229225,290.7523051153215,217.82378708188463,2,4,8,64,138.3475374674034
t3_0_c02685,heuristica_9_29,solucion_greedy,3.0,390.689306,291.440576,157.16927,396.6893055492506,297.44057639601124,163.16926985598005,2,4,11,88,141.51475676763746
t3_0_c02686,heuristica_9_29,solucion_greedy,3.0,382.667808,285.099608,211.485733,388.6678084983413,291.09960762569284,217.48573312828316,2,4,8,64,138.58662917921183
t3_0_c02687,heuristica_9_29,solucion_greedy,3.0,393.899156,265.854968,157.620249,399.8991561147097,271.8549679122808,163.6202493508723,2,4,11,88,136.9529304846056
t3_0_c02688,heuristica_9_29,solucion_greedy,3.0,390.128881,291.072664,143.136189,396.1288806234349,297.0726636829658,149.13618935549965,2,4,12,96,141.32549323270146
t3_0_c02689,heuristica_9_29,solucion_greedy,3.0,390.583833,291.231572,248.423865,396.5838327942965,297.2315718612842,254.4238650581776,2,4,7,56,141.45064315098483
t3_0_c02690,heuristica_9_29,solucion_greedy,3.0,387.513013,288.905068,191.299404,393.513012727442,294.90506823486976,197.2994037076456,2,4,9,72,140.35027134807578
t3_0_c02691,heuristica_9_29,solucion_greedy,3.0,384.414456,261.339844,285.294517,390.41445565423385,267.3398440641016,291.29451733859986,2,4,6,48,134.09873592626613
t3_0_c02692,heuristica_9_29,solucion_greedy,3.0,385.871082,262.849841,287.525103,391.8710817186653,268.8498414175729,293.52510316896706,2,4,6,48,134.70355211747977
t3_0_c02693,heuristica_9_29,solucion_greedy,3.0,393.456657,293.559679,193.726207,399.4566573157488,299.5596788644566,199.72620684729927,2,4,9,72,142.5109757757809
t3_0_c02694,heuristica_9_29,solucion_greedy,3.0,391.781115,292.409316,291.890618,397.7811152431268,298.40931631148857,297.8906181816485,2,4,6,48,141.93484843111423
t3_0_c02695,heuristica_9_29,solucion_greedy,3.0,382.833356,285.325909,274.162485,388.8333558467285,291.3259086694572,280.1624850957813,2,4,6,48,138.66651672093488
t3_0_c02696,heuristica_9_29,solucion_greedy,3.0,389.177093,290.253633,191.911504,395.177093207947,296.25363291075786,197.91150405308665,2,4,9,72,140.96447015671862
t3_0_c02697,heuristica_9_29,solucion_greedy,3.0,380.761621,283.818623,187.575108,386.76162120269385,289.81862281479226,193.5751078466081,2,4,9,72,137.93684893322856
t3_0_c02698,heuristica_9_29,solucion_greedy,3.0,390.709371,291.415512,192.94784,396.7093708598308,297.4155124577516,198.9478397252396,2,4,9,72,141.51373767942556
t3_0_c02699,heuristica_9_29,solucion_greedy,3.0,389.301059,290.271912,172.74759,395.3010587238279,296.27191249387454,178.74758960749355,2,4,10,80,140.9934701769016
t3_0_c02700,heuristica_9_29,solucion_greedy,3.0,381.172674,284.299996,186.473219,387.1726743377964,290.2999957445571,192.47321909501787,2,4,9,72,138.11879104635136
t3_0_c02701,heuristica_9_29,solucion_greedy,3.0,388.839658,289.991518,349.818739,394.8396582396076,295.9915182646639,355.81873926090543,2,4,5,40,140.84223781942333
t3_0_c02702,heuristica_9_29,solucion_greedy,3.0,388.198497,289.840998,201.59366,394.1984972997614,295.84099825710194,207.5936601013561,2,4,8,64,140.68083497591505
t3_0_c02703,heuristica_9_29,solucion_greedy,3.0,388.198497,289.840998,169.38024,394.1984972997614,295.84099825710194,175.3802401882528,2,4,10,80,140.68083497591505
t3_0_c02704,heuristica_9_29,solucion_greedy,3.0,388.198497,289.840998,164.184527,394.1984972997614,295.84099825710194,170.1845272990426,2,4,10,80,140.68083497591505
t3_0_c02705,heuristica_9_29,solucion_greedy,3.0,392.872364,270.107653,173.764952,398.872364185533,276.1076533255325,179.76495159018242,2,4,10,80,137.61060499715913
t3_0_c02706,heuristica_9_29,solucion_greedy,3.0,386.269721,263.263087,170.48972,392.269721262867,269.2630872542581,176.48972013177308,2,4,10,80,134.86907411154436
t3_0_c02707,heuristica_9_29,solucion_greedy,3.0,389.318111,266.423171,192.268973,395.318110758288,272.42317080818793,198.26897334508973,2,4,9,72,136.13481785249252
t3_0_c02708,heuristica_9_29,solucion_greedy,3.0,389.52699,266.639703,142.801271,395.52699002384014,272.6397034831692,148.80127121588797,2,4,12,96,136.2215481155982
t3_0_c02709,heuristica_9_29,solucion_greedy,3.0,389.167841,232.941427,161.356884,395.1678411070869,238.94142670775648,167.356884329774,2,5,10,100,129.27813818855114
t3_0_c02710,heuristica_9_29,solucion_greedy,3.0,390.132894,291.227734,142.011198,396.1328940343507,297.2277344752334,148.01119827696587,2,4,12,96,141.35792630164812
t3_0_c02711,heuristica_9_29,solucion_greedy,3.0,390.93749,291.804536,172.186354,396.9374900299776,297.8045357012425,178.1863539784968,2,4,10,80,141.63955672400002
t3_0_c02712,heuristica_9_29,solucion_greedy,3.0,382.833356,285.325909,234.265706,388.8333558467286,291.3259086694572,240.26570554826085,2,4,7,56,138.6665167209349
t3_0_c02713,heuristica_9_29,solucion_greedy,3.0,393.693338,293.762925,251.100135,399.693338371577,299.7629247160242,257.10013500251296,2,4,7,56,142.60066525741104
t3_0_c02714,heuristica_9_29,solucion_greedy,3.0,392.065468,233.576201,262.412062,398.0654683053455,239.57620056399705,268.41206164773905,2,5,6,60,129.99830150241436
t3_0_c02715,heuristica_9_29,solucion_greedy,3.0,383.101092,285.574304,245.852092,389.1010924824943,291.57430431785366,251.85209220117235,2,4,7,56,138.77174246694148
t3_0_c02716,heuristica_9_29,solucion_greedy,3.0,385.228263,231.798907,243.722834,391.22826331902434,237.79890738872243,249.72283382919653,2,5,7,70,128.2420327640666
t3_0_c02717,heuristica_9_29,solucion_greedy,3.0,390.56235,233.137386,249.184871,396.5623498432829,239.1373856065925,255.1848712797681,2,5,7,70,129.60239254839456
t3_0_c02718,heuristica_9_29,solucion_greedy,3.0,392.974198,270.374404,293.831544,398.974198282622,276.3744042727428,299.8315443826929,2,4,6,48,137.6857497564454
t3_0_c02719,heuristica_9_29,solucion_greedy,3.0,382.735509,268.196494,335.245618,388.7355086276226,274.19649423519394,341.24561779399244,2,4,5,40,135.15433289761805
t3_0_c02720,heuristica_9_29,solucion_greedy,3.0,378.11952,257.309604,330.970785,384.1195200394818,263.3096038826591,336.9707846020085,2,4,5,40,131.99370518290334
t3_0_c02721,heuristica_9_29,solucion_greedy,3.0,383.203479,276.145403,348.428257,389.2034789629902,282.1454030536805,354.4282565583631,2,4,5,40,136.87031233775141
t3_0_c02722,heuristica_9_29,solucion_greedy,3.0,381.677484,274.878844,346.592511,387.6774835501452,280.87884442068,352.59251068137786,2,4,5,40,136.30098429578496
t3_0_c02723,heuristica_9_29,solucion_greedy,3.0,389.167841,232.941427,255.656362,395.1678411070869,238.94142670775648,261.65636218483667,2,5,6,60,129.27813818855114
t3_0_c02724,heuristica_9_29,solucion_greedy,3.0,389.167841,232.941427,203.267763,395.1678411070869,238.94142670775648,209.2677633764685,2,5,8,80,129.27813818855114
t3_0_c02725,heuristica_9_29,solucion_greedy,3.0,390.426419,233.217139,191.941382,396.4264191008556,239.21713933461345,197.94138151346695,2,5,9,90,129.59093953832192
t3_0_c02726,heuristica_9_29,solucion_greedy,3.0,383.944455,286.188995,243.052888,389.9444551864095,292.1889947083135,249.0528876534483,2,4,7,56,139.0690009979048
t3_0_c02727,heuristica_9_29,solucion_greedy,3.0,393.69448,293.76004,251.04816,399.6944799253866,299.7600400413036,257.0481596695713,2,4,7,56,142.60030988107852
t3_0_c02728,heuristica_9_29,solucion_greedy,3.0,389.734668,290.719615,217.923226,395.7346676196209,296.7196150548058,223.9232262657279,2,4,8,64,141.1731463148678
t3_0_c02729,heuristica_9_29,solucion_greedy,3.0,393.987044,293.989933,218.995742,399.987043531577,299.98993336892363,224.9957419419903,2,4,8,64,142.7068250561673
t3_0_c02730,heuristica_9_29,solucion_greedy,3.0,378.945441,282.361666,210.314675,384.9454412572796,288.3616664366325,216.31467464251384,2,4,8,64,137.2695428529892
t3_0_c02731,heuristica_9_29,solucion_greedy,3.0,382.27842,285.136159,168.260297,388.27842026761147,291.13615893330507,174.26029696613963,2,4,10,80,138.5146950460584
t3_0_c02732,heuristica_9_29,solucion_greedy,3.0,391.248664,291.873004,173.603165,397.2486643788004,297.8730037744455,179.60316464203856,2,4,10,80,141.71695579067196
t3_0_c02733,heuristica_9_29,solucion_greedy,3.0,392.336458,233.416674,226.144698,398.3364579656952,239.4166738529622,232.14469809443528,2,5,7,70,130.02102585497602
t3_0_c02734,heuristica_9_29,solucion_greedy,3.0,389.167841,232.941427,213.745483,395.1678411070869,238.94142670775648,219.74548313814216,2,5,8,80,129.27813818855114
t3_0_c02735,heuristica_9_29,solucion_greedy,3.0,391.951539,292.53149,192.728354,397.9515390255675,298.5314902313033,198.7283544020576,2,4,9,72,141.99450137754758
t3_0_c02736,heuristica_9_29,solucion_greedy,3.0,388.198497,289.840998,285.764209,394.1984972997614,295.84099825710194,291.76420890656146,2,4,6,48,140.68083497591505
t3_0_c02737,heuristica_9_29,solucion_greedy,3.0,388.198497,289.840998,179.771666,394.1984972997614,295.84099825710194,185.77166596667325,2,4,9,72,140.68083497591505
t3_0_c02738,heuristica_9_29,solucion_greedy,3.0,387.513015,288.90507,141.995432,393.51301481751926,294.9050698764325,147.99543210721995,2,4,12,96,140.35027210885866
t3_0_c02739,heuristica_9_29,solucion_greedy,3.0,387.513012,288.905068,215.95139,393.51301204029335,294.905067695178,221.95138950785832,2,4,8,64,140.3502710979554
t3_0_c02740,heuristica_9_29,solucion_greedy,3.0,390.459964,233.156809,217.112869,396.4599641592021,239.1568085515008,223.11286878674,2,5,8,80,129.5854786362289
t3_0_c02741,heuristica_9_29,solucion_greedy,3.0,386.980842,232.328133,214.661122,392.9808415940743,238.3281333564887,220.6611218323068,2,5,8,80,128.70723240582322
t3_0_c02742,heuristica_9_29,solucion_greedy,3.0,392.615118,292.924031,250.953236,398.6151179574053,298.9240308721831,256.9532362087732,2,4,7,56,142.20981627514544
t3_0_c02743,heuristica_9_29,solucion_greedy,3.0,390.911863,291.574551,249.887527,396.9118626399823,297.574551056872,255.88752660440872,2,4,7,56,141.5874441787674
t3_0_c02744,heuristica_9_29,solucion_greedy,3.0,387.905451,289.288443,249.239142,393.9054506636231,295.2884425482225,255.2391415681657,2,4,7,56,140.50843898304703
t3_0_c02745,heuristica_9_29,solucion_greedy,3.0,379.827591,283.043636,211.31419,385.8275910818828,289.04363607023345,217.31419029567476,2,4,8,64,137.58842551521226
t3_0_c02746,heuristica_9_29,solucion_greedy,3.0,387.759512,289.86548,266.884385,393.7595115335485,295.8654799753208,272.8843852480862,2,4,6,48,140.59632854411197
t3_0_c02747,heuristica_9_29,solucion_greedy,3.0,388.198497,289.840998,211.985086,394.1984972997614,295.84099825710194,217.98508587977653,2,4,8,64,140.68083497591505
t3_0_c02748,heuristica_9_29,solucion_greedy,3.0,390.257539,291.169955,173.002519,396.2575392460178,297.1699551142234,179.0025191885006,2,4,10,80,141.3715584832296
t3_0_c02749,heuristica_9_29,solucion_greedy,3.0,384.151844,286.225139,169.646074,390.151844371548,292.2251386245472,175.64607414199588,2,4,10,80,139.1186509676035
t3_0_c02750,heuristica_9_29,solucion_greedy,3.0,387.226165,288.763303,156.21172,393.2261651743336,294.7633026419151,162.21171982846738,2,4,11,88,140.26288844367963
t3_0_c02751,heuristica_9_29,solucion_greedy,3.0,383.42155,285.822043,154.496112,389.4215501997114,291.8220427698716,160.4961119232741,2,4,11,88,138.88758266454292
t3_0_c02752,heuristica_9_29,solucion_greedy,3.0,385.776099,287.575638,214.249209,391.7760986434584,293.57563762728347,220.2492088822408,2,4,8,64,139.7251246219657
t3_0_c02753,heuristica_9_29,solucion_greedy,3.0,388.198497,289.840998,244.198506,394.1984972997615,295.84099825710194,250.1985057928798,2,4,7,56,140.68083497591508
t3_0_c02754,heuristica_9_29,solucion_greedy,3.0,392.775879,262.820956,173.903154,398.7758792806162,268.82095623672444,179.903153883715,2,4,10,80,136.10536911668515
t3_0_c02755,heuristica_9_29,solucion_greedy,3.0,389.167841,232.941427,270.32517,395.1678411070869,238.94142670775648,276.3251698511798,2,5,6,60,129.27813818855114
t3_0_c02756,heuristica_9_29,solucion_greedy,3.0,389.167841,232.941427,280.80289,395.1678411070869,238.94142670775648,286.80288961285345,2,5,6,60,129.27813818855114
t3_0_c02757,heuristica_9_29,solucion_greedy,3.0,389.167841,232.941427,234.700923,395.1678411070869,238.94142670775648,240.70092266148944,2,5,7,70,129.27813818855114
t3_0_c02758,heuristica_9_29,solucion_greedy,3.0,388.263421,265.329836,248.06206,394.2634205576999,271.32983638934945,254.0620598879698,2,4,7,56,135.6968923439448
t3_0_c02759,heuristica_9_29,solucion_greedy,3.0,382.042654,284.75605,189.125078,388.0426544290552,290.7560503304227,195.12507762923468,2,4,9,72,138.3891345075388
t3_0_c02760,heuristica_9_29,solucion_greedy,3.0,387.513013,288.905069,171.577815,393.5130134193296,294.90506877828363,177.57781506747534,2,4,10,80,140.35027159992114
t3_0_c02761,heuristica_9_29,solucion_greedy,3.0,381.860746,258.692565,325.648288,387.8607457090522,264.6925652923445,331.64828807389245,2,4,5,40,133.0383916414672
t3_0_c02762,heuristica_9_29,solucion_greedy,3.0,385.355852,287.593884,325.540546,391.3558520053453,293.5938835141826,331.54054603298266,2,4,5,40,139.64316728226868
t3_0_c02763,heuristica_9_29,solucion_greedy,3.0,387.665073,289.102612,291.624397,393.6650731178058,295.1026122252151,297.62439693058565,2,4,6,48,140.42154645117654
t3_0_c02764,heuristica_9_29,solucion_greedy,3.0,379.652184,283.086345,209.221365,385.6521840509367,289.086345197804,215.2213645599042,2,4,8,64,137.56137191615505
t3_0_c02765,heuristica_9_29,solucion_greedy,3.0,381.320373,284.041321,278.255945,387.32037271045726,290.04132121056267,284.2559450168689,2,4,6,48,138.0961659370071
t3_0_c02766,heuristica_9_29,solucion_greedy,3.0,391.521362,292.10722,217.30036,397.5213621570487,298.10721979937165,223.3003596814561,2,4,8,64,141.82030213178803
t3_0_c02767,heuristica_9_29,solucion_greedy,3.0,389.837348,291.015863,247.343181,395.8373479897725,297.0158625273472,253.3431814318827,2,4,7,56,141.25447716964726
t3_0_c02768,heuristica_9_29,solucion_greedy,3.0,393.741627,293.802695,250.96741,399.74162715690585,299.80269475386257,256.96740968652523,2,4,7,56,142.6186181265583
t3_0_c02769,heuristica_9_29,solucion_greedy,3.0,390.625247,291.498993,172.460915,396.6252473202659,297.49899325723885,178.4609153896861,2,4,10,80,141.5136066416931
t3_0_c02770,heuristica_9_29,solucion_greedy,3.0,384.208219,286.393883,212.246292,390.20821912700256,292.39388275616795,218.24629157154249,2,4,8,64,139.16454676517236
t3_0_c02771,heuristica_9_29,solucion_greedy,3.0,389.152059,290.192388,291.315943,395.15205912635,296.1923878632553,297.31594289911305,2,4,6,48,140.94688012020495
t3_0_c02772,heuristica_9_29,solucion_greedy,3.0,388.771337,289.938448,290.463647,394.7713372665616,295.9384475122198,296.463647122766,2,4,6,48,140.81748925153545
t3_0_c02773,heuristica_9_29,solucion_greedy,3.0,389.167841,232.941427,333.191488,395.1678411070869,238.94142670775648,339.1914884212216,2,5,5,50,129.27813818855114
t3_0_c02774,heuristica_9_29,solucion_greedy,3.0,389.167841,232.941427,245.178642,395.1678411070869,238.94142670775648,251.17864242316307,2,5,7,70,129.27813818855114
t3_0_c02775,heuristica_9_29,solucion_greedy,3.0,380.298419,283.407622,284.356193,386.29841927518873,289.4076224606658,290.35619292403163,2,4,6,48,137.75862216836993
