"codigo_producto","caja_grosor_mm","caja_exterior_largo","caja_exterior_ancho","caja_exterior_alto","caja_interior_largo","caja_interior_ancho","caja_interior_alto","perimetro_caja_m","cantidad_cajas_alto","cantidad_cajas_largo","cantidad_cajas_ancho","cantidad_cajas_total","utilizacion","caja_tipo_id","volumen_producto_canal_servicios_comida","volumen_producto_canal_minorista","volumen_producto_canal_cadenas_corporativas","volumen_producto_canal_otros","volumen_producto_total","volumen_producto_planta_buenos_aires","volumen_producto_planta_curitiba","volumen_producto_planta_santiago","volumen_producto_planta_bakersfield","volumen_producto_planta_monterrey","cantidad_pallets_planta_buenos_aires","cantidad_pallets_planta_curitiba","cantidad_pallets_planta_santiago","cantidad_pallets_planta_monterrey","cantidad_pallets_planta_bakersfield","cantidad_pallets_total","cantidad_productos","volumen_tipo_planta_buenos_aires","volumen_tipo_planta_curitiba","volumen_tipo_planta_santiago","volumen_tipo_planta_monterrey","volumen_tipo_planta_bakersfield","costo_unitario_base","costo_total_base","descuento_planta_buenos_aires","descuento_planta_curitiba","descuento_planta_santiago","descuento_planta_monterrey","descuento_planta_bakersfield","costo_unitario_planta_buenos_aires","costo_unitario_planta_curitiba","costo_unitario_planta_santiago","costo_unitario_planta_monterrey","costo_unitario_planta_bakersfield","costo_por_pallet","costo_total_planta_buenos_aires","costo_total_planta_curitiba","costo_total_planta_santiago","costo_total_planta_monterrey","costo_total_planta_bakersfield","costo_total","costo_pallet_planta_buenos_aires","costo_pallet_planta_curitiba","costo_pallet_planta_santiago","costo_pallet_planta_monterrey","costo_pallet_planta_bakersfield","costo_pallets_total"
"BR0001",3,399.879450675377,299.913580311683,299.899489682015,393.879450675377,293.913580311683,293.899489682015,1.39958606197412,6,2,4,48,0.999075810935959,51,1537892,0,0,8721,1546613,0,1431746,26583,0,88284,0,29829,554,1840,0,32223,18,136782,31428684,9133218,1691766,9687888,0.6,1735944.6,10,-30,-30,-10,-30,0.66,0.42,0.42,0.54,0.42,150,0,601333.32,11164.86,47673.36,0,660171.54,0,4474350,83100,276000,0,4833450
"BR0002",3,399.828921779431,299.877356999302,271.931420790883,393.828921779431,293.877356999302,265.931420790883,1.39941255755747,6,2,4,48,0.905679987311111,48,0,139211,0,0,139211,0,139211,0,0,0,0,2901,0,0,0,2901,14,374374,7437836,18446778,185668,2225328,0.6,1228713.6,0,-30,-30,10,-20,0.6,0.42,0.42,0.66,0.48,150,0,58468.62,0,0,0,58468.62,0,435150,0,0,0,435150
"BR0003",3,399.789976507924,298.39926405273,178.172392210324,393.789976507924,292.39926405273,172.172392210324,1.39637848112131,10,2,4,80,0.984048058693944,44,0,172506,0,0,172506,0,0,0,172506,0,0,0,0,0,2157,2157,8,0,0,849440,0,6262376,0.6,533386.2,10,10,-20,10,-30,0.66,0.66,0.48,0.66,0.42,150,0,0,0,0,72452.52,72452.52,0,0,0,0,323550,323550
"BR0004",3,399.709108395608,299.774039414591,238.891854981838,393.709108395608,293.774039414591,232.891854981838,1.3989662956204,7,2,4,56,0.927649033640618,41,0,271715,0,0,271715,0,0,0,271715,0,0,0,0,0,4853,4853,9,0,6935679,0,879984,8400276,0.6,1081062.6,10,-30,10,-10,-30,0.66,0.42,0.66,0.54,0.42,150,0,0,0,0,114120.3,114120.3,0,0,0,0,727950,727950
"BR0005",3,399.693335084587,299.762924302295,257.100144978147,393.693335084587,293.762924302295,251.100144978147,1.39891251877376,7,2,4,56,0.998277846887019,38,0,7586,0,0,7586,0,7586,0,0,0,0,136,0,0,0,136,28,29084916,14313292,21513156,8963136,15359960,0.6,1912167,-30,-30,-30,-20,-30,0.42,0.42,0.42,0.48,0.42,150,0,3186.12,0,0,0,3186.12,0,20400,0,0,0,20400
"BR0006",3,399.879450675377,299.913580311683,299.899489682015,393.879450675377,293.913580311683,293.899489682015,1.39958606197412,6,2,4,48,0.999075810935959,51,0,6901,0,0,6901,0,6901,0,0,0,0,144,0,0,0,144,18,136782,31428684,9133218,1691766,9687888,0.6,1735944.6,10,-30,-30,-10,-30,0.66,0.42,0.42,0.54,0.42,150,0,2898.42,0,0,0,2898.42,0,21600,0,0,0,21600
"BR0007",3,399.879450675377,299.913580311683,299.899489682015,393.879450675377,293.913580311683,293.899489682015,1.39958606197412,6,2,4,48,0.999075810935959,51,0,46847,0,0,46847,0,46847,0,0,0,0,976,0,0,0,976,18,136782,31428684,9133218,1691766,9687888,0.6,1735944.6,10,-30,-30,-10,-30,0.66,0.42,0.42,0.54,0.42,150,0,19675.74,0,0,0,19675.74,0,146400,0,0,0,146400
"BR0008",3,399.4566572862,299.559680438227,199.726211629175,393.4566572862,293.559680438227,193.726211629175,1.39803267544885,9,2,4,72,0.995810829214127,31,14639,0,0,0,14639,14639,0,0,0,0,204,0,0,0,0,204,26,14612468,14809158,44233852,878410,3754218,0.6,1806648.6,-30,-30,-30,0,-20,0.42,0.42,0.42,0.6,0.48,150,6148.38,0,0,0,0,6148.38,30600,0,0,0,0,30600
"BR0009",3,399.555692758424,299.7087205161,179.217411522359,393.555692758424,293.7087205161,173.217411522359,1.39852882654905,10,2,4,80,0.993580710943846,34,18019,0,0,0,18019,2814,6406,4193,2494,2112,36,81,53,27,32,229,31,29736998,33095755,3208686,10585229,15891313,0.6,1790670.6,-30,-30,-20,-20,-30,0.42,0.42,0.48,0.48,0.42,150,1181.88,2690.52,2012.64,1013.76,1047.48,7946.28,5400,12150,7950,4050,4800,34350
"BR0010",3,398.705408975371,298.983218032755,163.357544839731,392.705408975371,292.983218032755,157.357544839731,1.39537725401625,11,2,4,88,0.991692596752447,13,24339,0,0,0,24339,0,24339,0,0,0,0,277,0,0,0,277,15,2084415,11326320,83385,496680,1066470,0.6,602290.8,-20,-30,10,0,-10,0.48,0.42,0.66,0.6,0.54,150,0,10222.38,0,0,0,10222.38,0,41550,0,0,0,41550
"BR0011",3,399.403325358649,299.531366951489,290.889912118574,393.403325358649,293.531366951489,284.889912118574,1.39786938462028,6,2,4,48,0.966674237571528,30,13433,0,0,0,13433,0,0,13433,0,0,0,0,280,0,0,280,14,15200626,9823324,16858856,0,0,0.6,1794977.4,-30,-30,-30,10,10,0.42,0.42,0.42,0.66,0.66,150,0,0,5641.86,0,0,5641.86,0,0,42000,0,0,42000
"BR0012",3,399.84631838546,299.882265270826,212.352365791362,393.84631838546,293.882265270826,206.352365791362,1.39945716731257,8,2,4,64,0.9430554385762,49,1,281874,0,0,281875,0,0,0,281875,0,0,0,0,0,4405,4405,8,0,6271120,0,0,2359384,0.6,647287.8,10,-30,10,10,-20,0.66,0.42,0.66,0.66,0.48,150,0,0,0,0,135300,135300,0,0,0,0,660750,660750
"BR0013",3,399.709108395608,299.774039414591,238.891854981838,393.709108395608,293.774039414591,232.891854981838,1.3989662956204,7,2,4,56,0.927649033640618,41,1,153251,0,0,153252,0,153252,0,0,0,0,2737,0,0,0,2737,9,0,6935679,0,879984,8400276,0.6,1081062.6,10,-30,10,-10,-30,0.66,0.42,0.66,0.54,0.42,150,0,64365.84,0,0,0,64365.84,0,410550,0,0,0,410550
"BR0014",3,399.288142989791,299.489681815439,249.106387964785,393.288142989791,293.489681815439,243.106387964785,1.39755564961046,7,2,4,56,0.965378076026621,27,1,56318,0,0,56319,0,0,0,56319,0,0,0,0,0,1006,1006,8,0,0,4619800,0,4011408,0.6,647340.6,10,10,-30,10,-30,0.66,0.66,0.42,0.66,0.42,150,0,0,0,0,23653.98,23653.98,0,0,0,0,150900,150900
"BR0015",3,399.288142989791,299.489681815439,249.106387964785,393.288142989791,293.489681815439,243.106387964785,1.39755564961046,7,2,4,56,0.965378076026621,27,0,30861,0,50,30911,0,0,0,30911,0,0,0,0,0,552,552,8,0,0,4619800,0,4011408,0.6,647340.6,10,10,-30,10,-30,0.66,0.66,0.42,0.66,0.42,150,0,0,0,0,12982.62,12982.62,0,0,0,0,82800,82800
"BR0016",3,399.288142989791,299.489681815439,249.106387964785,393.288142989791,293.489681815439,243.106387964785,1.39755564961046,7,2,4,56,0.965378076026621,27,0,30466,0,0,30466,0,0,0,30466,0,0,0,0,0,545,545,8,0,0,4619800,0,4011408,0.6,647340.6,10,10,-30,10,-30,0.66,0.66,0.42,0.66,0.42,150,0,0,0,0,12795.72,12795.72,0,0,0,0,81750,81750
"BR0017",3,399.709108395608,299.774039414591,238.891854981838,393.709108395608,293.774039414591,232.891854981838,1.3989662956204,7,2,4,56,0.927649033640618,41,1,131798,0,0,131799,0,131799,0,0,0,0,2354,0,0,0,2354,9,0,6935679,0,879984,8400276,0.6,1081062.6,10,-30,10,-10,-30,0.66,0.42,0.66,0.54,0.42,150,0,55355.58,0,0,0,55355.58,0,353100,0,0,0,353100
"BR0018",3,399.879450675377,299.913580311683,299.899489682015,393.879450675377,293.913580311683,293.899489682015,1.39958606197412,6,2,4,48,0.999075810935959,51,1,181570,0,0,181571,0,0,0,181571,0,0,0,0,0,3783,3783,18,136782,31428684,9133218,1691766,9687888,0.6,1735944.6,10,-30,-30,-10,-30,0.66,0.42,0.42,0.54,0.42,150,0,0,0,0,76259.82,76259.82,0,0,0,0,567450,567450
"BR0019",3,399.926643810439,277.254614848935,255.936472350173,393.926643810439,271.254614848935,249.936472350173,1.35436251731875,7,2,4,56,0.919677561683307,56,0,1447,0,0,1447,0,1447,0,0,0,0,26,0,0,0,26,20,3032900,39372600,14009120,29426500,20363600,0.6,3186141.6,-20,-30,-30,-30,-30,0.48,0.42,0.42,0.42,0.42,150,0,607.74,0,0,0,607.74,0,3900,0,0,0,3900
"BR0020",3,398.579922309114,276.660762454932,199.633529189483,392.579922309114,270.660762454932,193.633529189483,1.35048136952809,9,2,4,72,0.917244740936732,11,91699,0,0,0,91699,70380,0,0,0,21319,978,0,0,297,0,1275,14,1653176,23126782,5354454,10334100,0,0.6,1734364.8,-20,-30,-20,-30,10,0.48,0.42,0.48,0.42,0.66,150,33782.4,0,0,8953.98,0,42736.38,146700,0,0,44550,0,191250
"BR0021",3,399.79411415875,239.950962354025,215.483884683226,393.79411415875,233.950962354025,209.483884683226,1.27949015302555,8,2,5,80,0.957017627627729,45,40184,0,0,0,40184,40184,0,0,0,0,503,0,0,0,0,503,5,3997110,514185,0,1234415,0,0.6,689485.2,-30,-20,10,-20,10,0.42,0.48,0.66,0.48,0.66,150,16877.28,0,0,0,0,16877.28,75450,0,0,0,0,75450
"BR0022",3,399.379355375369,273.94279801479,224.900112316767,393.379355375369,267.94279801479,218.900112316767,1.34664430678032,8,2,4,64,0.911321060986652,28,14747,0,0,0,14747,14747,0,0,0,0,231,0,0,0,0,231,21,3772230,41724522,10938375,41193306,20265210,0.6,3368389.8,-20,-30,-30,-30,-30,0.48,0.42,0.42,0.42,0.42,150,7078.56,0,0,0,0,7078.56,34650,0,0,0,0,34650
"BR0023",3,398.816671857971,269.672587953179,179.323471288646,392.816671857971,263.672587953179,173.323471288646,1.3369785196223,10,2,4,80,0.892880819994613,17,13807,0,0,0,13807,0,13807,0,0,0,0,173,0,0,0,173,7,37891,3532942,1166893,28441,447874,0.6,446917.8,10,-30,-20,10,-10,0.66,0.42,0.48,0.66,0.54,150,0,5798.94,0,0,0,5798.94,0,25950,0,0,0,25950
"BR0024",3,399.707692424025,269.789457249705,252.609612684429,393.707692424025,263.789457249705,246.609612684429,1.33899429934746,7,2,4,56,0.882798614033888,40,3004,0,0,0,3004,0,0,3004,0,0,0,0,54,0,0,54,10,680,5815640,5053100,510,610,0.6,652232.4,10,-30,-30,10,10,0.66,0.42,0.42,0.66,0.66,150,0,0,1261.68,0,0,1261.68,0,0,8100,0,0,8100
"BR0025",3,399.555692758424,299.7087205161,179.217411522359,393.555692758424,293.7087205161,173.217411522359,1.39852882654905,10,2,4,80,0.993580710943846,34,59324,78002,1926,639,139891,44072,0,0,0,95819,551,0,0,1198,0,1749,31,29736998,33095755,3208686,10585229,15891313,0.6,1790670.6,-30,-30,-20,-20,-30,0.42,0.42,0.48,0.48,0.42,150,18510.24,0,0,45993.12,0,64503.36,82650,0,0,179700,0,262350
"BR0026",3,399.464172072871,299.587905218947,219.748735251768,393.464172072871,293.587905218947,213.748735251768,1.39810415458364,8,2,4,64,0.974012947325199,32,109226,0,0,0,109226,68302,0,0,0,40924,1068,0,0,640,0,1708,25,13163925,24203000,19799650,1645275,2645925,0.6,1474986.6,-30,-30,-30,-10,-20,0.42,0.42,0.42,0.54,0.48,150,28686.84,0,0,22098.96,0,50785.8,160200,0,0,96000,0,256200
"BR0027",3,399.555692758424,299.7087205161,179.217411522359,393.555692758424,293.7087205161,173.217411522359,1.39852882654905,10,2,4,80,0.993580710943846,34,82289,0,0,0,82289,82289,0,0,0,0,1029,0,0,0,0,1029,31,29736998,33095755,3208686,10585229,15891313,0.6,1790670.6,-30,-30,-20,-20,-30,0.42,0.42,0.48,0.48,0.42,150,34561.38,0,0,0,0,34561.38,154350,0,0,0,0,154350
"BR0028",3,399.464172072871,299.587905218947,219.748735251768,393.464172072871,293.587905218947,213.748735251768,1.39810415458364,8,2,4,64,0.974012947325199,32,3136,0,0,0,3136,3136,0,0,0,0,49,0,0,0,0,49,25,13163925,24203000,19799650,1645275,2645925,0.6,1474986.6,-30,-30,-30,-10,-20,0.42,0.42,0.42,0.54,0.48,150,1317.12,0,0,0,0,1317.12,7350,0,0,0,0,7350
"BR0029",3,399.555692758424,299.7087205161,179.217411522359,393.555692758424,293.7087205161,173.217411522359,1.39852882654905,10,2,4,80,0.993580710943846,34,86631,0,0,0,86631,86631,0,0,0,0,1083,0,0,0,0,1083,31,29736998,33095755,3208686,10585229,15891313,0.6,1790670.6,-30,-30,-20,-20,-30,0.42,0.42,0.48,0.48,0.42,150,36385.02,0,0,0,0,36385.02,162450,0,0,0,0,162450
"BR0030",3,399.555692758424,299.7087205161,179.217411522359,393.555692758424,293.7087205161,173.217411522359,1.39852882654905,10,2,4,80,0.993580710943846,34,0,22233,0,6900,29133,0,29133,0,0,0,0,365,0,0,0,365,31,29736998,33095755,3208686,10585229,15891313,0.6,1790670.6,-30,-30,-20,-20,-30,0.42,0.42,0.48,0.48,0.42,150,0,12235.86,0,0,0,12235.86,0,54750,0,0,0,54750
"BR0031",3,399.555692758424,299.7087205161,179.217411522359,393.555692758424,293.7087205161,173.217411522359,1.39852882654905,10,2,4,80,0.993580710943846,34,13965,0,0,0,13965,13965,0,0,0,0,175,0,0,0,0,175,31,29736998,33095755,3208686,10585229,15891313,0.6,1790670.6,-30,-30,-20,-20,-30,0.42,0.42,0.48,0.48,0.42,150,5865.3,0,0,0,0,5865.3,26250,0,0,0,0,26250
"BR0032",3,398.705408975371,298.983218032755,163.357544839731,392.705408975371,292.983218032755,157.357544839731,1.39537725401625,11,2,4,88,0.991692596752447,13,14194,0,0,0,14194,14194,0,0,0,0,162,0,0,0,0,162,15,2084415,11326320,83385,496680,1066470,0.6,602290.8,-20,-30,10,0,-10,0.48,0.42,0.66,0.6,0.54,150,6813.12,0,0,0,0,6813.12,24300,0,0,0,0,24300
"BR0033",3,399.4566572862,299.559680438227,199.726211629175,393.4566572862,293.559680438227,193.726211629175,1.39803267544885,9,2,4,72,0.995810829214127,31,41585,23378,0,0,64963,64963,0,0,0,0,903,0,0,0,0,903,26,14612468,14809158,44233852,878410,3754218,0.6,1806648.6,-30,-30,-30,0,-20,0.42,0.42,0.42,0.6,0.48,150,27284.46,0,0,0,0,27284.46,135450,0,0,0,0,135450
"BR0034",3,399.259674904599,239.837820648833,196.052733420557,393.259674904599,233.837820648833,190.052733420557,1.27819499110686,9,2,5,90,0.977788198095524,26,0,730326,0,0,730326,0,617364,112962,0,0,0,6860,1256,0,0,8116,3,0,2047293,544641,0,0,0.6,518386.8,10,-30,-20,10,10,0.66,0.42,0.48,0.66,0.66,150,0,259292.88,54221.76,0,0,313514.64,0,1029000,188400,0,0,1217400
"BR0035",3,399.987041795387,299.989934108923,224.995748919131,393.987041795387,293.989934108923,218.995748919131,1.39995395180862,8,2,4,64,0.999915160158415,57,15862,0,0,0,15862,15862,0,0,0,0,248,0,0,0,0,248,11,387563,6356361,9581121,3509,3564,0.6,890842.8,0,-30,-30,10,10,0.6,0.42,0.42,0.66,0.66,150,9517.2,0,0,0,0,9517.2,37200,0,0,0,0,37200
"BR0036",3,398.705408975371,298.983218032755,163.357544839731,392.705408975371,292.983218032755,157.357544839731,1.39537725401625,11,2,4,88,0.991692596752447,13,27685,0,0,0,27685,11088,0,0,0,16597,126,0,0,189,0,315,15,2084415,11326320,83385,496680,1066470,0.6,602290.8,-20,-30,10,0,-10,0.48,0.42,0.66,0.6,0.54,150,5322.24,0,0,9958.2,0,15280.44,18900,0,0,28350,0,47250
"BR0037",3,399.926643810439,277.254614848935,255.936472350173,393.926643810439,271.254614848935,249.936472350173,1.35436251731875,7,2,4,56,0.919677561683307,56,3201,0,62939,0,66140,0,0,66140,0,0,0,0,1182,0,0,1182,20,3032900,39372600,14009120,29426500,20363600,0.6,3186141.6,-20,-30,-30,-30,-30,0.48,0.42,0.42,0.42,0.42,150,0,0,27778.8,0,0,27778.8,0,0,177300,0,0,177300
"BR0038",3,398.892297950046,276.87044157952,246.125229701704,392.892297950046,270.87044157952,240.125229701704,1.35152547905913,7,2,4,56,0.880912286746608,19,31584,0,0,0,31584,0,31584,0,0,0,0,564,0,0,0,564,4,0,2705300,0,0,0,0.6,405795,10,-30,10,10,10,0.66,0.42,0.66,0.66,0.66,150,0,13265.28,0,0,0,13265.28,0,84600,0,0,0,84600
"BR0039",3,399.926643810439,277.254614848935,255.936472350173,393.926643810439,271.254614848935,249.936472350173,1.35436251731875,7,2,4,56,0.919677561683307,56,23517,0,6,0,23523,0,23523,0,0,0,0,421,0,0,0,421,20,3032900,39372600,14009120,29426500,20363600,0.6,3186141.6,-20,-30,-30,-30,-30,0.48,0.42,0.42,0.42,0.42,150,0,9879.66,0,0,0,9879.66,0,63150,0,0,0,63150
"BR0040",3,399.926643810439,277.254614848935,255.936472350173,393.926643810439,271.254614848935,249.936472350173,1.35436251731875,7,2,4,56,0.919677561683307,56,0,0,12725,0,12725,0,12725,0,0,0,0,228,0,0,0,228,20,3032900,39372600,14009120,29426500,20363600,0.6,3186141.6,-20,-30,-30,-30,-30,0.48,0.42,0.42,0.42,0.42,150,0,5344.5,0,0,0,5344.5,0,34200,0,0,0,34200
"BR0041",3,398.892297950046,276.87044157952,246.125229701704,392.892297950046,270.87044157952,240.125229701704,1.35152547905913,7,2,4,56,0.880912286746608,19,0,0,43428,0,43428,0,43428,0,0,0,0,776,0,0,0,776,4,0,2705300,0,0,0,0.6,405795,10,-30,10,10,10,0.66,0.42,0.66,0.66,0.66,150,0,18239.76,0,0,0,18239.76,0,116400,0,0,0,116400
"BR0042",3,398.579922309114,276.660762454932,199.633529189483,392.579922309114,270.660762454932,193.633529189483,1.35048136952809,9,2,4,72,0.917244740936732,11,31809,0,0,0,31809,0,31809,0,0,0,0,442,0,0,0,442,14,1653176,23126782,5354454,10334100,0,0.6,1734364.8,-20,-30,-20,-30,10,0.48,0.42,0.48,0.42,0.66,150,0,13359.78,0,0,0,13359.78,0,66300,0,0,0,66300
"BR0043",3,396.08834787281,239.458388343332,157.416841079885,390.08834787281,233.458388343332,151.416841079885,1.27109347243228,11,2,5,110,0.950434651711263,4,11771,0,0,0,11771,11771,0,0,0,0,108,0,0,0,0,108,6,217344,0,0,0,0,0.6,21734.4,0,10,10,10,10,0.6,0.66,0.66,0.66,0.66,150,7062.6,0,0,0,0,7062.6,16200,0,0,0,0,16200
"BR0044",3,396.08834787281,239.458388343332,157.416841079885,390.08834787281,233.458388343332,151.416841079885,1.27109347243228,11,2,5,110,0.950434651711263,4,2256,0,0,0,2256,2256,0,0,0,0,21,0,0,0,0,21,6,217344,0,0,0,0,0.6,21734.4,0,10,10,10,10,0.6,0.66,0.66,0.66,0.66,150,1353.6,0,0,0,0,1353.6,3150,0,0,0,0,3150
"BR0045",3,393.138873425588,193.891399902552,148.617418992871,387.138873425588,187.891399902552,142.617418992871,1.17406054665628,12,2,6,144,0.944045668166689,1,13225,0,0,0,13225,13225,0,0,0,0,92,0,0,0,0,92,2,41870,0,0,0,0,0.6,12561,0,10,10,10,10,0.6,0.66,0.66,0.66,0.66,150,7935,0,0,0,0,7935,13800,0,0,0,0,13800
"BR0046",3,396.08834787281,239.458388343332,157.416841079885,390.08834787281,233.458388343332,151.416841079885,1.27109347243228,11,2,5,110,0.950434651711263,4,8665,0,0,0,8665,8665,0,0,0,0,79,0,0,0,0,79,6,217344,0,0,0,0,0.6,21734.4,0,10,10,10,10,0.6,0.66,0.66,0.66,0.66,150,5199,0,0,0,0,5199,11850,0,0,0,0,11850
"BR0047",3,396.08834787281,239.458388343332,157.416841079885,390.08834787281,233.458388343332,151.416841079885,1.27109347243228,11,2,5,110,0.950434651711263,4,2166,0,0,0,2166,2166,0,0,0,0,20,0,0,0,0,20,6,217344,0,0,0,0,0.6,21734.4,0,10,10,10,10,0.6,0.66,0.66,0.66,0.66,150,1299.6,0,0,0,0,1299.6,3000,0,0,0,0,3000
"BR0048",3,399.379355375369,273.94279801479,224.900112316767,393.379355375369,267.94279801479,218.900112316767,1.34664430678032,8,2,4,64,0.911321060986652,28,133,28,59,2,222,35,79,51,31,26,1,2,1,1,1,6,21,3772230,41724522,10938375,41193306,20265210,0.6,3368389.8,-20,-30,-30,-30,-30,0.48,0.42,0.42,0.42,0.42,150,16.8,33.18,21.42,10.92,13.02,95.34,150,300,150,150,150,900
"BR0049",3,396.736060465176,239.523320860284,264.159669960407,390.736060465176,233.523320860284,258.159669960407,1.27251876265092,6,2,5,60,0.871612613269493,5,4328,0,0,0,4328,4328,0,0,0,0,73,0,0,0,0,73,5,437365,0,0,0,0,0.6,52483.8,-10,10,10,10,10,0.54,0.66,0.66,0.66,0.66,150,2337.12,0,0,0,0,2337.12,10950,0,0,0,0,10950
"BR0050",3,399.091067535497,239.867256980065,233.07956154354,393.091067535497,233.867256980065,227.07956154354,1.27791664903112,7,2,5,70,0.903860631245766,24,9242,0,0,0,9242,9242,0,0,0,0,133,0,0,0,0,133,8,251720,1068736,3557680,544936,997144,0.6,481516.2,0,-20,-20,-10,-20,0.6,0.48,0.48,0.54,0.48,150,5545.2,0,0,0,0,5545.2,19950,0,0,0,0,19950
"BR0051",3,399.379355375369,273.94279801479,224.900112316767,393.379355375369,267.94279801479,218.900112316767,1.34664430678032,8,2,4,64,0.911321060986652,28,135,28,60,2,225,35,80,52,31,27,1,2,1,1,1,6,21,3772230,41724522,10938375,41193306,20265210,0.6,3368389.8,-20,-30,-30,-30,-30,0.48,0.42,0.42,0.42,0.42,150,16.8,33.6,21.84,11.34,13.02,96.6,150,300,150,150,150,900
"BR0052",3,399.644347892194,239.933489959603,250.37433488558,393.644347892194,233.933489959603,244.37433488558,1.27915567570359,7,2,5,70,0.972542651688049,37,68844,0,0,0,68844,68844,0,0,0,0,984,0,0,0,0,984,7,1177134,152922,147007,50407,59535,0.6,136029,-20,0,0,10,10,0.48,0.6,0.6,0.66,0.66,150,33045.12,0,0,0,0,33045.12,147600,0,0,0,0,147600
"BR0053",3,399.091067535497,239.867256980065,233.07956154354,393.091067535497,233.867256980065,227.07956154354,1.27791664903112,7,2,5,70,0.903860631245766,24,2320,0,0,0,2320,2320,0,0,0,0,34,0,0,0,0,34,8,251720,1068736,3557680,544936,997144,0.6,481516.2,0,-20,-20,-10,-20,0.6,0.48,0.48,0.54,0.48,150,1392,0,0,0,0,1392,5100,0,0,0,0,5100
"BR0054",3,396.736060465176,239.523320860284,264.159669960407,390.736060465176,233.523320860284,258.159669960407,1.27251876265092,6,2,5,60,0.871612613269493,5,42687,0,0,0,42687,42687,0,0,0,0,712,0,0,0,0,712,5,437365,0,0,0,0,0.6,52483.8,-10,10,10,10,10,0.54,0.66,0.66,0.66,0.66,150,23050.98,0,0,0,0,23050.98,106800,0,0,0,0,106800
"BR0055",3,399.644347892194,239.933489959603,250.37433488558,393.644347892194,233.933489959603,244.37433488558,1.27915567570359,7,2,5,70,0.972542651688049,37,74368,0,0,0,74368,74368,0,0,0,0,1063,0,0,0,0,1063,7,1177134,152922,147007,50407,59535,0.6,136029,-20,0,0,10,10,0.48,0.6,0.6,0.66,0.66,150,35696.64,0,0,0,0,35696.64,159450,0,0,0,0,159450
"BR0056",3,399.644347892194,239.933489959603,250.37433488558,393.644347892194,233.933489959603,244.37433488558,1.27915567570359,7,2,5,70,0.972542651688049,37,15355,0,0,0,15355,15355,0,0,0,0,220,0,0,0,0,220,7,1177134,152922,147007,50407,59535,0.6,136029,-20,0,0,10,10,0.48,0.6,0.6,0.66,0.66,150,7370.4,0,0,0,0,7370.4,33000,0,0,0,0,33000
"BR0057",3,399.555282378015,238.973500554299,244.125950324208,393.555282378015,232.973500554299,238.125950324208,1.27705756586463,7,2,5,70,0.944267127028848,33,23499,0,0,0,23499,23499,0,0,0,0,336,0,0,0,0,336,12,1379580,1519512,645816,0,0,0.6,177245.4,-20,-20,-10,10,10,0.48,0.48,0.54,0.66,0.66,150,11279.52,0,0,0,0,11279.52,50400,0,0,0,0,50400
"BR0058",3,393.138873425588,193.891399902552,148.617418992871,387.138873425588,187.891399902552,142.617418992871,1.17406054665628,12,2,6,144,0.944045668166689,1,7710,0,0,0,7710,7710,0,0,0,0,54,0,0,0,0,54,2,41870,0,0,0,0,0.6,12561,0,10,10,10,10,0.6,0.66,0.66,0.66,0.66,150,4626,0,0,0,0,4626,8100,0,0,0,0,8100
"BR0059",3,396.736060465176,239.523320860284,264.159669960407,390.736060465176,233.523320860284,258.159669960407,1.27251876265092,6,2,5,60,0.871612613269493,5,4286,0,0,0,4286,4286,0,0,0,0,72,0,0,0,0,72,5,437365,0,0,0,0,0.6,52483.8,-10,10,10,10,10,0.54,0.66,0.66,0.66,0.66,150,2314.44,0,0,0,0,2314.44,10800,0,0,0,0,10800
"BR0060",3,399.555282378015,238.973500554299,244.125950324208,393.555282378015,232.973500554299,238.125950324208,1.27705756586463,7,2,5,70,0.944267127028848,33,28971,0,0,0,28971,28971,0,0,0,0,414,0,0,0,0,414,12,1379580,1519512,645816,0,0,0.6,177245.4,-20,-20,-10,10,10,0.48,0.48,0.54,0.66,0.66,150,13906.08,0,0,0,0,13906.08,62100,0,0,0,0,62100
"BR0061",3,399.555282378015,238.973500554299,244.125950324208,393.555282378015,232.973500554299,238.125950324208,1.27705756586463,7,2,5,70,0.944267127028848,33,4504,0,0,0,4504,4504,0,0,0,0,65,0,0,0,0,65,12,1379580,1519512,645816,0,0,0.6,177245.4,-20,-20,-10,10,10,0.48,0.48,0.54,0.66,0.66,150,2161.92,0,0,0,0,2161.92,9750,0,0,0,0,9750
"BR0062",3,399.555282378015,238.973500554299,244.125950324208,393.555282378015,232.973500554299,238.125950324208,1.27705756586463,7,2,5,70,0.944267127028848,33,6025,0,0,0,6025,6025,0,0,0,0,87,0,0,0,0,87,12,1379580,1519512,645816,0,0,0.6,177245.4,-20,-20,-10,10,10,0.48,0.48,0.54,0.66,0.66,150,2892,0,0,0,0,2892,13050,0,0,0,0,13050
"BR0063",3,399.555282378015,238.973500554299,244.125950324208,393.555282378015,232.973500554299,238.125950324208,1.27705756586463,7,2,5,70,0.944267127028848,33,11555,0,0,0,11555,11555,0,0,0,0,166,0,0,0,0,166,12,1379580,1519512,645816,0,0,0.6,177245.4,-20,-20,-10,10,10,0.48,0.48,0.54,0.66,0.66,150,5546.4,0,0,0,0,5546.4,24900,0,0,0,0,24900
"BR0064",3,396.736060465176,239.523320860284,264.159669960407,390.736060465176,233.523320860284,258.159669960407,1.27251876265092,6,2,5,60,0.871612613269493,5,14837,0,0,0,14837,14837,0,0,0,0,248,0,0,0,0,248,5,437365,0,0,0,0,0.6,52483.8,-10,10,10,10,10,0.54,0.66,0.66,0.66,0.66,150,8011.98,0,0,0,0,8011.98,37200,0,0,0,0,37200
"BR0065",3,399.789976507924,298.39926405273,178.172392210324,393.789976507924,292.39926405273,172.172392210324,1.39637848112131,10,2,4,80,0.984048058693944,44,96294,0,0,0,96294,0,0,0,96294,0,0,0,0,0,1204,1204,8,0,0,849440,0,6262376,0.6,533386.2,10,10,-20,10,-30,0.66,0.66,0.48,0.66,0.42,150,0,0,0,0,40443.48,40443.48,0,0,0,0,180600,180600
"BR0066",3,398.705408975371,298.983218032755,163.357544839731,392.705408975371,292.983218032755,157.357544839731,1.39537725401625,11,2,4,88,0.991692596752447,13,59101,0,0,0,59101,0,0,0,59101,0,0,0,0,0,672,672,15,2084415,11326320,83385,496680,1066470,0.6,602290.8,-20,-30,10,0,-10,0.48,0.42,0.66,0.6,0.54,150,0,0,0,0,31914.54,31914.54,0,0,0,0,100800,100800
"BR0067",3,399.926643810439,277.254614848935,255.936472350173,393.926643810439,271.254614848935,249.936472350173,1.35436251731875,7,2,4,56,0.919677561683307,56,0,17211,0,0,17211,0,17211,0,0,0,0,308,0,0,0,308,20,3032900,39372600,14009120,29426500,20363600,0.6,3186141.6,-20,-30,-30,-30,-30,0.48,0.42,0.42,0.42,0.42,150,0,7228.62,0,0,0,7228.62,0,46200,0,0,0,46200
"BR0068",3,399.464172072871,299.587905218947,219.748735251768,393.464172072871,293.587905218947,213.748735251768,1.39810415458364,8,2,4,64,0.974012947325199,32,0,40139,0,0,40139,0,0,40139,0,0,0,0,628,0,0,628,25,13163925,24203000,19799650,1645275,2645925,0.6,1474986.6,-30,-30,-30,-10,-20,0.42,0.42,0.42,0.54,0.48,150,0,0,16858.38,0,0,16858.38,0,0,94200,0,0,94200
"BR0069",3,399.379355375369,273.94279801479,224.900112316767,393.379355375369,267.94279801479,218.900112316767,1.34664430678032,8,2,4,64,0.911321060986652,28,50453,0,0,0,50453,0,7848,0,0,42605,0,123,0,666,0,789,21,3772230,41724522,10938375,41193306,20265210,0.6,3368389.8,-20,-30,-30,-30,-30,0.48,0.42,0.42,0.42,0.42,150,0,3296.16,0,17894.1,0,21190.26,0,18450,0,99900,0,118350
"BR0070",3,398.579922309114,276.660762454932,199.633529189483,392.579922309114,270.660762454932,193.633529189483,1.35048136952809,9,2,4,72,0.917244740936732,11,34374,0,0,0,34374,0,11465,0,0,22909,0,160,0,319,0,479,14,1653176,23126782,5354454,10334100,0,0.6,1734364.8,-20,-30,-20,-30,10,0.48,0.42,0.48,0.42,0.66,150,0,4815.3,0,9621.78,0,14437.08,0,24000,0,47850,0,71850
"BR0071",3,399.379355375369,273.94279801479,224.900112316767,393.379355375369,267.94279801479,218.900112316767,1.34664430678032,8,2,4,64,0.911321060986652,28,0,38905,0,0,38905,38905,0,0,0,0,608,0,0,0,0,608,21,3772230,41724522,10938375,41193306,20265210,0.6,3368389.8,-20,-30,-30,-30,-30,0.48,0.42,0.42,0.42,0.42,150,18674.4,0,0,0,0,18674.4,91200,0,0,0,0,91200
"BR0072",3,399.379355375369,273.94279801479,224.900112316767,393.379355375369,267.94279801479,218.900112316767,1.34664430678032,8,2,4,64,0.911321060986652,28,0,41795,0,0,41795,41795,0,0,0,0,654,0,0,0,0,654,21,3772230,41724522,10938375,41193306,20265210,0.6,3368389.8,-20,-30,-30,-30,-30,0.48,0.42,0.42,0.42,0.42,150,20061.6,0,0,0,0,20061.6,98100,0,0,0,0,98100
"BR0073",3,399.789976507924,298.39926405273,178.172392210324,393.789976507924,292.39926405273,172.172392210324,1.39637848112131,10,2,4,80,0.984048058693944,44,0,28834,0,0,28834,0,0,0,28834,0,0,0,0,0,361,361,8,0,0,849440,0,6262376,0.6,533386.2,10,10,-20,10,-30,0.66,0.66,0.48,0.66,0.42,150,0,0,0,0,12110.28,12110.28,0,0,0,0,54150,54150
"BR0074",3,399.693335084587,299.762924302295,257.100144978147,393.693335084587,293.762924302295,251.100144978147,1.39891251877376,7,2,4,56,0.998277846887019,38,0,26579,0,0,26579,0,26579,0,0,0,0,475,0,0,0,475,28,29084916,14313292,21513156,8963136,15359960,0.6,1912167,-30,-30,-30,-20,-30,0.42,0.42,0.42,0.48,0.42,150,0,11163.18,0,0,0,11163.18,0,71250,0,0,0,71250
"BR0075",3,399.828921779431,299.877356999302,271.931420790883,393.828921779431,293.877356999302,265.931420790883,1.39941255755747,6,2,4,48,0.905679987311111,48,0,21503,0,0,21503,0,21503,0,0,0,0,448,0,0,0,448,14,374374,7437836,18446778,185668,2225328,0.6,1228713.6,0,-30,-30,10,-20,0.6,0.42,0.42,0.66,0.48,150,0,9031.26,0,0,0,9031.26,0,67200,0,0,0,67200
"BR0076",3,398.816671857971,269.672587953179,179.323471288646,392.816671857971,263.672587953179,173.323471288646,1.3369785196223,10,2,4,80,0.892880819994613,17,34665,0,0,0,34665,5413,12325,8066,4798,4063,68,155,101,51,60,435,7,37891,3532942,1166893,28441,447874,0.6,446917.8,10,-30,-20,10,-10,0.66,0.42,0.48,0.66,0.54,150,3572.58,5176.5,3871.68,2681.58,2590.92,17893.26,10200,23250,15150,7650,9000,65250
"BR0077",3,399.397607007077,299.568154721256,255.904557806744,393.397607007077,293.568154721256,249.904557806744,1.39793152345667,7,2,4,56,0.992255266339286,29,668048,0,214076,0,882124,0,0,882124,0,0,0,0,15753,0,0,15753,2,0,0,2678974,0,0,0.6,803692.2,10,10,-30,10,10,0.66,0.66,0.42,0.66,0.66,150,0,0,370492.08,0,0,370492.08,0,0,2362950,0,0,2362950
"BR0078",3,399.828921779431,299.877356999302,271.931420790883,393.828921779431,293.877356999302,265.931420790883,1.39941255755747,6,2,4,48,0.905679987311111,48,9556,0,1144369,0,1153925,0,0,1153925,0,0,0,0,24041,0,0,24041,14,374374,7437836,18446778,185668,2225328,0.6,1228713.6,0,-30,-30,10,-20,0.6,0.42,0.42,0.66,0.48,150,0,0,484648.5,0,0,484648.5,0,0,3606150,0,0,3606150
"BR0079",3,399.926643810439,277.254614848935,255.936472350173,393.926643810439,271.254614848935,249.936472350173,1.35436251731875,7,2,4,56,0.919677561683307,56,0,34751,0,0,34751,0,0,34751,0,0,0,0,621,0,0,621,20,3032900,39372600,14009120,29426500,20363600,0.6,3186141.6,-20,-30,-30,-30,-30,0.48,0.42,0.42,0.42,0.42,150,0,0,14595.42,0,0,14595.42,0,0,93150,0,0,93150
"BR0080",3,397.509154021161,276.418918157633,290.666922283448,391.509154021161,270.418918157633,284.666922283448,1.34785614435759,6,2,4,48,0.88717237160278,8,0,25092,0,0,25092,0,0,25092,0,0,0,0,523,0,0,523,7,92043,872844,4159729,69076,916881,0.6,523763.4,10,-20,-30,10,-20,0.66,0.48,0.42,0.66,0.48,150,0,0,10538.64,0,0,10538.64,0,0,78450,0,0,78450
"BR0081",3,399.877441753675,277.234396359934,298.438073667139,393.877441753675,271.234396359934,292.438073667139,1.35422367622722,6,2,4,48,0.919021653979895,50,0,4121,0,0,4121,0,4121,0,0,0,0,86,0,0,0,86,9,0,9281511,4539762,0,0,0.6,921418.2,10,-30,-30,10,10,0.66,0.42,0.42,0.66,0.66,150,0,1730.82,0,0,0,1730.82,0,12900,0,0,0,12900
"BR0082",3,399.403325358649,299.531366951489,290.889912118574,393.403325358649,293.531366951489,284.889912118574,1.39786938462028,6,2,4,48,0.966674237571528,30,0,39328,0,0,39328,0,4555,34773,0,0,0,95,725,0,0,820,14,15200626,9823324,16858856,0,0,0.6,1794977.4,-30,-30,-30,10,10,0.42,0.42,0.42,0.66,0.66,150,0,1913.1,14604.66,0,0,16517.76,0,14250,108750,0,0,123000
"BR0083",3,399.828921779431,299.877356999302,271.931420790883,393.828921779431,293.877356999302,265.931420790883,1.39941255755747,6,2,4,48,0.905679987311111,48,0,70617,0,0,70617,0,0,70617,0,0,0,0,1472,0,0,1472,14,374374,7437836,18446778,185668,2225328,0.6,1228713.6,0,-30,-30,10,-20,0.6,0.42,0.42,0.66,0.48,150,0,0,29659.14,0,0,29659.14,0,0,220800,0,0,220800
"BR0084",3,399.926643810439,277.254614848935,255.936472350173,393.926643810439,271.254614848935,249.936472350173,1.35436251731875,7,2,4,56,0.919677561683307,56,0,24454,0,0,24454,0,0,24454,0,0,0,0,437,0,0,437,20,3032900,39372600,14009120,29426500,20363600,0.6,3186141.6,-20,-30,-30,-30,-30,0.48,0.42,0.42,0.42,0.42,150,0,0,10270.68,0,0,10270.68,0,0,65550,0,0,65550
"BR0085",3,397.509154021161,276.418918157633,290.666922283448,391.509154021161,270.418918157633,284.666922283448,1.34785614435759,6,2,4,48,0.88717237160278,8,0,17199,0,0,17199,0,2066,15133,0,0,0,44,316,0,0,360,7,92043,872844,4159729,69076,916881,0.6,523763.4,10,-20,-30,10,-20,0.66,0.48,0.42,0.66,0.48,150,0,991.68,6355.86,0,0,7347.54,0,6600,47400,0,0,54000
"BR0086",3,399.555282378015,238.973500554299,244.125950324208,393.555282378015,232.973500554299,238.125950324208,1.27705756586463,7,2,5,70,0.944267127028848,33,0,32651,0,0,32651,0,0,32651,0,0,0,0,467,0,0,467,12,1379580,1519512,645816,0,0,0.6,177245.4,-20,-20,-10,10,10,0.48,0.48,0.54,0.66,0.66,150,0,0,17631.54,0,0,17631.54,0,0,70050,0,0,70050
"BR0087",3,399.091067535497,239.867256980065,233.07956154354,393.091067535497,233.867256980065,227.07956154354,1.27791664903112,7,2,5,70,0.903860631245766,24,0,16019,0,0,16019,0,16019,0,0,0,0,229,0,0,0,229,8,251720,1068736,3557680,544936,997144,0.6,481516.2,0,-20,-20,-10,-20,0.6,0.48,0.48,0.54,0.48,150,0,7689.12,0,0,0,7689.12,0,34350,0,0,0,34350
"BR0088",3,399.707692424025,269.789457249705,252.609612684429,393.707692424025,263.789457249705,246.609612684429,1.33899429934746,7,2,4,56,0.882798614033888,40,0,10654,0,0,10654,0,0,10654,0,0,0,0,191,0,0,191,10,680,5815640,5053100,510,610,0.6,652232.4,10,-30,-30,10,10,0.66,0.42,0.42,0.66,0.66,150,0,0,4474.68,0,0,4474.68,0,0,28650,0,0,28650
"BR0089",3,397.471079795313,239.630666481262,254.209749977919,391.471079795313,233.630666481262,248.209749977919,1.27420349255315,7,2,5,70,0.980831569193078,7,33240,0,0,0,33240,0,33240,0,0,0,0,475,0,0,0,475,2,306702,66480,0,0,0,0.6,111954.6,-20,0,10,10,10,0.48,0.6,0.66,0.66,0.66,150,0,19944,0,0,0,19944,0,71250,0,0,0,71250
"BR0090",3,399.091067535497,239.867256980065,233.07956154354,393.091067535497,233.867256980065,227.07956154354,1.27791664903112,7,2,5,70,0.903860631245766,24,53180,0,0,0,53180,0,0,0,0,53180,0,0,0,760,0,760,8,251720,1068736,3557680,544936,997144,0.6,481516.2,0,-20,-20,-10,-20,0.6,0.48,0.48,0.54,0.48,150,0,0,0,28717.2,0,28717.2,0,0,0,114000,0,114000
"BR0091",3,398.728014516786,239.721351436929,222.275080893379,392.728014516786,233.721351436929,216.275080893379,1.27689873190743,8,2,5,80,0.983604469130541,15,35060,0,0,0,35060,0,0,0,0,35060,0,0,0,439,0,439,3,0,499359,1174053,105180,0,0.6,355718.4,10,-20,-20,0,10,0.66,0.48,0.48,0.6,0.66,150,0,0,0,21036,0,21036,0,0,0,65850,0,65850
"BR0092",3,399.926643810439,277.254614848935,255.936472350173,393.926643810439,271.254614848935,249.936472350173,1.35436251731875,7,2,4,56,0.919677561683307,56,994936,2,29,352,995319,0,367465,0,528153,99701,0,6562,0,1781,9432,17775,20,3032900,39372600,14009120,29426500,20363600,0.6,3186141.6,-20,-30,-30,-30,-30,0.48,0.42,0.42,0.42,0.42,150,0,154335.3,0,41874.42,221824.26,418033.98,0,984300,0,267150,1414800,2666250
"BR0092XL",3,399.709108395608,299.774039414591,238.891854981838,393.709108395608,293.774039414591,232.891854981838,1.3989662956204,7,2,4,56,0.927649033640618,41,975733,2,29,345,976109,0,360373,0,517960,97776,0,6436,0,1746,9250,17432,9,0,6935679,0,879984,8400276,0.6,1081062.6,10,-30,10,-10,-30,0.66,0.42,0.66,0.54,0.42,150,0,151356.66,0,52799.04,217543.2,421698.9,0,965400,0,261900,1387500,2614800
"BR0093",3,399.926643810439,277.254614848935,255.936472350173,393.926643810439,271.254614848935,249.936472350173,1.35436251731875,7,2,4,56,0.919677561683307,56,1344858,1,0,771,1345630,0,0,0,0,1345630,0,0,0,24030,0,24030,20,3032900,39372600,14009120,29426500,20363600,0.6,3186141.6,-20,-30,-30,-30,-30,0.48,0.42,0.42,0.42,0.42,150,0,0,0,565164.6,0,565164.6,0,0,0,3604500,0,3604500
"BR0094",3,399.379355375369,273.94279801479,224.900112316767,393.379355375369,267.94279801479,218.900112316767,1.34664430678032,8,2,4,64,0.911321060986652,28,2580970,0,391,11548,2592909,0,789405,52684,576827,1173993,0,12335,824,18344,9013,40516,21,3772230,41724522,10938375,41193306,20265210,0.6,3368389.8,-20,-30,-30,-30,-30,0.48,0.42,0.42,0.42,0.42,150,0,331550.1,22127.28,493077.06,242267.34,1089021.78,0,1850250,123600,2751600,1351950,6077400
"BR0095",3,399.600991575886,273.593475697859,221.693409032635,393.600991575886,267.593475697859,215.693409032635,1.34638893454749,8,2,4,64,0.897679508200255,35,654373,0,0,6544,660917,0,0,0,0,660917,0,0,0,10327,0,10327,8,0,0,0,8457616,0,0.6,634321.2,10,10,10,-30,10,0.66,0.66,0.66,0.42,0.66,150,0,0,0,277585.14,0,277585.14,0,0,0,1549050,0,1549050
"BR0096",3,398.579922309114,276.660762454932,199.633529189483,392.579922309114,270.660762454932,193.633529189483,1.35048136952809,9,2,4,72,0.917244740936732,11,421303,0,0,4226,425529,0,123907,0,0,301622,0,1721,0,4190,0,5911,14,1653176,23126782,5354454,10334100,0,0.6,1734364.8,-20,-30,-20,-30,10,0.48,0.42,0.48,0.42,0.66,150,0,52040.94,0,126681.24,0,178722.18,0,258150,0,628500,0,886650
"BR0097",3,399.79411415875,239.950962354025,215.483884683226,393.79411415875,233.950962354025,209.483884683226,1.27949015302555,8,2,5,80,0.957017627627729,45,137695,0,0,0,137695,0,22469,0,0,115226,0,281,0,1441,0,1722,5,3997110,514185,0,1234415,0,0.6,689485.2,-30,-20,10,-20,10,0.42,0.48,0.66,0.48,0.66,150,0,10785.12,0,55308.48,0,66093.6,0,42150,0,216150,0,258300
"BR0098",3,399.379355375369,273.94279801479,224.900112316767,393.379355375369,267.94279801479,218.900112316767,1.34664430678032,8,2,4,64,0.911321060986652,28,342718,0,0,0,342718,0,85883,0,0,256835,0,1342,0,4014,0,5356,21,3772230,41724522,10938375,41193306,20265210,0.6,3368389.8,-20,-30,-30,-30,-30,0.48,0.42,0.42,0.42,0.42,150,0,36070.86,0,107870.7,0,143941.56,0,201300,0,602100,0,803400
"BR0099",3,399.79411415875,239.950962354025,215.483884683226,393.79411415875,233.950962354025,209.483884683226,1.27949015302555,8,2,5,80,0.957017627627729,45,64345,0,0,0,64345,0,0,0,0,64345,0,0,0,805,0,805,5,3997110,514185,0,1234415,0,0.6,689485.2,-30,-20,10,-20,10,0.42,0.48,0.66,0.48,0.66,150,0,0,0,30885.6,0,30885.6,0,0,0,120750,0,120750
"BR0100",3,399.555692758424,299.7087205161,179.217411522359,393.555692758424,293.7087205161,173.217411522359,1.39852882654905,10,2,4,80,0.993580710943846,34,78594,0,0,0,78594,78594,0,0,0,0,983,0,0,0,0,983,31,29736998,33095755,3208686,10585229,15891313,0.6,1790670.6,-30,-30,-20,-20,-30,0.42,0.42,0.48,0.48,0.42,150,33009.48,0,0,0,0,33009.48,147450,0,0,0,0,147450
"BR0101",3,399.555692758424,299.7087205161,179.217411522359,393.555692758424,293.7087205161,173.217411522359,1.39852882654905,10,2,4,80,0.993580710943846,34,22584,0,0,0,22584,22584,0,0,0,0,283,0,0,0,0,283,31,29736998,33095755,3208686,10585229,15891313,0.6,1790670.6,-30,-30,-20,-20,-30,0.42,0.42,0.48,0.48,0.42,150,9485.28,0,0,0,0,9485.28,42450,0,0,0,0,42450
"BR0102",3,399.817939885665,299.858578161277,191.063687650431,393.817939885665,293.858578161277,185.063687650431,1.39935303609388,9,2,4,72,0.954433486798637,47,26836,0,0,0,26836,0,26836,0,0,0,0,373,0,0,0,373,3,0,184470,0,0,0,0.6,36894,10,-10,10,10,10,0.66,0.54,0.66,0.66,0.66,150,0,14491.44,0,0,0,14491.44,0,55950,0,0,0,55950
"BR0103",3,399.464172072871,299.587905218947,219.748735251768,393.464172072871,293.587905218947,213.748735251768,1.39810415458364,8,2,4,64,0.974012947325199,32,12945,42798,155,6025,61923,61923,0,0,0,0,968,0,0,0,0,968,25,13163925,24203000,19799650,1645275,2645925,0.6,1474986.6,-30,-30,-30,-10,-20,0.42,0.42,0.42,0.54,0.48,150,26007.66,0,0,0,0,26007.66,145200,0,0,0,0,145200
"BR0104",3,399.4566572862,299.559680438227,199.726211629175,393.4566572862,293.559680438227,193.726211629175,1.39803267544885,9,2,4,72,0.995810829214127,31,147015,0,0,0,147015,147015,0,0,0,0,2042,0,0,0,0,2042,26,14612468,14809158,44233852,878410,3754218,0.6,1806648.6,-30,-30,-30,0,-20,0.42,0.42,0.42,0.6,0.48,150,61746.3,0,0,0,0,61746.3,306300,0,0,0,0,306300
"BR0105",3,399.555692758424,299.7087205161,179.217411522359,393.555692758424,293.7087205161,173.217411522359,1.39852882654905,10,2,4,80,0.993580710943846,34,1002414,0,1783,0,1004197,304156,700041,0,0,0,3802,8751,0,0,0,12553,31,29736998,33095755,3208686,10585229,15891313,0.6,1790670.6,-30,-30,-20,-20,-30,0.42,0.42,0.48,0.48,0.42,150,127745.52,294017.22,0,0,0,421762.74,570300,1312650,0,0,0,1882950
"BR0106",3,399.379355375369,273.94279801479,224.900112316767,393.379355375369,267.94279801479,218.900112316767,1.34664430678032,8,2,4,64,0.911321060986652,28,12591,0,1,0,12592,0,0,12592,0,0,0,0,197,0,0,197,21,3772230,41724522,10938375,41193306,20265210,0.6,3368389.8,-20,-30,-30,-30,-30,0.48,0.42,0.42,0.42,0.42,150,0,0,5288.64,0,0,5288.64,0,0,29550,0,0,29550
"BR0107",3,399.707692424025,269.789457249705,252.609612684429,393.707692424025,263.789457249705,246.609612684429,1.33899429934746,7,2,4,56,0.882798614033888,40,80644,0,0,922,81566,0,0,81566,0,0,0,0,1457,0,0,1457,10,680,5815640,5053100,510,610,0.6,652232.4,10,-30,-30,10,10,0.66,0.42,0.42,0.66,0.66,150,0,0,34257.72,0,0,34257.72,0,0,218550,0,0,218550
"BR0108",3,399.891448512403,299.919553286123,317.631731930534,393.891448512403,293.919553286123,311.631731930534,1.39962200359705,5,2,4,40,0.881834393858629,52,0,11355,0,0,11355,0,11355,0,0,0,0,284,0,0,0,284,3,0,370332,1294461,0,0,0.6,332958.6,10,-20,-20,10,10,0.66,0.48,0.48,0.66,0.66,150,0,5450.4,0,0,0,5450.4,0,42600,0,0,0,42600
"BR0109",3,399.891448512403,299.919553286123,317.631731930534,393.891448512403,293.919553286123,311.631731930534,1.39962200359705,5,2,4,40,0.881834393858629,52,0,17891,0,0,17891,0,17891,0,0,0,0,448,0,0,0,448,3,0,370332,1294461,0,0,0.6,332958.6,10,-20,-20,10,10,0.66,0.48,0.48,0.66,0.66,150,0,8587.68,0,0,0,8587.68,0,67200,0,0,0,67200
"BR0110",3,399.600991575886,273.593475697859,221.693409032635,393.600991575886,267.593475697859,215.693409032635,1.34638893454749,8,2,4,64,0.897679508200255,35,126269,0,0,0,126269,0,0,0,0,126269,0,0,0,1973,0,1973,8,0,0,0,8457616,0,0.6,634321.2,10,10,10,-30,10,0.66,0.66,0.66,0.42,0.66,150,0,0,0,53032.98,0,53032.98,0,0,0,295950,0,295950
"BR0111",3,398.579922309114,276.660762454932,199.633529189483,392.579922309114,270.660762454932,193.633529189483,1.35048136952809,9,2,4,72,0.917244740936732,11,214237,0,0,0,214237,0,47356,0,0,166881,0,658,0,2318,0,2976,14,1653176,23126782,5354454,10334100,0,0.6,1734364.8,-20,-30,-20,-30,10,0.48,0.42,0.48,0.42,0.66,150,0,19889.52,0,70090.02,0,89979.54,0,98700,0,347700,0,446400
"BR0112",3,399.600991575886,273.593475697859,221.693409032635,393.600991575886,267.593475697859,215.693409032635,1.34638893454749,8,2,4,64,0.897679508200255,35,23107,0,0,0,23107,0,0,0,0,23107,0,0,0,362,0,362,8,0,0,0,8457616,0,0.6,634321.2,10,10,10,-30,10,0.66,0.66,0.66,0.42,0.66,150,0,0,0,9704.94,0,9704.94,0,0,0,54300,0,54300
"BR0113",3,399.879450675377,299.913580311683,299.899489682015,393.879450675377,293.913580311683,293.899489682015,1.39958606197412,6,2,4,48,0.999075810935959,51,7783,0,0,0,7783,0,0,0,7783,0,0,0,0,0,163,163,18,136782,31428684,9133218,1691766,9687888,0.6,1735944.6,10,-30,-30,-10,-30,0.66,0.42,0.42,0.54,0.42,150,0,0,0,0,3268.86,3268.86,0,0,0,0,24450,24450
"BR0114",3,399.828921779431,299.877356999302,271.931420790883,393.828921779431,293.877356999302,265.931420790883,1.39941255755747,6,2,4,48,0.905679987311111,48,9070,0,0,0,9070,9070,0,0,0,0,189,0,0,0,0,189,14,374374,7437836,18446778,185668,2225328,0.6,1228713.6,0,-30,-30,10,-20,0.6,0.42,0.42,0.66,0.48,150,5442,0,0,0,0,5442,28350,0,0,0,0,28350
"BR0115",3,399.403325358649,299.531366951489,290.889912118574,393.403325358649,293.531366951489,284.889912118574,1.39786938462028,6,2,4,48,0.966674237571528,30,51630,0,0,0,51630,0,0,51630,0,0,0,0,1076,0,0,1076,14,15200626,9823324,16858856,0,0,0.6,1794977.4,-30,-30,-30,10,10,0.42,0.42,0.42,0.66,0.66,150,0,0,21684.6,0,0,21684.6,0,0,161400,0,0,161400
"BR0116",3,398.705408975371,298.983218032755,163.357544839731,392.705408975371,292.983218032755,157.357544839731,1.39537725401625,11,2,4,88,0.991692596752447,13,6730,0,0,0,6730,0,6730,0,0,0,0,77,0,0,0,77,15,2084415,11326320,83385,496680,1066470,0.6,602290.8,-20,-30,10,0,-10,0.48,0.42,0.66,0.6,0.54,150,0,2826.6,0,0,0,2826.6,0,11550,0,0,0,11550
"BR0117",3,399.693335084587,299.762924302295,257.100144978147,393.693335084587,293.762924302295,251.100144978147,1.39891251877376,7,2,4,56,0.998277846887019,38,28815,0,0,0,28815,0,0,28815,0,0,0,0,515,0,0,515,28,29084916,14313292,21513156,8963136,15359960,0.6,1912167,-30,-30,-30,-20,-30,0.42,0.42,0.42,0.48,0.42,150,0,0,12102.3,0,0,12102.3,0,0,77250,0,0,77250
"BR0118",3,399.709108395608,299.774039414591,238.891854981838,393.709108395608,293.774039414591,232.891854981838,1.3989662956204,7,2,4,56,0.927649033640618,41,0,16633,0,0,16633,0,16633,0,0,0,0,298,0,0,0,298,9,0,6935679,0,879984,8400276,0.6,1081062.6,10,-30,10,-10,-30,0.66,0.42,0.66,0.54,0.42,150,0,6985.86,0,0,0,6985.86,0,44700,0,0,0,44700
"BR0119",3,399.4566572862,299.559680438227,199.726211629175,393.4566572862,293.559680438227,193.726211629175,1.39803267544885,9,2,4,72,0.995810829214127,31,19719,0,15880,0,35599,0,0,35599,0,0,0,0,495,0,0,495,26,14612468,14809158,44233852,878410,3754218,0.6,1806648.6,-30,-30,-30,0,-20,0.42,0.42,0.42,0.6,0.48,150,0,0,14951.58,0,0,14951.58,0,0,74250,0,0,74250
"BR0120",3,399.464172072871,299.587905218947,219.748735251768,393.464172072871,293.587905218947,213.748735251768,1.39810415458364,8,2,4,64,0.974012947325199,32,439,0,0,0,439,439,0,0,0,0,7,0,0,0,0,7,25,13163925,24203000,19799650,1645275,2645925,0.6,1474986.6,-30,-30,-30,-10,-20,0.42,0.42,0.42,0.54,0.48,150,184.38,0,0,0,0,184.38,1050,0,0,0,0,1050
"BR0121",3,398.71731535038,290.364648791201,359.218365142756,392.71731535038,284.364648791201,353.218365142756,1.37816392828316,5,2,4,40,0.962683709041589,14,0,12373,0,0,12373,0,12373,0,0,0,0,310,0,0,0,310,4,0,49492,0,0,4629072,0.6,701784.6,10,10,10,10,-30,0.66,0.66,0.66,0.66,0.42,150,0,8166.18,0,0,0,8166.18,0,46500,0,0,0,46500
"BR0122",3,397.120183611797,289.707138550864,376.895010978098,391.120183611797,283.707138550864,370.895010978098,1.37365464432532,4,2,4,32,0.802985653514282,6,0,14021,0,0,14021,0,14021,0,0,0,0,439,0,0,0,439,2,0,52656,0,0,0,0.6,15796.8,10,0,10,10,10,0.66,0.6,0.66,0.66,0.66,150,0,8412.6,0,0,0,8412.6,0,65850,0,0,0,65850
"BR0123",3,399.879450675377,299.913580311683,299.899489682015,393.879450675377,293.913580311683,293.899489682015,1.39958606197412,6,2,4,48,0.999075810935959,51,1,9195,0,0,9196,0,0,0,9196,0,0,0,0,0,192,192,18,136782,31428684,9133218,1691766,9687888,0.6,1735944.6,10,-30,-30,-10,-30,0.66,0.42,0.42,0.54,0.42,150,0,0,0,0,3862.32,3862.32,0,0,0,0,28800,28800
"BR0124",3,397.120183611797,289.707138550864,376.895010978098,391.120183611797,283.707138550864,370.895010978098,1.37365464432532,4,2,4,32,0.802985653514282,6,0,12307,0,0,12307,0,12307,0,0,0,0,385,0,0,0,385,2,0,52656,0,0,0,0.6,15796.8,10,0,10,10,10,0.66,0.6,0.66,0.66,0.66,150,0,7384.2,0,0,0,7384.2,0,57750,0,0,0,57750
"BR0125",3,399.4566572862,299.559680438227,199.726211629175,393.4566572862,293.559680438227,193.726211629175,1.39803267544885,9,2,4,72,0.995810829214127,31,16473,0,0,0,16473,0,4057,12416,0,0,0,57,173,0,0,230,26,14612468,14809158,44233852,878410,3754218,0.6,1806648.6,-30,-30,-30,0,-20,0.42,0.42,0.42,0.6,0.48,150,0,1703.94,5214.72,0,0,6918.66,0,8550,25950,0,0,34500
"BR0126",3,399.693335084587,299.762924302295,257.100144978147,393.693335084587,293.762924302295,251.100144978147,1.39891251877376,7,2,4,56,0.998277846887019,38,0,58942,0,0,58942,58942,0,0,0,0,1053,0,0,0,0,1053,28,29084916,14313292,21513156,8963136,15359960,0.6,1912167,-30,-30,-30,-20,-30,0.42,0.42,0.42,0.48,0.42,150,24755.64,0,0,0,0,24755.64,157950,0,0,0,0,157950
"BR0127",3,399.4566572862,299.559680438227,199.726211629175,393.4566572862,293.559680438227,193.726211629175,1.39803267544885,9,2,4,72,0.995810829214127,31,0,67606,0,0,67606,0,0,67606,0,0,0,0,939,0,0,939,26,14612468,14809158,44233852,878410,3754218,0.6,1806648.6,-30,-30,-30,0,-20,0.42,0.42,0.42,0.6,0.48,150,0,0,28394.52,0,0,28394.52,0,0,140850,0,0,140850
"BR0128",3,399.600991575886,273.593475697859,221.693409032635,393.600991575886,267.593475697859,215.693409032635,1.34638893454749,8,2,4,64,0.897679508200255,35,5523,0,0,0,5523,0,0,0,0,5523,0,0,0,87,0,87,8,0,0,0,8457616,0,0.6,634321.2,10,10,10,-30,10,0.66,0.66,0.66,0.42,0.66,150,0,0,0,2319.66,0,2319.66,0,0,0,13050,0,13050
"BR0129",3,399.600991575886,273.593475697859,221.693409032635,393.600991575886,267.593475697859,215.693409032635,1.34638893454749,8,2,4,64,0.897679508200255,35,2589,0,0,0,2589,0,0,0,0,2589,0,0,0,41,0,41,8,0,0,0,8457616,0,0.6,634321.2,10,10,10,-30,10,0.66,0.66,0.66,0.42,0.66,150,0,0,0,1087.38,0,1087.38,0,0,0,6150,0,6150
"BR0130",3,399.828921779431,299.877356999302,271.931420790883,393.828921779431,293.877356999302,265.931420790883,1.39941255755747,6,2,4,48,0.905679987311111,48,0,116047,0,0,116047,0,116047,0,0,0,0,2418,0,0,0,2418,14,374374,7437836,18446778,185668,2225328,0.6,1228713.6,0,-30,-30,10,-20,0.6,0.42,0.42,0.66,0.48,150,0,48739.74,0,0,0,48739.74,0,362700,0,0,0,362700
"BR0131",3,399.828921779431,299.877356999302,271.931420790883,393.828921779431,293.877356999302,265.931420790883,1.39941255755747,6,2,4,48,0.905679987311111,48,0,49927,0,0,49927,0,0,0,49927,0,0,0,0,0,1041,1041,14,374374,7437836,18446778,185668,2225328,0.6,1228713.6,0,-30,-30,10,-20,0.6,0.42,0.42,0.66,0.48,150,0,0,0,0,23964.96,23964.96,0,0,0,0,156150,156150
"BR0132",3,399.644347892194,239.933489959603,250.37433488558,393.644347892194,233.933489959603,244.37433488558,1.27915567570359,7,2,5,70,0.972542651688049,37,44079,0,0,0,44079,6883,15672,10257,6101,5166,99,224,147,74,88,632,7,1177134,152922,147007,50407,59535,0.6,136029,-20,0,0,10,10,0.48,0.6,0.6,0.66,0.66,150,3303.84,9403.2,6154.2,3409.56,4026.66,26297.46,14850,33600,22050,11100,13200,94800
"BR0133",3,399.644347892194,239.933489959603,250.37433488558,393.644347892194,233.933489959603,244.37433488558,1.27915567570359,7,2,5,70,0.972542651688049,37,17249,0,117,0,17366,2712,6174,4041,2404,2035,39,89,58,30,35,251,7,1177134,152922,147007,50407,59535,0.6,136029,-20,0,0,10,10,0.48,0.6,0.6,0.66,0.66,150,1301.76,3704.4,2424.6,1343.1,1586.64,10360.5,5850,13350,8700,4500,5250,37650
"BR0134",3,399.403325358649,299.531366951489,290.889912118574,393.403325358649,293.531366951489,284.889912118574,1.39786938462028,6,2,4,48,0.966674237571528,30,0,0,913986,1620,915606,827898,0,87708,0,0,17248,0,1828,0,0,19076,14,15200626,9823324,16858856,0,0,0.6,1794977.4,-30,-30,-30,10,10,0.42,0.42,0.42,0.66,0.66,150,347717.16,0,36837.36,0,0,384554.52,2587200,0,274200,0,0,2861400
"BR0135",3,399.403325358649,299.531366951489,290.889912118574,393.403325358649,293.531366951489,284.889912118574,1.39786938462028,6,2,4,48,0.966674237571528,30,1,0,46668,0,46669,46669,0,0,0,0,973,0,0,0,0,973,14,15200626,9823324,16858856,0,0,0.6,1794977.4,-30,-30,-30,10,10,0.42,0.42,0.42,0.66,0.66,150,19600.98,0,0,0,0,19600.98,145950,0,0,0,0,145950
"BR0136",3,399.403325358649,299.531366951489,290.889912118574,393.403325358649,293.531366951489,284.889912118574,1.39786938462028,6,2,4,48,0.966674237571528,30,2,0,175960,0,175962,101927,74035,0,0,0,2124,1543,0,0,0,3667,14,15200626,9823324,16858856,0,0,0.6,1794977.4,-30,-30,-30,10,10,0.42,0.42,0.42,0.66,0.66,150,42809.34,31094.7,0,0,0,73904.04,318600,231450,0,0,0,550050
"BR0136XL",3,399.403325358649,299.531366951489,290.889912118574,393.403325358649,293.531366951489,284.889912118574,1.39786938462028,6,2,4,48,0.966674237571528,30,2,0,188628,0,188630,109265,79365,0,0,0,2277,1654,0,0,0,3931,14,15200626,9823324,16858856,0,0,0.6,1794977.4,-30,-30,-30,10,10,0.42,0.42,0.42,0.66,0.66,150,45891.3,33333.3,0,0,0,79224.6,341550,248100,0,0,0,589650
"BR0137",3,399.877441753675,277.234396359934,298.438073667139,393.877441753675,271.234396359934,292.438073667139,1.35422367622722,6,2,4,48,0.919021653979895,50,591,0,371434,676,372701,0,347390,25311,0,0,0,7238,528,0,0,7766,9,0,9281511,4539762,0,0,0.6,921418.2,10,-30,-30,10,10,0.66,0.42,0.42,0.66,0.66,150,0,145903.8,10630.62,0,0,156534.42,0,1085700,79200,0,0,1164900
"BR0138",3,396.08834787281,239.458388343332,157.416841079885,390.08834787281,233.458388343332,151.416841079885,1.27109347243228,11,2,5,110,0.950434651711263,4,1754,0,0,0,1754,1754,0,0,0,0,16,0,0,0,0,16,6,217344,0,0,0,0,0.6,21734.4,0,10,10,10,10,0.6,0.66,0.66,0.66,0.66,150,1052.4,0,0,0,0,1052.4,2400,0,0,0,0,2400
"BR0139",3,399.403325358649,299.531366951489,290.889912118574,393.403325358649,293.531366951489,284.889912118574,1.39786938462028,6,2,4,48,0.966674237571528,30,68737,640,2371,0,71748,0,71748,0,0,0,0,1495,0,0,0,1495,14,15200626,9823324,16858856,0,0,0.6,1794977.4,-30,-30,-30,10,10,0.42,0.42,0.42,0.66,0.66,150,0,30134.16,0,0,0,30134.16,0,224250,0,0,0,224250
"BR0140",3,399.693335084587,299.762924302295,257.100144978147,393.693335084587,293.762924302295,251.100144978147,1.39891251877376,7,2,4,56,0.998277846887019,38,0,16510,0,0,16510,0,16510,0,0,0,0,295,0,0,0,295,28,29084916,14313292,21513156,8963136,15359960,0.6,1912167,-30,-30,-30,-20,-30,0.42,0.42,0.42,0.48,0.42,150,0,6934.2,0,0,0,6934.2,0,44250,0,0,0,44250
"BR0141",3,399.693335084587,299.762924302295,257.100144978147,393.693335084587,293.762924302295,251.100144978147,1.39891251877376,7,2,4,56,0.998277846887019,38,0,57749,0,0,57749,0,57749,0,0,0,0,1032,0,0,0,1032,28,29084916,14313292,21513156,8963136,15359960,0.6,1912167,-30,-30,-30,-20,-30,0.42,0.42,0.42,0.48,0.42,150,0,24254.58,0,0,0,24254.58,0,154800,0,0,0,154800
"BR0142",3,399.73284817278,269.792928196326,343.999201005041,393.73284817278,263.792928196326,337.999201005041,1.33905155273821,5,2,4,40,0.858764507415755,43,29780,0,0,0,29780,0,29780,0,0,0,0,745,0,0,0,745,4,0,5649776,777064,0,0,0.6,964026,10,-30,-20,10,10,0.66,0.42,0.48,0.66,0.66,150,0,12507.6,0,0,0,12507.6,0,111750,0,0,0,111750
"BR0143",3,399.693335084587,299.762924302295,257.100144978147,393.693335084587,293.762924302295,251.100144978147,1.39891251877376,7,2,4,56,0.998277846887019,38,1,0,280408,0,280409,0,0,0,0,280409,0,0,0,5008,0,5008,28,29084916,14313292,21513156,8963136,15359960,0.6,1912167,-30,-30,-30,-20,-30,0.42,0.42,0.42,0.48,0.42,150,0,0,0,134596.32,0,134596.32,0,0,0,751200,0,751200
"BR0144",3,399.379355375369,273.94279801479,224.900112316767,393.379355375369,267.94279801479,218.900112316767,1.34664430678032,8,2,4,64,0.911321060986652,28,145057,0,142,0,145199,0,0,0,0,145199,0,0,0,2269,0,2269,21,3772230,41724522,10938375,41193306,20265210,0.6,3368389.8,-20,-30,-30,-30,-30,0.48,0.42,0.42,0.42,0.42,150,0,0,0,60983.58,0,60983.58,0,0,0,340350,0,340350
"BR0145",3,399.555692758424,299.7087205161,179.217411522359,393.555692758424,293.7087205161,173.217411522359,1.39852882654905,10,2,4,80,0.993580710943846,34,75881,0,6659,0,82540,0,54263,4459,0,23818,0,679,56,298,0,1033,31,29736998,33095755,3208686,10585229,15891313,0.6,1790670.6,-30,-30,-20,-20,-30,0.42,0.42,0.48,0.48,0.42,150,0,22790.46,2140.32,11432.64,0,36363.42,0,101850,8400,44700,0,154950
"BR0146",3,399.555692758424,299.7087205161,179.217411522359,393.555692758424,293.7087205161,173.217411522359,1.39852882654905,10,2,4,80,0.993580710943846,34,72723,0,612,0,73335,0,16673,0,0,56662,0,209,0,709,0,918,31,29736998,33095755,3208686,10585229,15891313,0.6,1790670.6,-30,-30,-20,-20,-30,0.42,0.42,0.48,0.48,0.42,150,0,7002.66,0,27197.76,0,34200.42,0,31350,0,106350,0,137700
"BR0147",3,399.464172072871,299.587905218947,219.748735251768,393.464172072871,293.587905218947,213.748735251768,1.39810415458364,8,2,4,64,0.974012947325199,32,848709,0,5662,521,854892,0,546731,308161,0,0,0,8543,4816,0,0,13359,25,13163925,24203000,19799650,1645275,2645925,0.6,1474986.6,-30,-30,-30,-10,-20,0.42,0.42,0.42,0.54,0.48,150,0,229627.02,129427.62,0,0,359054.64,0,1281450,722400,0,0,2003850
"BR0148",3,399.4566572862,299.559680438227,199.726211629175,393.4566572862,293.559680438227,193.726211629175,1.39803267544885,9,2,4,72,0.995810829214127,31,270283,0,53794,711,324788,0,192086,132702,0,0,0,2668,1844,0,0,4512,26,14612468,14809158,44233852,878410,3754218,0.6,1806648.6,-30,-30,-30,0,-20,0.42,0.42,0.42,0.6,0.48,150,0,80676.12,55734.84,0,0,136410.96,0,400200,276600,0,0,676800
"BR0149",3,399.555692758424,299.7087205161,179.217411522359,393.555692758424,293.7087205161,173.217411522359,1.39852882654905,10,2,4,80,0.993580710943846,34,36155,0,0,0,36155,0,0,36155,0,0,0,0,452,0,0,452,31,29736998,33095755,3208686,10585229,15891313,0.6,1790670.6,-30,-30,-20,-20,-30,0.42,0.42,0.48,0.48,0.42,150,0,0,17354.4,0,0,17354.4,0,0,67800,0,0,67800
"BR0150",3,399.4566572862,299.559680438227,199.726211629175,393.4566572862,293.559680438227,193.726211629175,1.39803267544885,9,2,4,72,0.995810829214127,31,119670,0,14610,0,134280,0,104569,29711,0,0,0,1453,413,0,0,1866,26,14612468,14809158,44233852,878410,3754218,0.6,1806648.6,-30,-30,-30,0,-20,0.42,0.42,0.42,0.6,0.48,150,0,43918.98,12478.62,0,0,56397.6,0,217950,61950,0,0,279900
"BR0151",3,399.987041795387,299.989934108923,224.995748919131,393.987041795387,293.989934108923,218.995748919131,1.39995395180862,8,2,4,64,0.999915160158415,57,9270,0,86155,0,95425,0,0,95425,0,0,0,0,1492,0,0,1492,11,387563,6356361,9581121,3509,3564,0.6,890842.8,0,-30,-30,10,10,0.6,0.42,0.42,0.66,0.66,150,0,0,40078.5,0,0,40078.5,0,0,223800,0,0,223800
"BR0152",3,399.464172072871,299.587905218947,219.748735251768,393.464172072871,293.587905218947,213.748735251768,1.39810415458364,8,2,4,64,0.974012947325199,32,118353,0,0,0,118353,0,0,118353,0,0,0,0,1850,0,0,1850,25,13163925,24203000,19799650,1645275,2645925,0.6,1474986.6,-30,-30,-30,-10,-20,0.42,0.42,0.42,0.54,0.48,150,0,0,49708.26,0,0,49708.26,0,0,277500,0,0,277500
"BR0153",3,399.707692424025,269.789457249705,252.609612684429,393.707692424025,263.789457249705,246.609612684429,1.33899429934746,7,2,4,56,0.882798614033888,40,157859,0,15345,0,173204,0,0,173204,0,0,0,0,3093,0,0,3093,10,680,5815640,5053100,510,610,0.6,652232.4,10,-30,-30,10,10,0.66,0.42,0.42,0.66,0.66,150,0,0,72745.68,0,0,72745.68,0,0,463950,0,0,463950
"BR0154",3,399.464172072871,299.587905218947,219.748735251768,393.464172072871,293.587905218947,213.748735251768,1.39810415458364,8,2,4,64,0.974012947325199,32,172895,0,9735,0,182630,0,106658,75972,0,0,0,1667,1188,0,0,2855,25,13163925,24203000,19799650,1645275,2645925,0.6,1474986.6,-30,-30,-30,-10,-20,0.42,0.42,0.42,0.54,0.48,150,0,44796.36,31908.24,0,0,76704.6,0,250050,178200,0,0,428250
"BR0155",3,399.84631838546,299.882265270826,212.352365791362,393.84631838546,293.882265270826,206.352365791362,1.39945716731257,8,2,4,64,0.9430554385762,49,17826,0,36184,0,54010,0,54010,0,0,0,0,844,0,0,0,844,8,0,6271120,0,0,2359384,0.6,647287.8,10,-30,10,10,-20,0.66,0.42,0.66,0.66,0.48,150,0,22684.2,0,0,0,22684.2,0,126600,0,0,0,126600
"BR0156",3,399.789976507924,298.39926405273,178.172392210324,393.789976507924,292.39926405273,172.172392210324,1.39637848112131,10,2,4,80,0.984048058693944,44,7162,0,8786,0,15948,0,0,15948,0,0,0,0,200,0,0,200,8,0,0,849440,0,6262376,0.6,533386.2,10,10,-20,10,-30,0.66,0.66,0.48,0.66,0.42,150,0,0,7655.04,0,0,7655.04,0,0,30000,0,0,30000
"BR0157",3,399.397607007077,299.568154721256,255.904557806744,393.397607007077,293.568154721256,249.904557806744,1.39793152345667,7,2,4,56,0.992255266339286,29,145653,0,311710,0,457363,0,0,457363,0,0,0,0,8168,0,0,8168,2,0,0,2678974,0,0,0.6,803692.2,10,10,-30,10,10,0.66,0.66,0.42,0.66,0.66,150,0,0,192092.46,0,0,192092.46,0,0,1225200,0,0,1225200
"BR0158",3,399.555692758424,299.7087205161,179.217411522359,393.555692758424,293.7087205161,173.217411522359,1.39852882654905,10,2,4,80,0.993580710943846,34,14567,0,3885,0,18452,0,18452,0,0,0,0,231,0,0,0,231,31,29736998,33095755,3208686,10585229,15891313,0.6,1790670.6,-30,-30,-20,-20,-30,0.42,0.42,0.48,0.48,0.42,150,0,7749.84,0,0,0,7749.84,0,34650,0,0,0,34650
"BR0159",3,398.705408975371,298.983218032755,163.357544839731,392.705408975371,292.983218032755,157.357544839731,1.39537725401625,11,2,4,88,0.991692596752447,13,210670,0,116562,0,327232,0,327232,0,0,0,0,3719,0,0,0,3719,15,2084415,11326320,83385,496680,1066470,0.6,602290.8,-20,-30,10,0,-10,0.48,0.42,0.66,0.6,0.54,150,0,137437.44,0,0,0,137437.44,0,557850,0,0,0,557850
"BR0160",3,398.705408975371,298.983218032755,163.357544839731,392.705408975371,292.983218032755,157.357544839731,1.39537725401625,11,2,4,88,0.991692596752447,13,83389,0,76978,0,160367,0,160367,0,0,0,0,1823,0,0,0,1823,15,2084415,11326320,83385,496680,1066470,0.6,602290.8,-20,-30,10,0,-10,0.48,0.42,0.66,0.6,0.54,150,0,67354.14,0,0,0,67354.14,0,273450,0,0,0,273450
"BR0161",3,399.4566572862,299.559680438227,199.726211629175,393.4566572862,293.559680438227,193.726211629175,1.39803267544885,9,2,4,72,0.995810829214127,31,20307,0,3310,0,23617,3688,8397,5495,3269,2768,52,117,77,39,46,331,26,14612468,14809158,44233852,878410,3754218,0.6,1806648.6,-30,-30,-30,0,-20,0.42,0.42,0.42,0.6,0.48,150,1548.96,3526.74,2307.9,1660.8,1569.12,10613.52,7800,17550,11550,5850,6900,49650
"BR0162",3,399.464172072871,299.587905218947,219.748735251768,393.464172072871,293.587905218947,213.748735251768,1.39810415458364,8,2,4,64,0.974012947325199,32,25936,0,85023,0,110959,110959,0,0,0,0,1734,0,0,0,0,1734,25,13163925,24203000,19799650,1645275,2645925,0.6,1474986.6,-30,-30,-30,-10,-20,0.42,0.42,0.42,0.54,0.48,150,46602.78,0,0,0,0,46602.78,260100,0,0,0,0,260100
"BR0163",3,399.84631838546,299.882265270826,212.352365791362,393.84631838546,293.882265270826,206.352365791362,1.39945716731257,8,2,4,64,0.9430554385762,49,54508,0,1126,0,55634,0,55634,0,0,0,0,870,0,0,0,870,8,0,6271120,0,0,2359384,0.6,647287.8,10,-30,10,10,-20,0.66,0.42,0.66,0.66,0.48,150,0,23366.28,0,0,0,23366.28,0,130500,0,0,0,130500
"BR0164",3,398.705408975371,298.983218032755,163.357544839731,392.705408975371,292.983218032755,157.357544839731,1.39537725401625,11,2,4,88,0.991692596752447,13,8674,0,173,0,8847,0,8847,0,0,0,0,101,0,0,0,101,15,2084415,11326320,83385,496680,1066470,0.6,602290.8,-20,-30,10,0,-10,0.48,0.42,0.66,0.6,0.54,150,0,3715.74,0,0,0,3715.74,0,15150,0,0,0,15150
"BR0165",3,399.4566572862,299.559680438227,199.726211629175,393.4566572862,293.559680438227,193.726211629175,1.39803267544885,9,2,4,72,0.995810829214127,31,202,0,12284,0,12486,12486,0,0,0,0,174,0,0,0,0,174,26,14612468,14809158,44233852,878410,3754218,0.6,1806648.6,-30,-30,-30,0,-20,0.42,0.42,0.42,0.6,0.48,150,5244.12,0,0,0,0,5244.12,26100,0,0,0,0,26100
"BR0166",3,399.727283445585,299.78815753376,149.939735003316,393.727283445585,293.78815753376,143.939735003316,1.39903088195869,12,2,4,96,0.998211339288231,42,20501,0,9443,0,29944,4676,10646,6968,4145,3509,49,111,73,37,44,314,6,59790,139188,99384,44874,903528,0.6,124676.4,10,0,10,10,-20,0.66,0.6,0.66,0.66,0.48,150,3086.16,6387.6,4598.88,2315.94,1989.6,18378.18,7350,16650,10950,5550,6600,47100
"BR0167",3,398.705408975371,298.983218032755,163.357544839731,392.705408975371,292.983218032755,157.357544839731,1.39537725401625,11,2,4,88,0.991692596752447,13,3705,0,0,0,3705,579,1317,862,513,434,7,15,10,5,6,43,15,2084415,11326320,83385,496680,1066470,0.6,602290.8,-20,-30,10,0,-10,0.48,0.42,0.66,0.6,0.54,150,277.92,553.14,568.92,260.4,277.02,1937.4,1050,2250,1500,750,900,6450
"BR0168",3,399.4566572862,299.559680438227,199.726211629175,393.4566572862,293.559680438227,193.726211629175,1.39803267544885,9,2,4,72,0.995810829214127,31,43270,0,2963,3548,49781,7774,17699,11584,6890,5834,108,246,161,82,96,693,26,14612468,14809158,44233852,878410,3754218,0.6,1806648.6,-30,-30,-30,0,-20,0.42,0.42,0.42,0.6,0.48,150,3265.08,7433.58,4865.28,3500.4,3307.2,22371.54,16200,36900,24150,12300,14400,103950
"BR0169",3,399.464172072871,299.587905218947,219.748735251768,393.464172072871,293.587905218947,213.748735251768,1.39810415458364,8,2,4,64,0.974012947325199,32,20013,0,910,0,20923,20923,0,0,0,0,327,0,0,0,0,327,25,13163925,24203000,19799650,1645275,2645925,0.6,1474986.6,-30,-30,-30,-10,-20,0.42,0.42,0.42,0.54,0.48,150,8787.66,0,0,0,0,8787.66,49050,0,0,0,0,49050
"BR0170",3,399.727283445585,299.78815753376,149.939735003316,393.727283445585,293.78815753376,143.939735003316,1.39903088195869,12,2,4,96,0.998211339288231,42,4129,0,3241,0,7370,1151,2620,1715,1020,864,12,28,18,9,11,78,6,59790,139188,99384,44874,903528,0.6,124676.4,10,0,10,10,-20,0.66,0.6,0.66,0.66,0.48,150,759.66,1572,1131.9,570.24,489.6,4523.4,1800,4200,2700,1350,1650,11700
"BR0171",3,398.816671857971,269.672587953179,179.323471288646,392.816671857971,263.672587953179,173.323471288646,1.3369785196223,10,2,4,80,0.892880819994613,17,1310,0,53620,0,54930,0,54930,0,0,0,0,687,0,0,0,687,7,37891,3532942,1166893,28441,447874,0.6,446917.8,10,-30,-20,10,-10,0.66,0.42,0.48,0.66,0.54,150,0,23070.6,0,0,0,23070.6,0,103050,0,0,0,103050
"BR0172",3,399.987041795387,299.989934108923,224.995748919131,393.987041795387,293.989934108923,218.995748919131,1.39995395180862,8,2,4,64,0.999915160158415,57,39018,0,0,0,39018,0,24528,14490,0,0,0,384,227,0,0,611,11,387563,6356361,9581121,3509,3564,0.6,890842.8,0,-30,-30,10,10,0.6,0.42,0.42,0.66,0.66,150,0,10301.76,6085.8,0,0,16387.56,0,57600,34050,0,0,91650
"BR0173",3,399.464172072871,299.587905218947,219.748735251768,393.464172072871,293.587905218947,213.748735251768,1.39810415458364,8,2,4,64,0.974012947325199,32,329481,0,0,0,329481,0,216546,112935,0,0,0,3384,1765,0,0,5149,25,13163925,24203000,19799650,1645275,2645925,0.6,1474986.6,-30,-30,-30,-10,-20,0.42,0.42,0.42,0.54,0.48,150,0,90949.32,47432.7,0,0,138382.02,0,507600,264750,0,0,772350
"BR0174",3,398.705408975371,298.983218032755,163.357544839731,392.705408975371,292.983218032755,157.357544839731,1.39537725401625,11,2,4,88,0.991692596752447,13,49557,0,0,0,49557,0,49557,0,0,0,0,564,0,0,0,564,15,2084415,11326320,83385,496680,1066470,0.6,602290.8,-20,-30,10,0,-10,0.48,0.42,0.66,0.6,0.54,150,0,20813.94,0,0,0,20813.94,0,84600,0,0,0,84600
"BR0175",3,399.879450675377,299.913580311683,299.899489682015,393.879450675377,293.913580311683,293.899489682015,1.39958606197412,6,2,4,48,0.999075810935959,51,18028,0,0,0,18028,0,18028,0,0,0,0,376,0,0,0,376,18,136782,31428684,9133218,1691766,9687888,0.6,1735944.6,10,-30,-30,-10,-30,0.66,0.42,0.42,0.54,0.42,150,0,7571.76,0,0,0,7571.76,0,56400,0,0,0,56400
"BR0176",3,399.899158030004,277.172057647342,163.620258901912,393.899158030004,271.172057647342,157.620258901912,1.35414243135469,11,2,4,88,0.923583031378303,54,1,0,18641,0,18642,2911,6628,4338,2580,2185,34,76,50,25,30,215,4,55244,125784,82328,41464,48968,0.6,53068.2,10,0,0,10,10,0.66,0.6,0.6,0.66,0.66,150,1921.26,3976.8,2602.8,1442.1,1702.8,11645.76,5100,11400,7500,3750,4500,32250
"BR0177",3,399.899158030004,277.172057647342,163.620258901912,393.899158030004,271.172057647342,157.620258901912,1.35414243135469,11,2,4,88,0.923583031378303,54,2754,0,0,0,2754,430,979,641,381,323,5,12,8,4,5,34,4,55244,125784,82328,41464,48968,0.6,53068.2,10,0,0,10,10,0.66,0.6,0.6,0.66,0.66,150,283.8,587.4,384.6,213.18,251.46,1720.44,750,1800,1200,600,750,5100
"BR0178",3,399.899158030004,271.854958477787,163.620258901912,393.899158030004,265.854958477787,157.620258901912,1.34350823301558,11,2,4,88,0.905865579587384,53,69953,0,5263,0,75216,11746,26742,17502,10411,8815,134,304,199,101,119,857,2,70836,161274,105552,53162,62786,0.6,136083,0,-10,-10,0,0,0.6,0.54,0.54,0.6,0.6,150,7047.6,14440.68,9451.08,5289,6246.6,42474.96,20100,45600,29850,15150,17850,128550
"BR0179",3,399.727283445585,299.78815753376,149.939735003316,393.727283445585,293.78815753376,143.939735003316,1.39903088195869,12,2,4,96,0.998211339288231,42,10579,0,15920,0,26499,4138,9421,6166,3668,3106,44,99,65,33,39,280,6,59790,139188,99384,44874,903528,0.6,124676.4,10,0,10,10,-20,0.66,0.6,0.66,0.66,0.48,150,2731.08,5652.6,4069.56,2049.96,1760.64,16263.84,6600,14850,9750,4950,5850,42000
"BR0180",3,399.899158030004,277.172057647342,163.620258901912,393.899158030004,271.172057647342,157.620258901912,1.35414243135469,11,2,4,88,0.923583031378303,54,34641,0,0,0,34641,5409,12316,8061,4795,4060,62,140,92,47,55,396,4,55244,125784,82328,41464,48968,0.6,53068.2,10,0,0,10,10,0.66,0.6,0.6,0.66,0.66,150,3569.94,7389.6,4836.6,2679.6,3164.7,21640.44,9300,21000,13800,7050,8250,59400
"BR0181",3,399.899158030004,277.172057647342,163.620258901912,393.899158030004,271.172057647342,157.620258901912,1.35414243135469,11,2,4,88,0.923583031378303,54,32220,0,190,0,32410,5061,11523,7542,4486,3798,58,131,86,44,51,370,4,55244,125784,82328,41464,48968,0.6,53068.2,10,0,0,10,10,0.66,0.6,0.6,0.66,0.66,150,3340.26,6913.8,4525.2,2506.68,2960.76,20246.7,8700,19650,12900,6600,7650,55500
"BR0182",3,399.693335084587,299.762924302295,257.100144978147,393.693335084587,293.762924302295,251.100144978147,1.39891251877376,7,2,4,56,0.998277846887019,38,333606,0,1,5154,338761,52901,120441,78828,46888,39703,945,2151,1408,709,838,6051,28,29084916,14313292,21513156,8963136,15359960,0.6,1912167,-30,-30,-30,-20,-30,0.42,0.42,0.42,0.48,0.42,150,22218.42,50585.22,33107.76,19057.44,19692.96,144661.8,141750,322650,211200,106350,125700,907650
"BR0183",3,399.379355375369,273.94279801479,224.900112316767,393.379355375369,267.94279801479,218.900112316767,1.34664430678032,8,2,4,64,0.911321060986652,28,38855,0,0,0,38855,0,0,38855,0,0,0,0,608,0,0,608,21,3772230,41724522,10938375,41193306,20265210,0.6,3368389.8,-20,-30,-30,-30,-30,0.48,0.42,0.42,0.42,0.42,150,0,0,16319.1,0,0,16319.1,0,0,91200,0,0,91200
"BR0184",3,399.4566572862,299.559680438227,199.726211629175,393.4566572862,293.559680438227,193.726211629175,1.39803267544885,9,2,4,72,0.995810829214127,31,5895,0,0,0,5895,0,3230,2665,0,0,0,45,38,0,0,83,26,14612468,14809158,44233852,878410,3754218,0.6,1806648.6,-30,-30,-30,0,-20,0.42,0.42,0.42,0.6,0.48,150,0,1356.6,1119.3,0,0,2475.9,0,6750,5700,0,0,12450
"BR0185",3,399.877441753675,277.234396359934,298.438073667139,393.877441753675,271.234396359934,292.438073667139,1.35422367622722,6,2,4,48,0.919021653979895,50,47249,0,0,0,47249,0,0,47249,0,0,0,0,985,0,0,985,9,0,9281511,4539762,0,0,0.6,921418.2,10,-30,-30,10,10,0.66,0.42,0.42,0.66,0.66,150,0,0,19844.58,0,0,19844.58,0,0,147750,0,0,147750
"BR0186",3,399.464172072871,299.587905218947,219.748735251768,393.464172072871,293.587905218947,213.748735251768,1.39810415458364,8,2,4,64,0.974012947325199,32,79869,0,2,0,79871,0,2196,77675,0,0,0,35,1214,0,0,1249,25,13163925,24203000,19799650,1645275,2645925,0.6,1474986.6,-30,-30,-30,-10,-20,0.42,0.42,0.42,0.54,0.48,150,0,922.32,32623.5,0,0,33545.82,0,5250,182100,0,0,187350
"BR0187",3,398.802155513947,276.864140466744,280.094523093155,392.802155513947,270.864140466744,274.094523093155,1.35133259196138,6,2,4,48,0.859065587640647,16,614,0,0,0,614,614,0,0,0,0,13,0,0,0,0,13,1,614,0,0,0,0,0.6,368.4,10,10,10,10,10,0.66,0.66,0.66,0.66,0.66,150,405.24,0,0,0,0,405.24,1950,0,0,0,0,1950
"BR0188",3,399.4566572862,299.559680438227,199.726211629175,393.4566572862,293.559680438227,193.726211629175,1.39803267544885,9,2,4,72,0.995810829214127,31,169127,3,1583,0,170713,26659,60694,39724,23628,20008,371,843,552,278,329,2373,26,14612468,14809158,44233852,878410,3754218,0.6,1806648.6,-30,-30,-30,0,-20,0.42,0.42,0.42,0.6,0.48,150,11196.78,25491.48,16684.08,12004.8,11341.44,76718.58,55650,126450,82800,41700,49350,355950
"BR0189",3,398.892297950046,276.87044157952,246.125229701704,392.892297950046,270.87044157952,240.125229701704,1.35152547905913,7,2,4,56,0.880912286746608,19,528201,0,32401,0,560602,0,560602,0,0,0,0,10011,0,0,0,10011,4,0,2705300,0,0,0,0.6,405795,10,-30,10,10,10,0.66,0.42,0.66,0.66,0.66,150,0,235452.84,0,0,0,235452.84,0,1501650,0,0,0,1501650
"BR0190",3,399.926643810439,277.254614848935,255.936472350173,393.926643810439,271.254614848935,249.936472350173,1.35436251731875,7,2,4,56,0.919677561683307,56,17369,0,0,0,17369,0,17369,0,0,0,0,311,0,0,0,311,20,3032900,39372600,14009120,29426500,20363600,0.6,3186141.6,-20,-30,-30,-30,-30,0.48,0.42,0.42,0.42,0.42,150,0,7294.98,0,0,0,7294.98,0,46650,0,0,0,46650
"BR0191",3,399.379355375369,273.94279801479,224.900112316767,393.379355375369,267.94279801479,218.900112316767,1.34664430678032,8,2,4,64,0.911321060986652,28,88246,0,0,0,88246,40731,0,47515,0,0,637,0,743,0,0,1380,21,3772230,41724522,10938375,41193306,20265210,0.6,3368389.8,-20,-30,-30,-30,-30,0.48,0.42,0.42,0.42,0.42,150,19550.88,0,19956.3,0,0,39507.18,95550,0,111450,0,0,207000
"BR0192",3,398.822994214035,239.742158348144,217.0312073662,392.822994214035,233.742158348144,211.0312073662,1.27713030512436,8,2,5,80,0.960711602832889,18,93709,0,0,75,93784,0,0,0,93784,0,0,0,0,0,1173,1173,2,0,0,0,0,280492,0.6,84147.6,10,10,10,10,-20,0.66,0.66,0.66,0.66,0.48,150,0,0,0,0,45016.32,45016.32,0,0,0,0,175950,175950
"BR0193",3,397.509154021161,276.418918157633,290.666922283448,391.509154021161,270.418918157633,284.666922283448,1.34785614435759,6,2,4,48,0.88717237160278,8,352703,1,2,0,352706,0,0,264390,88316,0,0,0,5509,0,1840,7349,7,92043,872844,4159729,69076,916881,0.6,523763.4,10,-20,-30,10,-20,0.66,0.48,0.42,0.66,0.48,150,0,0,111043.8,0,42391.68,153435.48,0,0,826350,0,276000,1102350
"BR0194",3,399.879450675377,299.913580311683,299.899489682015,393.879450675377,293.913580311683,293.899489682015,1.39958606197412,6,2,4,48,0.999075810935959,51,48228,0,0,0,48228,7531,17147,11223,6675,5652,157,358,234,118,140,1007,18,136782,31428684,9133218,1691766,9687888,0.6,1735944.6,10,-30,-30,-10,-30,0.66,0.42,0.42,0.54,0.42,150,4970.46,7201.74,4713.66,3052.08,2803.5,22741.44,23550,53700,35100,17700,21000,151050
"BR0195",3,399.879450675377,299.913580311683,299.899489682015,393.879450675377,293.913580311683,293.899489682015,1.39958606197412,6,2,4,48,0.999075810935959,51,315717,0,0,0,315717,0,0,0,315717,0,0,0,0,0,6578,6578,18,136782,31428684,9133218,1691766,9687888,0.6,1735944.6,10,-30,-30,-10,-30,0.66,0.42,0.42,0.54,0.42,150,0,0,0,0,132601.14,132601.14,0,0,0,0,986700,986700
"BR0196",3,397.509154021161,276.418918157633,290.666922283448,391.509154021161,270.418918157633,284.666922283448,1.34785614435759,6,2,4,48,0.88717237160278,8,31013,0,0,0,31013,0,0,0,31013,0,0,0,0,0,647,647,7,92043,872844,4159729,69076,916881,0.6,523763.4,10,-20,-30,10,-20,0.66,0.48,0.42,0.66,0.48,150,0,0,0,0,14886.24,14886.24,0,0,0,0,97050,97050
"BR0197",3,399.4566572862,299.559680438227,199.726211629175,393.4566572862,293.559680438227,193.726211629175,1.39803267544885,9,2,4,72,0.995810829214127,31,61138,0,0,0,61138,61138,0,0,0,0,850,0,0,0,0,850,26,14612468,14809158,44233852,878410,3754218,0.6,1806648.6,-30,-30,-30,0,-20,0.42,0.42,0.42,0.6,0.48,150,25677.96,0,0,0,0,25677.96,127500,0,0,0,0,127500
"BR0198",3,399.4566572862,299.559680438227,199.726211629175,393.4566572862,293.559680438227,193.726211629175,1.39803267544885,9,2,4,72,0.995810829214127,31,209409,1,7350,0,216760,216760,0,0,0,0,3011,0,0,0,0,3011,26,14612468,14809158,44233852,878410,3754218,0.6,1806648.6,-30,-30,-30,0,-20,0.42,0.42,0.42,0.6,0.48,150,91039.2,0,0,0,0,91039.2,451650,0,0,0,0,451650
"BR0199",3,399.464172072871,299.587905218947,219.748735251768,393.464172072871,293.587905218947,213.748735251768,1.39810415458364,8,2,4,64,0.974012947325199,32,43002,1,0,0,43003,43003,0,0,0,0,672,0,0,0,0,672,25,13163925,24203000,19799650,1645275,2645925,0.6,1474986.6,-30,-30,-30,-10,-20,0.42,0.42,0.42,0.54,0.48,150,18061.26,0,0,0,0,18061.26,100800,0,0,0,0,100800
"BR0200",3,399.555692758424,299.7087205161,179.217411522359,393.555692758424,293.7087205161,173.217411522359,1.39852882654905,10,2,4,80,0.993580710943846,34,70691,0,0,0,70691,70691,0,0,0,0,884,0,0,0,0,884,31,29736998,33095755,3208686,10585229,15891313,0.6,1790670.6,-30,-30,-20,-20,-30,0.42,0.42,0.48,0.48,0.42,150,29690.22,0,0,0,0,29690.22,132600,0,0,0,0,132600
"BR0201",3,399.987041795387,299.989934108923,224.995748919131,393.987041795387,293.989934108923,218.995748919131,1.39995395180862,8,2,4,64,0.999915160158415,57,18969,0,0,0,18969,18969,0,0,0,0,297,0,0,0,0,297,11,387563,6356361,9581121,3509,3564,0.6,890842.8,0,-30,-30,10,10,0.6,0.42,0.42,0.66,0.66,150,11381.4,0,0,0,0,11381.4,44550,0,0,0,0,44550
"BR0202",3,399.555692758424,299.7087205161,179.217411522359,393.555692758424,293.7087205161,173.217411522359,1.39852882654905,10,2,4,80,0.993580710943846,34,81074,0,0,0,81074,81074,0,0,0,0,1014,0,0,0,0,1014,31,29736998,33095755,3208686,10585229,15891313,0.6,1790670.6,-30,-30,-20,-20,-30,0.42,0.42,0.48,0.48,0.42,150,34051.08,0,0,0,0,34051.08,152100,0,0,0,0,152100
"BR0203",3,399.379355375369,273.94279801479,224.900112316767,393.379355375369,267.94279801479,218.900112316767,1.34664430678032,8,2,4,64,0.911321060986652,28,319104,2,0,0,319106,22211,0,0,0,296895,348,0,0,4639,0,4987,21,3772230,41724522,10938375,41193306,20265210,0.6,3368389.8,-20,-30,-30,-30,-30,0.48,0.42,0.42,0.42,0.42,150,10661.28,0,0,124695.9,0,135357.18,52200,0,0,695850,0,748050
"BR0204",3,399.600991575886,273.593475697859,221.693409032635,393.600991575886,267.593475697859,215.693409032635,1.34638893454749,8,2,4,64,0.897679508200255,35,76435,2,0,0,76437,0,0,0,0,76437,0,0,0,1195,0,1195,8,0,0,0,8457616,0,0.6,634321.2,10,10,10,-30,10,0.66,0.66,0.66,0.42,0.66,150,0,0,0,32103.54,0,32103.54,0,0,0,179250,0,179250
"BR0205",3,399.987041795387,299.989934108923,224.995748919131,393.987041795387,293.989934108923,218.995748919131,1.39995395180862,8,2,4,64,0.999915160158415,57,306527,0,1,15867,322395,0,42942,279453,0,0,0,671,4367,0,0,5038,11,387563,6356361,9581121,3509,3564,0.6,890842.8,0,-30,-30,10,10,0.6,0.42,0.42,0.66,0.66,150,0,18035.64,117370.26,0,0,135405.9,0,100650,655050,0,0,755700
"BR0206",3,399.4566572862,299.559680438227,199.726211629175,393.4566572862,293.559680438227,193.726211629175,1.39803267544885,9,2,4,72,0.995810829214127,31,509284,0,5000,26184,540468,0,58719,481749,0,0,0,816,6691,0,0,7507,26,14612468,14809158,44233852,878410,3754218,0.6,1806648.6,-30,-30,-30,0,-20,0.42,0.42,0.42,0.6,0.48,150,0,24661.98,202334.58,0,0,226996.56,0,122400,1003650,0,0,1126050
"BR0207",3,399.4566572862,299.559680438227,199.726211629175,393.4566572862,293.559680438227,193.726211629175,1.39803267544885,9,2,4,72,0.995810829214127,31,698710,1,4364,35872,738947,0,17685,721262,0,0,0,246,10018,0,0,10264,26,14612468,14809158,44233852,878410,3754218,0.6,1806648.6,-30,-30,-30,0,-20,0.42,0.42,0.42,0.6,0.48,150,0,7427.7,302930.04,0,0,310357.74,0,36900,1502700,0,0,1539600
"BR0208",3,399.707692424025,269.789457249705,252.609612684429,393.707692424025,263.789457249705,246.609612684429,1.33899429934746,7,2,4,56,0.882798614033888,40,7252,0,1147,0,8399,0,0,8399,0,0,0,0,150,0,0,150,10,680,5815640,5053100,510,610,0.6,652232.4,10,-30,-30,10,10,0.66,0.42,0.42,0.66,0.66,150,0,0,3527.58,0,0,3527.58,0,0,22500,0,0,22500
"BR0209",3,399.555692758424,299.7087205161,179.217411522359,393.555692758424,293.7087205161,173.217411522359,1.39852882654905,10,2,4,80,0.993580710943846,34,18727,0,0,0,18727,2924,6658,4358,2592,2195,37,84,55,28,33,237,31,29736998,33095755,3208686,10585229,15891313,0.6,1790670.6,-30,-30,-20,-20,-30,0.42,0.42,0.48,0.48,0.42,150,1228.08,2796.36,2091.84,1053.6,1088.64,8258.52,5550,12600,8250,4200,4950,35550
"BR0209XL",3,399.4566572862,299.559680438227,199.726211629175,393.4566572862,293.559680438227,193.726211629175,1.39803267544885,9,2,4,72,0.995810829214127,31,20283,0,0,0,20283,3168,7211,4720,2807,2377,44,101,66,34,39,284,26,14612468,14809158,44233852,878410,3754218,0.6,1806648.6,-30,-30,-30,0,-20,0.42,0.42,0.42,0.6,0.48,150,1330.56,3028.62,1982.4,1426.2,1347.36,9115.14,6600,15150,9900,5100,5850,42600
"BR0210",3,399.555692758424,299.7087205161,179.217411522359,393.555692758424,293.7087205161,173.217411522359,1.39852882654905,10,2,4,80,0.993580710943846,34,61059,0,0,0,61059,0,0,0,61059,0,0,0,0,0,764,764,31,29736998,33095755,3208686,10585229,15891313,0.6,1790670.6,-30,-30,-20,-20,-30,0.42,0.42,0.48,0.48,0.42,150,0,0,0,0,25644.78,25644.78,0,0,0,0,114600,114600
"BR0211",3,399.789976507924,298.39926405273,178.172392210324,393.789976507924,292.39926405273,172.172392210324,1.39637848112131,10,2,4,80,0.984048058693944,44,47588,0,0,0,47588,0,0,0,47588,0,0,0,0,0,595,595,8,0,0,849440,0,6262376,0.6,533386.2,10,10,-20,10,-30,0.66,0.66,0.48,0.66,0.42,150,0,0,0,0,19986.96,19986.96,0,0,0,0,89250,89250
"BR0212",3,398.71731535038,290.364648791201,359.218365142756,392.71731535038,284.364648791201,353.218365142756,1.37816392828316,5,2,4,40,0.962683709041589,14,41492,0,0,0,41492,0,0,0,41492,0,0,0,0,0,1038,1038,4,0,49492,0,0,4629072,0.6,701784.6,10,10,10,10,-30,0.66,0.66,0.66,0.66,0.42,150,0,0,0,0,17426.64,17426.64,0,0,0,0,155700,155700
"BR0213",3,399.84631838546,299.882265270826,212.352365791362,393.84631838546,293.882265270826,206.352365791362,1.39945716731257,8,2,4,64,0.9430554385762,49,2,48016,0,0,48018,0,48018,0,0,0,0,751,0,0,0,751,8,0,6271120,0,0,2359384,0.6,647287.8,10,-30,10,10,-20,0.66,0.42,0.66,0.66,0.48,150,0,20167.56,0,0,0,20167.56,0,112650,0,0,0,112650
"BR0214",3,399.817939885665,299.858578161277,191.063687650431,393.817939885665,293.858578161277,185.063687650431,1.39935303609388,9,2,4,72,0.954433486798637,47,2,30967,0,0,30969,0,30969,0,0,0,0,431,0,0,0,431,3,0,184470,0,0,0,0.6,36894,10,-10,10,10,10,0.66,0.54,0.66,0.66,0.66,150,0,16723.26,0,0,0,16723.26,0,64650,0,0,0,64650
"BR0215",3,399.817939885665,299.858578161277,191.063687650431,393.817939885665,293.858578161277,185.063687650431,1.39935303609388,9,2,4,72,0.954433486798637,47,2,3683,0,0,3685,0,3685,0,0,0,0,52,0,0,0,52,3,0,184470,0,0,0,0.6,36894,10,-10,10,10,10,0.66,0.54,0.66,0.66,0.66,150,0,1989.9,0,0,0,1989.9,0,7800,0,0,0,7800
"BR0216",3,398.816671857971,269.672587953179,179.323471288646,392.816671857971,263.672587953179,173.323471288646,1.3369785196223,10,2,4,80,0.892880819994613,17,3847,35710,0,0,39557,0,39557,0,0,0,0,495,0,0,0,495,7,37891,3532942,1166893,28441,447874,0.6,446917.8,10,-30,-20,10,-10,0.66,0.42,0.48,0.66,0.54,150,0,16613.94,0,0,0,16613.94,0,74250,0,0,0,74250
"BR0217",3,399.555692758424,299.7087205161,179.217411522359,393.555692758424,293.7087205161,173.217411522359,1.39852882654905,10,2,4,80,0.993580710943846,34,2,28665,0,0,28667,0,28667,0,0,0,0,359,0,0,0,359,31,29736998,33095755,3208686,10585229,15891313,0.6,1790670.6,-30,-30,-20,-20,-30,0.42,0.42,0.48,0.48,0.42,150,0,12040.14,0,0,0,12040.14,0,53850,0,0,0,53850
"BR0218",3,399.555692758424,299.7087205161,179.217411522359,393.555692758424,293.7087205161,173.217411522359,1.39852882654905,10,2,4,80,0.993580710943846,34,0,1962,0,0,1962,0,0,0,1962,0,0,0,0,0,25,25,31,29736998,33095755,3208686,10585229,15891313,0.6,1790670.6,-30,-30,-20,-20,-30,0.42,0.42,0.48,0.48,0.42,150,0,0,0,0,824.04,824.04,0,0,0,0,3750,3750
"BR0219",3,399.795645664979,299.853501914681,174.024145066779,393.795645664979,293.853501914681,168.024145066779,1.39929829515932,10,2,4,80,0.965835007394035,46,2,50400,0,0,50402,0,50402,0,0,0,0,631,0,0,0,631,1,0,50402,0,0,0,0.6,30241.2,10,-10,10,10,10,0.66,0.54,0.66,0.66,0.66,150,0,27217.08,0,0,0,27217.08,0,94650,0,0,0,94650
"BR0220",3,398.963977944114,276.919861172734,179.203626516496,392.963977944114,270.919861172734,173.203626516496,1.3517676782337,10,2,4,80,0.916602069961896,21,6678,28026,0,0,34704,0,34704,0,0,0,0,434,0,0,0,434,6,0,950298,772890,0,0,0.6,172318.8,10,-20,-20,10,10,0.66,0.48,0.48,0.66,0.66,150,0,16657.92,0,0,0,16657.92,0,65100,0,0,0,65100
"BR0221",3,398.816671857971,269.672587953179,179.323471288646,392.816671857971,263.672587953179,173.323471288646,1.3369785196223,10,2,4,80,0.892880819994613,17,15119,219095,0,0,234214,0,75581,158633,0,0,0,945,1983,0,0,2928,7,37891,3532942,1166893,28441,447874,0.6,446917.8,10,-30,-20,10,-10,0.66,0.42,0.48,0.66,0.54,150,0,31744.02,76143.84,0,0,107887.86,0,141750,297450,0,0,439200
"BR0222",3,398.579922309114,276.660762454932,199.633529189483,392.579922309114,270.660762454932,193.633529189483,1.35048136952809,9,2,4,72,0.917244740936732,11,11159,47885,0,0,59044,0,59044,0,0,0,0,821,0,0,0,821,14,1653176,23126782,5354454,10334100,0,0.6,1734364.8,-20,-30,-20,-30,10,0.48,0.42,0.48,0.42,0.66,150,0,24798.48,0,0,0,24798.48,0,123150,0,0,0,123150
"BR0223",3,398.963977944114,276.919861172734,179.203626516496,392.963977944114,270.919861172734,173.203626516496,1.3517676782337,10,2,4,80,0.916602069961896,21,954,54391,0,0,55345,0,48316,7029,0,0,0,604,88,0,0,692,6,0,950298,772890,0,0,0.6,172318.8,10,-20,-20,10,10,0.66,0.48,0.48,0.66,0.66,150,0,23191.68,3373.92,0,0,26565.6,0,90600,13200,0,0,103800
"BR0224",3,398.631371988138,268.663912939518,149.816611467009,392.631371988138,262.663912939518,143.816611467009,1.33459056985531,12,2,4,96,0.891391061811762,12,10207,26712,0,0,36919,0,36919,0,0,0,0,385,0,0,0,385,2,0,225912,0,0,0,0.6,67773.6,10,-20,10,10,10,0.66,0.48,0.66,0.66,0.66,150,0,17721.12,0,0,0,17721.12,0,57750,0,0,0,57750
"BR0225",3,398.631371988138,268.663912939518,149.816611467009,392.631371988138,262.663912939518,143.816611467009,1.33459056985531,12,2,4,96,0.891391061811762,12,3640,72397,0,0,76037,0,76037,0,0,0,0,793,0,0,0,793,2,0,225912,0,0,0,0.6,67773.6,10,-20,10,10,10,0.66,0.48,0.66,0.66,0.66,150,0,36497.76,0,0,0,36497.76,0,118950,0,0,0,118950
"BR0226",3,398.963977944114,276.919861172734,179.203626516496,392.963977944114,270.919861172734,173.203626516496,1.3517676782337,10,2,4,80,0.916602069961896,21,3212,18277,0,0,21489,0,7303,14186,0,0,0,92,178,0,0,270,6,0,950298,772890,0,0,0.6,172318.8,10,-20,-20,10,10,0.66,0.48,0.48,0.66,0.66,150,0,3505.44,6809.28,0,0,10314.72,0,13800,26700,0,0,40500
"BR0227",3,399.259674904599,239.837820648833,196.052733420557,393.259674904599,233.837820648833,190.052733420557,1.27819499110686,9,2,5,90,0.977788198095524,26,1727,63340,0,0,65067,0,65067,0,0,0,0,723,0,0,0,723,3,0,2047293,544641,0,0,0.6,518386.8,10,-30,-20,10,10,0.66,0.42,0.48,0.66,0.66,150,0,27328.14,0,0,0,27328.14,0,108450,0,0,0,108450
"BR0228",3,398.963977944114,276.919861172734,179.203626516496,392.963977944114,270.919861172734,173.203626516496,1.3517676782337,10,2,4,80,0.916602069961896,21,5200,30741,0,0,35941,0,5834,30107,0,0,0,73,377,0,0,450,6,0,950298,772890,0,0,0.6,172318.8,10,-20,-20,10,10,0.66,0.48,0.48,0.66,0.66,150,0,2800.32,14451.36,0,0,17251.68,0,10950,56550,0,0,67500
"BR0229",3,398.579922309114,276.660762454932,199.633529189483,392.579922309114,270.660762454932,193.633529189483,1.35048136952809,9,2,4,72,0.917244740936732,11,2,163733,0,0,163735,0,143834,19901,0,0,0,1998,277,0,0,2275,14,1653176,23126782,5354454,10334100,0,0.6,1734364.8,-20,-30,-20,-30,10,0.48,0.42,0.48,0.42,0.66,150,0,60410.28,9552.48,0,0,69962.76,0,299700,41550,0,0,341250
"BR0230",3,399.727283445585,299.78815753376,149.939735003316,393.727283445585,293.78815753376,143.939735003316,1.39903088195869,12,2,4,96,0.998211339288231,42,164,2062,0,0,2226,0,511,1715,0,0,0,6,18,0,0,24,6,59790,139188,99384,44874,903528,0.6,124676.4,10,0,10,10,-20,0.66,0.6,0.66,0.66,0.48,150,0,306.6,1131.9,0,0,1438.5,0,900,2700,0,0,3600
"BR0231",3,399.789976507924,298.39926405273,178.172392210324,393.789976507924,292.39926405273,172.172392210324,1.39637848112131,10,2,4,80,0.984048058693944,44,2,1901,0,0,1903,0,0,1903,0,0,0,0,24,0,0,24,8,0,0,849440,0,6262376,0.6,533386.2,10,10,-20,10,-30,0.66,0.66,0.48,0.66,0.42,150,0,0,913.44,0,0,913.44,0,0,3600,0,0,3600
"BR0232",3,399.693335084587,299.762924302295,257.100144978147,393.693335084587,293.762924302295,251.100144978147,1.39891251877376,7,2,4,56,0.998277846887019,38,11594,0,0,0,11594,0,0,11594,0,0,0,0,208,0,0,208,28,29084916,14313292,21513156,8963136,15359960,0.6,1912167,-30,-30,-30,-20,-30,0.42,0.42,0.42,0.48,0.42,150,0,0,4869.48,0,0,4869.48,0,0,31200,0,0,31200
"BR0233",3,399.879450675377,299.913580311683,299.899489682015,393.879450675377,293.913580311683,293.899489682015,1.39958606197412,6,2,4,48,0.999075810935959,51,0,1,443343,0,443344,0,0,443344,0,0,0,0,9237,0,0,9237,18,136782,31428684,9133218,1691766,9687888,0.6,1735944.6,10,-30,-30,-10,-30,0.66,0.42,0.42,0.54,0.42,150,0,0,186204.48,0,0,186204.48,0,0,1385550,0,0,1385550
"BR0234",3,398.963977944114,276.919861172734,179.203626516496,392.963977944114,270.919861172734,173.203626516496,1.3517676782337,10,2,4,80,0.916602069961896,21,62225,0,1,0,62226,0,62226,0,0,0,0,778,0,0,0,778,6,0,950298,772890,0,0,0.6,172318.8,10,-20,-20,10,10,0.66,0.48,0.48,0.66,0.66,150,0,29868.48,0,0,0,29868.48,0,116700,0,0,0,116700
"BR0235",3,399.926643810439,277.254614848935,255.936472350173,393.926643810439,271.254614848935,249.936472350173,1.35436251731875,7,2,4,56,0.919677561683307,56,8667,0,2659,0,11326,11326,0,0,0,0,203,0,0,0,0,203,20,3032900,39372600,14009120,29426500,20363600,0.6,3186141.6,-20,-30,-30,-30,-30,0.48,0.42,0.42,0.42,0.42,150,5436.48,0,0,0,0,5436.48,30450,0,0,0,0,30450
"BR0236",3,399.926643810439,277.254614848935,255.936472350173,393.926643810439,271.254614848935,249.936472350173,1.35436251731875,7,2,4,56,0.919677561683307,56,80935,0,5395,0,86330,86330,0,0,0,0,1542,0,0,0,0,1542,20,3032900,39372600,14009120,29426500,20363600,0.6,3186141.6,-20,-30,-30,-30,-30,0.48,0.42,0.42,0.42,0.42,150,41438.4,0,0,0,0,41438.4,231300,0,0,0,0,231300
"BR0237",3,399.288142989791,299.489681815439,249.106387964785,393.288142989791,293.489681815439,243.106387964785,1.39755564961046,7,2,4,56,0.965378076026621,27,16762,1,0,0,16763,0,0,16763,0,0,0,0,300,0,0,300,8,0,0,4619800,0,4011408,0.6,647340.6,10,10,-30,10,-30,0.66,0.66,0.42,0.66,0.42,150,0,0,7040.46,0,0,7040.46,0,0,45000,0,0,45000
"BR0238",3,399.693335084587,299.762924302295,257.100144978147,393.693335084587,293.762924302295,251.100144978147,1.39891251877376,7,2,4,56,0.998277846887019,38,196,0,38089,0,38285,0,0,38285,0,0,0,0,684,0,0,684,28,29084916,14313292,21513156,8963136,15359960,0.6,1912167,-30,-30,-30,-20,-30,0.42,0.42,0.42,0.48,0.42,150,0,0,16079.7,0,0,16079.7,0,0,102600,0,0,102600
"BR0239",3,398.065471387297,239.576210143892,268.412056686635,392.065471387297,233.576210143892,262.412056686635,1.27528336306238,6,2,5,60,0.888807540955237,9,1534176,2,9,1004,1535191,0,1165678,369513,0,0,0,19428,6159,0,0,25587,4,140,6737440,2635752,108,124,0.6,1406034.6,10,-30,-30,10,10,0.66,0.42,0.42,0.66,0.66,150,0,489584.76,155195.46,0,0,644780.22,0,2914200,923850,0,0,3838050
"BR0240",3,398.065471387297,239.576210143892,268.412056686635,392.065471387297,233.576210143892,262.412056686635,1.27528336306238,6,2,5,60,0.888807540955237,9,1,0,146137,0,146138,0,110963,35175,0,0,0,1850,587,0,0,2437,4,140,6737440,2635752,108,124,0.6,1406034.6,10,-30,-30,10,10,0.66,0.42,0.42,0.66,0.66,150,0,46604.46,14773.5,0,0,61377.96,0,277500,88050,0,0,365550
"BR0241",3,399.693335084587,299.762924302295,257.100144978147,393.693335084587,293.762924302295,251.100144978147,1.39891251877376,7,2,4,56,0.998277846887019,38,8244,0,13085,0,21329,0,21329,0,0,0,0,381,0,0,0,381,28,29084916,14313292,21513156,8963136,15359960,0.6,1912167,-30,-30,-30,-20,-30,0.42,0.42,0.42,0.48,0.42,150,0,8958.18,0,0,0,8958.18,0,57150,0,0,0,57150
"BR0242",3,399.693335084587,299.762924302295,257.100144978147,393.693335084587,293.762924302295,251.100144978147,1.39891251877376,7,2,4,56,0.998277846887019,38,102787,0,0,0,102787,0,102787,0,0,0,0,1836,0,0,0,1836,28,29084916,14313292,21513156,8963136,15359960,0.6,1912167,-30,-30,-30,-20,-30,0.42,0.42,0.42,0.48,0.42,150,0,43170.54,0,0,0,43170.54,0,275400,0,0,0,275400
"BR0243",3,399.403325358649,299.531366951489,290.889912118574,393.403325358649,293.531366951489,284.889912118574,1.39786938462028,6,2,4,48,0.966674237571528,30,733361,28205,119454,0,881020,0,0,881020,0,0,0,0,18355,0,0,18355,14,15200626,9823324,16858856,0,0,0.6,1794977.4,-30,-30,-30,10,10,0.42,0.42,0.42,0.66,0.66,150,0,0,370028.4,0,0,370028.4,0,0,2753250,0,0,2753250
"BR0244",3,399.288142989791,299.489681815439,249.106387964785,393.288142989791,293.489681815439,243.106387964785,1.39755564961046,7,2,4,56,0.965378076026621,27,541199,0,6696,0,547895,0,0,547895,0,0,0,0,9784,0,0,9784,8,0,0,4619800,0,4011408,0.6,647340.6,10,10,-30,10,-30,0.66,0.66,0.42,0.66,0.42,150,0,0,230115.9,0,0,230115.9,0,0,1467600,0,0,1467600
"BR0245",3,399.555282378015,238.973500554299,244.125950324208,393.555282378015,232.973500554299,238.125950324208,1.27705756586463,7,2,5,70,0.944267127028848,33,20724,0,0,0,20724,20724,0,0,0,0,297,0,0,0,0,297,12,1379580,1519512,645816,0,0,0.6,177245.4,-20,-20,-10,10,10,0.48,0.48,0.54,0.66,0.66,150,9947.52,0,0,0,0,9947.52,44550,0,0,0,0,44550
"BR0246",3,397.471079795313,239.630666481262,254.209749977919,391.471079795313,233.630666481262,248.209749977919,1.27420349255315,7,2,5,70,0.980831569193078,7,152096,0,1255,0,153351,153351,0,0,0,0,2191,0,0,0,0,2191,2,306702,66480,0,0,0,0.6,111954.6,-20,0,10,10,10,0.48,0.6,0.66,0.66,0.66,150,73608.48,0,0,0,0,73608.48,328650,0,0,0,0,328650
"BR0247",3,399.877441753675,277.234396359934,298.438073667139,393.877441753675,271.234396359934,292.438073667139,1.35422367622722,6,2,4,48,0.919021653979895,50,2,0,660044,742,660788,0,660788,0,0,0,0,13767,0,0,0,13767,9,0,9281511,4539762,0,0,0.6,921418.2,10,-30,-30,10,10,0.66,0.42,0.42,0.66,0.66,150,0,277530.96,0,0,0,277530.96,0,2065050,0,0,0,2065050
"BR0248",3,399.601957405569,286.627219137481,317.550127412735,393.601957405569,280.627219137481,311.550127412735,1.3724583530861,5,2,4,40,0.841925341180126,36,0,0,576148,0,576148,576148,0,0,0,0,14404,0,0,0,0,14404,1,576148,0,0,0,0,0.6,345688.8,-30,10,10,10,10,0.42,0.66,0.66,0.66,0.66,150,241982.16,0,0,0,0,241982.16,2160600,0,0,0,0,2160600
"BR0249",3,399.403325358649,299.531366951489,290.889912118574,393.403325358649,293.531366951489,284.889912118574,1.39786938462028,6,2,4,48,0.966674237571528,30,0,0,282539,0,282539,0,282539,0,0,0,0,5887,0,0,0,5887,14,15200626,9823324,16858856,0,0,0.6,1794977.4,-30,-30,-30,10,10,0.42,0.42,0.42,0.66,0.66,150,0,118666.38,0,0,0,118666.38,0,883050,0,0,0,883050
"BR0250",3,399.879450675377,299.913580311683,299.899489682015,393.879450675377,293.913580311683,293.899489682015,1.39958606197412,6,2,4,48,0.999075810935959,51,0,0,13200,0,13200,0,13200,0,0,0,0,275,0,0,0,275,18,136782,31428684,9133218,1691766,9687888,0.6,1735944.6,10,-30,-30,-10,-30,0.66,0.42,0.42,0.54,0.42,150,0,5544,0,0,0,5544,0,41250,0,0,0,41250
"BR0251",3,399.73284817278,269.792928196326,343.999201005041,393.73284817278,263.792928196326,337.999201005041,1.33905155273821,5,2,4,40,0.858764507415755,43,0,0,120133,0,120133,0,120133,0,0,0,0,3004,0,0,0,3004,4,0,5649776,777064,0,0,0.6,964026,10,-30,-20,10,10,0.66,0.42,0.48,0.66,0.66,150,0,50455.86,0,0,0,50455.86,0,450600,0,0,0,450600
"BR0252",3,399.73284817278,269.792928196326,343.999201005041,393.73284817278,263.792928196326,337.999201005041,1.33905155273821,5,2,4,40,0.858764507415755,43,0,0,1165084,5540,1170624,0,1170624,0,0,0,0,29266,0,0,0,29266,4,0,5649776,777064,0,0,0.6,964026,10,-30,-20,10,10,0.66,0.42,0.48,0.66,0.66,150,0,491662.08,0,0,0,491662.08,0,4389900,0,0,0,4389900
"BR0253",3,398.160604168388,276.111906237395,354.075095717425,392.160604168388,270.111906237395,348.075095717425,1.34854502081157,5,2,4,40,0.901062789692161,10,0,0,1913149,0,1913149,1913149,0,0,0,0,47829,0,0,0,0,47829,2,3904932,0,0,0,0,0.6,1171479.6,-30,10,10,10,10,0.42,0.66,0.66,0.66,0.66,150,803522.58,0,0,0,0,803522.58,7174350,0,0,0,0,7174350
"BR0254",3,398.160604168388,276.111906237395,354.075095717425,392.160604168388,270.111906237395,348.075095717425,1.34854502081157,5,2,4,40,0.901062789692161,10,0,0,39317,0,39317,39317,0,0,0,0,983,0,0,0,0,983,2,3904932,0,0,0,0,0.6,1171479.6,-30,10,10,10,10,0.42,0.66,0.66,0.66,0.66,150,16513.14,0,0,0,0,16513.14,147450,0,0,0,0,147450
"BR0255",3,398.71731535038,290.364648791201,359.218365142756,392.71731535038,284.364648791201,353.218365142756,1.37816392828316,5,2,4,40,0.962683709041589,14,0,0,702946,4513,707459,0,0,0,707459,0,0,0,0,0,17687,17687,4,0,49492,0,0,4629072,0.6,701784.6,10,10,10,10,-30,0.66,0.66,0.66,0.66,0.42,150,0,0,0,0,297132.78,297132.78,0,0,0,0,2653050,2653050
"BR0256",3,398.71731535038,290.364648791201,359.218365142756,392.71731535038,284.364648791201,353.218365142756,1.37816392828316,5,2,4,40,0.962683709041589,14,0,0,408317,0,408317,0,0,0,408317,0,0,0,0,0,10208,10208,4,0,49492,0,0,4629072,0.6,701784.6,10,10,10,10,-30,0.66,0.66,0.66,0.66,0.42,150,0,0,0,0,171493.14,171493.14,0,0,0,0,1531200,1531200
"BR0257",3,399.403325358649,299.531366951489,290.889912118574,393.403325358649,293.531366951489,284.889912118574,1.39786938462028,6,2,4,48,0.966674237571528,30,0,0,114566,1136,115702,0,62721,52981,0,0,0,1307,1104,0,0,2411,14,15200626,9823324,16858856,0,0,0.6,1794977.4,-30,-30,-30,10,10,0.42,0.42,0.42,0.66,0.66,150,0,26342.82,22252.02,0,0,48594.84,0,196050,165600,0,0,361650
"BR0258",3,399.879450675377,299.913580311683,299.899489682015,393.879450675377,293.913580311683,293.899489682015,1.39958606197412,6,2,4,48,0.999075810935959,51,0,0,128133,503,128636,0,128636,0,0,0,0,2680,0,0,0,2680,18,136782,31428684,9133218,1691766,9687888,0.6,1735944.6,10,-30,-30,-10,-30,0.66,0.42,0.42,0.54,0.42,150,0,54027.12,0,0,0,54027.12,0,402000,0,0,0,402000
"BR0259",3,399.707692424025,269.789457249705,252.609612684429,393.707692424025,263.789457249705,246.609612684429,1.33899429934746,7,2,4,56,0.882798614033888,40,0,0,38639,0,38639,0,38639,0,0,0,0,690,0,0,0,690,10,680,5815640,5053100,510,610,0.6,652232.4,10,-30,-30,10,10,0.66,0.42,0.42,0.66,0.66,150,0,16228.38,0,0,0,16228.38,0,103500,0,0,0,103500
"BR0260",3,399.600991575886,273.593475697859,221.693409032635,393.600991575886,267.593475697859,215.693409032635,1.34638893454749,8,2,4,64,0.897679508200255,35,16557,0,0,0,16557,0,0,0,0,16557,0,0,0,259,0,259,8,0,0,0,8457616,0,0.6,634321.2,10,10,10,-30,10,0.66,0.66,0.66,0.42,0.66,150,0,0,0,6953.94,0,6953.94,0,0,0,38850,0,38850
"BR0261",3,398.579922309114,276.660762454932,199.633529189483,392.579922309114,270.660762454932,193.633529189483,1.35048136952809,9,2,4,72,0.917244740936732,11,28626,0,0,0,28626,0,24918,3708,0,0,0,347,52,0,0,399,14,1653176,23126782,5354454,10334100,0,0.6,1734364.8,-20,-30,-20,-30,10,0.48,0.42,0.48,0.42,0.66,150,0,10465.56,1779.84,0,0,12245.4,0,52050,7800,0,0,59850
"BR0262",3,398.579922309114,276.660762454932,199.633529189483,392.579922309114,270.660762454932,193.633529189483,1.35048136952809,9,2,4,72,0.917244740936732,11,9883,0,0,0,9883,0,9883,0,0,0,0,138,0,0,0,138,14,1653176,23126782,5354454,10334100,0,0.6,1734364.8,-20,-30,-20,-30,10,0.48,0.42,0.48,0.42,0.66,150,0,4150.86,0,0,0,4150.86,0,20700,0,0,0,20700
"BR0263",3,399.029021458927,239.787292105319,206.542616533952,393.029021458927,233.787292105319,200.542616533952,1.27763262712849,8,2,5,80,0.914927264806229,22,47162,0,0,0,47162,47162,0,0,0,0,590,0,0,0,0,590,1,47162,0,0,0,0,0.6,28297.2,0,10,10,10,10,0.6,0.66,0.66,0.66,0.66,150,28297.2,0,0,0,0,28297.2,88500,0,0,0,0,88500
"BR0264",3,399.79411415875,239.950962354025,215.483884683226,393.79411415875,233.950962354025,209.483884683226,1.27949015302555,8,2,5,80,0.957017627627729,45,163709,0,0,0,163709,96397,0,0,0,67312,1205,0,0,842,0,2047,5,3997110,514185,0,1234415,0,0.6,689485.2,-30,-20,10,-20,10,0.42,0.48,0.66,0.48,0.66,150,40486.74,0,0,32309.76,0,72796.5,180750,0,0,126300,0,307050
"BR0265",3,399.259674904599,239.837820648833,196.052733420557,393.259674904599,233.837820648833,190.052733420557,1.27819499110686,9,2,5,90,0.977788198095524,26,68585,0,0,0,68585,0,0,68585,0,0,0,0,763,0,0,763,3,0,2047293,544641,0,0,0.6,518386.8,10,-30,-20,10,10,0.66,0.42,0.48,0.66,0.66,150,0,0,32920.8,0,0,32920.8,0,0,114450,0,0,114450
"BR0266",3,399.828921779431,299.877356999302,271.931420790883,393.828921779431,293.877356999302,265.931420790883,1.39941255755747,6,2,4,48,0.905679987311111,48,0,32727,0,0,32727,0,32727,0,0,0,0,682,0,0,0,682,14,374374,7437836,18446778,185668,2225328,0.6,1228713.6,0,-30,-30,10,-20,0.6,0.42,0.42,0.66,0.48,150,0,13745.34,0,0,0,13745.34,0,102300,0,0,0,102300
"BR0267",3,399.877441753675,277.234396359934,298.438073667139,393.877441753675,271.234396359934,292.438073667139,1.35422367622722,6,2,4,48,0.919021653979895,50,161176,0,0,0,161176,0,0,161176,0,0,0,0,3358,0,0,3358,9,0,9281511,4539762,0,0,0.6,921418.2,10,-30,-30,10,10,0.66,0.42,0.42,0.66,0.66,150,0,0,67693.92,0,0,67693.92,0,0,503700,0,0,503700
"BR0268",3,399.555692758424,299.7087205161,179.217411522359,393.555692758424,293.7087205161,173.217411522359,1.39852882654905,10,2,4,80,0.993580710943846,34,0,327106,0,0,327106,167630,0,0,0,159476,2096,0,0,1994,0,4090,31,29736998,33095755,3208686,10585229,15891313,0.6,1790670.6,-30,-30,-20,-20,-30,0.42,0.42,0.48,0.48,0.42,150,70404.6,0,0,76548.48,0,146953.08,314400,0,0,299100,0,613500
"BR0269",3,398.579922309114,276.660762454932,199.633529189483,392.579922309114,270.660762454932,193.633529189483,1.35048136952809,9,2,4,72,0.917244740936732,11,0,91498,0,0,91498,47704,0,0,0,43794,663,0,0,609,0,1272,14,1653176,23126782,5354454,10334100,0,0.6,1734364.8,-20,-30,-20,-30,10,0.48,0.42,0.48,0.42,0.66,150,22897.92,0,0,18393.48,0,41291.4,99450,0,0,91350,0,190800
"BR0270",3,399.4566572862,299.559680438227,199.726211629175,393.4566572862,293.559680438227,193.726211629175,1.39803267544885,9,2,4,72,0.995810829214127,31,0,50204,0,0,50204,0,32403,17801,0,0,0,451,248,0,0,699,26,14612468,14809158,44233852,878410,3754218,0.6,1806648.6,-30,-30,-30,0,-20,0.42,0.42,0.42,0.6,0.48,150,0,13609.26,7476.42,0,0,21085.68,0,67650,37200,0,0,104850
"BR0271",3,399.4566572862,299.559680438227,199.726211629175,393.4566572862,293.559680438227,193.726211629175,1.39803267544885,9,2,4,72,0.995810829214127,31,0,51599,0,0,51599,0,27922,23677,0,0,0,388,329,0,0,717,26,14612468,14809158,44233852,878410,3754218,0.6,1806648.6,-30,-30,-30,0,-20,0.42,0.42,0.42,0.6,0.48,150,0,11727.24,9944.34,0,0,21671.58,0,58200,49350,0,0,107550
"BR0272",3,399.693335084587,299.762924302295,257.100144978147,393.693335084587,293.762924302295,251.100144978147,1.39891251877376,7,2,4,56,0.998277846887019,38,0,39097,0,0,39097,0,0,39097,0,0,0,0,699,0,0,699,28,29084916,14313292,21513156,8963136,15359960,0.6,1912167,-30,-30,-30,-20,-30,0.42,0.42,0.42,0.48,0.42,150,0,0,16420.74,0,0,16420.74,0,0,104850,0,0,104850
"BR0273",3,399.464172072871,299.587905218947,219.748735251768,393.464172072871,293.587905218947,213.748735251768,1.39810415458364,8,2,4,64,0.974012947325199,32,0,26831,0,0,26831,0,20493,6338,0,0,0,321,100,0,0,421,25,13163925,24203000,19799650,1645275,2645925,0.6,1474986.6,-30,-30,-30,-10,-20,0.42,0.42,0.42,0.54,0.48,150,0,8607.06,2661.96,0,0,11269.02,0,48150,15000,0,0,63150
"BR0274",3,399.693335084587,299.762924302295,257.100144978147,393.693335084587,293.762924302295,251.100144978147,1.39891251877376,7,2,4,56,0.998277846887019,38,0,19222,0,0,19222,0,14930,4292,0,0,0,267,77,0,0,344,28,29084916,14313292,21513156,8963136,15359960,0.6,1912167,-30,-30,-30,-20,-30,0.42,0.42,0.42,0.48,0.42,150,0,6270.6,1802.64,0,0,8073.24,0,40050,11550,0,0,51600
"BR0275",3,399.555692758424,299.7087205161,179.217411522359,393.555692758424,293.7087205161,173.217411522359,1.39852882654905,10,2,4,80,0.993580710943846,34,0,61369,0,0,61369,0,61369,0,0,0,0,768,0,0,0,768,31,29736998,33095755,3208686,10585229,15891313,0.6,1790670.6,-30,-30,-20,-20,-30,0.42,0.42,0.48,0.48,0.42,150,0,25774.98,0,0,0,25774.98,0,115200,0,0,0,115200
"BR0276",3,398.705408975371,298.983218032755,163.357544839731,392.705408975371,292.983218032755,157.357544839731,1.39537725401625,11,2,4,88,0.991692596752447,13,0,66448,0,0,66448,0,66448,0,0,0,0,756,0,0,0,756,15,2084415,11326320,83385,496680,1066470,0.6,602290.8,-20,-30,10,0,-10,0.48,0.42,0.66,0.6,0.54,150,0,27908.16,0,0,0,27908.16,0,113400,0,0,0,113400
"BR0277",3,399.877441753675,277.234396359934,298.438073667139,393.877441753675,271.234396359934,292.438073667139,1.35422367622722,6,2,4,48,0.919021653979895,50,0,79676,0,0,79676,0,0,79676,0,0,0,0,1660,0,0,1660,9,0,9281511,4539762,0,0,0.6,921418.2,10,-30,-30,10,10,0.66,0.42,0.42,0.66,0.66,150,0,0,33463.92,0,0,33463.92,0,0,249000,0,0,249000
"BR0278",3,399.877441753675,277.234396359934,298.438073667139,393.877441753675,271.234396359934,292.438073667139,1.35422367622722,6,2,4,48,0.919021653979895,50,0,68416,0,0,68416,0,0,68416,0,0,0,0,1426,0,0,1426,9,0,9281511,4539762,0,0,0.6,921418.2,10,-30,-30,10,10,0.66,0.42,0.42,0.66,0.66,150,0,0,28734.72,0,0,28734.72,0,0,213900,0,0,213900
"BR0279",3,399.693335084587,299.762924302295,257.100144978147,393.693335084587,293.762924302295,251.100144978147,1.39891251877376,7,2,4,56,0.998277846887019,38,0,90724,0,0,90724,0,0,90724,0,0,0,0,1621,0,0,1621,28,29084916,14313292,21513156,8963136,15359960,0.6,1912167,-30,-30,-30,-20,-30,0.42,0.42,0.42,0.48,0.42,150,0,0,38104.08,0,0,38104.08,0,0,243150,0,0,243150
"BR0280",3,399.693335084587,299.762924302295,257.100144978147,393.693335084587,293.762924302295,251.100144978147,1.39891251877376,7,2,4,56,0.998277846887019,38,0,87449,0,0,87449,0,0,87449,0,0,0,0,1562,0,0,1562,28,29084916,14313292,21513156,8963136,15359960,0.6,1912167,-30,-30,-30,-20,-30,0.42,0.42,0.42,0.48,0.42,150,0,0,36728.58,0,0,36728.58,0,0,234300,0,0,234300
"BR0281",3,399.464172072871,299.587905218947,219.748735251768,393.464172072871,293.587905218947,213.748735251768,1.39810415458364,8,2,4,64,0.974012947325199,32,0,19900,0,0,19900,19900,0,0,0,0,311,0,0,0,0,311,25,13163925,24203000,19799650,1645275,2645925,0.6,1474986.6,-30,-30,-30,-10,-20,0.42,0.42,0.42,0.54,0.48,150,8358,0,0,0,0,8358,46650,0,0,0,0,46650
"BR0282",3,399.828921779431,299.877356999302,271.931420790883,393.828921779431,293.877356999302,265.931420790883,1.39941255755747,6,2,4,48,0.905679987311111,48,0,19984,0,0,19984,3121,7105,4650,2766,2342,66,149,97,49,58,419,14,374374,7437836,18446778,185668,2225328,0.6,1228713.6,0,-30,-30,10,-20,0.6,0.42,0.42,0.66,0.48,150,1872.6,2984.1,1953,1545.72,1327.68,9683.1,9900,22350,14550,7350,8700,62850
"BR0283",3,399.987041795387,299.989934108923,224.995748919131,393.987041795387,293.989934108923,218.995748919131,1.39995395180862,8,2,4,64,0.999915160158415,57,0,25144,0,0,25144,0,25144,0,0,0,0,393,0,0,0,393,11,387563,6356361,9581121,3509,3564,0.6,890842.8,0,-30,-30,10,10,0.6,0.42,0.42,0.66,0.66,150,0,10560.48,0,0,0,10560.48,0,58950,0,0,0,58950
"BR0284",3,399.464172072871,299.587905218947,219.748735251768,393.464172072871,293.587905218947,213.748735251768,1.39810415458364,8,2,4,64,0.974012947325199,32,0,57430,0,0,57430,57430,0,0,0,0,898,0,0,0,0,898,25,13163925,24203000,19799650,1645275,2645925,0.6,1474986.6,-30,-30,-30,-10,-20,0.42,0.42,0.42,0.54,0.48,150,24120.6,0,0,0,0,24120.6,134700,0,0,0,0,134700
"BR0285",3,399.555692758424,299.7087205161,179.217411522359,393.555692758424,293.7087205161,173.217411522359,1.39852882654905,10,2,4,80,0.993580710943846,34,0,8419,0,0,8419,1315,2993,1959,1165,987,17,38,25,13,15,108,31,29736998,33095755,3208686,10585229,15891313,0.6,1790670.6,-30,-30,-20,-20,-30,0.42,0.42,0.48,0.48,0.42,150,552.3,1257.06,940.32,473.76,489.3,3712.74,2550,5700,3750,1950,2250,16200
"BR0286",3,399.555692758424,299.7087205161,179.217411522359,393.555692758424,293.7087205161,173.217411522359,1.39852882654905,10,2,4,80,0.993580710943846,34,0,2671,0,0,2671,417,950,621,370,313,6,12,8,4,5,35,31,29736998,33095755,3208686,10585229,15891313,0.6,1790670.6,-30,-30,-20,-20,-30,0.42,0.42,0.48,0.48,0.42,150,175.14,399,298.08,150.24,155.4,1177.86,900,1800,1200,600,750,5250
"BR0287",3,399.877441753675,277.234396359934,298.438073667139,393.877441753675,271.234396359934,292.438073667139,1.35422367622722,6,2,4,48,0.919021653979895,50,3201,0,107656,0,110857,0,0,110857,0,0,0,0,2310,0,0,2310,9,0,9281511,4539762,0,0,0.6,921418.2,10,-30,-30,10,10,0.66,0.42,0.42,0.66,0.66,150,0,0,46559.94,0,0,46559.94,0,0,346500,0,0,346500
"BR0288",3,399.091067535497,239.867256980065,233.07956154354,393.091067535497,233.867256980065,227.07956154354,1.27791664903112,7,2,5,70,0.903860631245766,24,124709,0,2741,0,127450,19903,45313,29657,17640,14937,285,648,424,214,252,1823,8,251720,1068736,3557680,544936,997144,0.6,481516.2,0,-20,-20,-10,-20,0.6,0.48,0.48,0.54,0.48,150,11941.8,21750.24,14235.36,8065.98,8467.2,64460.58,42750,97200,63600,32100,37800,273450
"BR0289",3,398.822994214035,239.742158348144,217.0312073662,392.822994214035,233.742158348144,211.0312073662,1.27713030512436,8,2,5,80,0.960711602832889,18,0,46462,0,0,46462,0,0,0,46462,0,0,0,0,0,581,581,2,0,0,0,0,280492,0.6,84147.6,10,10,10,10,-20,0.66,0.66,0.66,0.66,0.48,150,0,0,0,0,22301.76,22301.76,0,0,0,0,87150,87150
"BR0290",3,399.879450675377,299.913580311683,299.899489682015,393.879450675377,293.913580311683,293.899489682015,1.39958606197412,6,2,4,48,0.999075810935959,51,0,34241,0,0,34241,0,34241,0,0,0,0,714,0,0,0,714,18,136782,31428684,9133218,1691766,9687888,0.6,1735944.6,10,-30,-30,-10,-30,0.66,0.42,0.42,0.54,0.42,150,0,14381.22,0,0,0,14381.22,0,107100,0,0,0,107100
"BR0291",3,399.4566572862,299.559680438227,199.726211629175,393.4566572862,293.559680438227,193.726211629175,1.39803267544885,9,2,4,72,0.995810829214127,31,0,53472,0,0,53472,0,0,0,53472,0,0,0,0,0,743,743,26,14612468,14809158,44233852,878410,3754218,0.6,1806648.6,-30,-30,-30,0,-20,0.42,0.42,0.42,0.6,0.48,150,0,0,0,0,25666.56,25666.56,0,0,0,0,111450,111450
"BR0292",3,399.403325358649,299.531366951489,290.889912118574,393.403325358649,293.531366951489,284.889912118574,1.39786938462028,6,2,4,48,0.966674237571528,30,0,61797,0,0,61797,0,61797,0,0,0,0,1288,0,0,0,1288,14,15200626,9823324,16858856,0,0,0.6,1794977.4,-30,-30,-30,10,10,0.42,0.42,0.42,0.66,0.66,150,0,25954.74,0,0,0,25954.74,0,193200,0,0,0,193200
"BR0293",3,399.464172072871,299.587905218947,219.748735251768,393.464172072871,293.587905218947,213.748735251768,1.39810415458364,8,2,4,64,0.974012947325199,32,0,65498,0,0,65498,0,0,0,65498,0,0,0,0,0,1024,1024,25,13163925,24203000,19799650,1645275,2645925,0.6,1474986.6,-30,-30,-30,-10,-20,0.42,0.42,0.42,0.54,0.48,150,0,0,0,0,31439.04,31439.04,0,0,0,0,153600,153600
"BR0294",3,399.913412963177,299.937927302393,185.7431819242,393.913412963177,293.937927302393,179.7431819242,1.39970268053114,9,2,4,72,0.928322754647945,55,0,8197,0,0,8197,0,0,0,8197,0,0,0,0,0,114,114,2,0,0,0,0,217962,0.6,65388.6,10,10,10,10,-20,0.66,0.66,0.66,0.66,0.48,150,0,0,0,0,3934.56,3934.56,0,0,0,0,17100,17100
"BR0295",3,399.709108395608,299.774039414591,238.891854981838,393.709108395608,293.774039414591,232.891854981838,1.3989662956204,7,2,4,56,0.927649033640618,41,0,27938,0,0,27938,0,27938,0,0,0,0,499,0,0,0,499,9,0,6935679,0,879984,8400276,0.6,1081062.6,10,-30,10,-10,-30,0.66,0.42,0.66,0.54,0.42,150,0,11733.96,0,0,0,11733.96,0,74850,0,0,0,74850
"BR0296",3,399.709108395608,299.774039414591,238.891854981838,393.709108395608,293.774039414591,232.891854981838,1.3989662956204,7,2,4,56,0.927649033640618,41,0,42128,0,0,42128,0,0,0,42128,0,0,0,0,0,753,753,9,0,6935679,0,879984,8400276,0.6,1081062.6,10,-30,10,-10,-30,0.66,0.42,0.66,0.54,0.42,150,0,0,0,0,17693.76,17693.76,0,0,0,0,112950,112950
"BR0297",3,399.727283445585,299.78815753376,149.939735003316,393.727283445585,293.78815753376,143.939735003316,1.39903088195869,12,2,4,96,0.998211339288231,42,0,112903,0,0,112903,0,0,0,112903,0,0,0,0,0,1177,1177,6,59790,139188,99384,44874,903528,0.6,124676.4,10,0,10,10,-20,0.66,0.6,0.66,0.66,0.48,150,0,0,0,0,54193.44,54193.44,0,0,0,0,176550,176550
"BR0298",3,399.727283445585,299.78815753376,149.939735003316,393.727283445585,293.78815753376,143.939735003316,1.39903088195869,12,2,4,96,0.998211339288231,42,0,28852,0,0,28852,0,0,0,28852,0,0,0,0,0,301,301,6,59790,139188,99384,44874,903528,0.6,124676.4,10,0,10,10,-20,0.66,0.6,0.66,0.66,0.48,150,0,0,0,0,13848.96,13848.96,0,0,0,0,45150,45150
"BR0299",3,399.464172072871,299.587905218947,219.748735251768,393.464172072871,293.587905218947,213.748735251768,1.39810415458364,8,2,4,64,0.974012947325199,32,0,10947,0,0,10947,0,0,0,10947,0,0,0,0,0,172,172,25,13163925,24203000,19799650,1645275,2645925,0.6,1474986.6,-30,-30,-30,-10,-20,0.42,0.42,0.42,0.54,0.48,150,0,0,0,0,5254.56,5254.56,0,0,0,0,25800,25800
"BR0300",3,398.728014516786,239.721351436929,222.275080893379,392.728014516786,233.721351436929,216.275080893379,1.27689873190743,8,2,5,80,0.983604469130541,15,0,537174,0,0,537174,0,166453,370721,0,0,0,2081,4635,0,0,6716,3,0,499359,1174053,105180,0,0.6,355718.4,10,-20,-20,0,10,0.66,0.48,0.48,0.6,0.66,150,0,79897.44,177946.08,0,0,257843.52,0,312150,695250,0,0,1007400
"BR0301",3,399.705435075731,239.935471963507,260.085897932075,393.705435075731,233.935471963507,254.085897932075,1.27928181407848,6,2,5,60,0.86608163501073,39,0,84080,0,0,84080,0,0,0,0,84080,0,0,0,1402,0,1402,2,0,0,0,727510,0,0.6,218253,10,10,10,-20,10,0.66,0.66,0.66,0.48,0.66,150,0,0,0,40358.4,0,40358.4,0,0,0,210300,0,210300
"BR0302",3,399.79411415875,239.950962354025,215.483884683226,393.79411415875,233.950962354025,209.483884683226,1.27949015302555,8,2,5,80,0.957017627627729,45,0,743209,0,0,743209,662841,80368,0,0,0,8286,1005,0,0,0,9291,5,3997110,514185,0,1234415,0,0.6,689485.2,-30,-20,10,-20,10,0.42,0.48,0.66,0.48,0.66,150,278393.22,38576.64,0,0,0,316969.86,1242900,150750,0,0,0,1393650
"BR0303",3,396.08834787281,239.458388343332,157.416841079885,390.08834787281,233.458388343332,151.416841079885,1.27109347243228,11,2,5,110,0.950434651711263,4,9612,0,0,0,9612,9612,0,0,0,0,88,0,0,0,0,88,6,217344,0,0,0,0,0.6,21734.4,0,10,10,10,10,0.6,0.66,0.66,0.66,0.66,150,5767.2,0,0,0,0,5767.2,13200,0,0,0,0,13200
"BR0304",3,399.899158030004,271.854958477787,163.620258901912,393.899158030004,265.854958477787,157.620258901912,1.34350823301558,11,2,4,88,0.905865579587384,53,135472,0,16117,0,151589,23672,53895,35274,20982,17766,269,613,401,202,239,1724,2,70836,161274,105552,53162,62786,0.6,136083,0,-10,-10,0,0,0.6,0.54,0.54,0.6,0.6,150,14203.2,29103.3,19047.96,10659.6,12589.2,85603.26,40350,91950,60150,30300,35850,258600
"BR0305",3,399.693335084587,299.762924302295,257.100144978147,393.693335084587,293.762924302295,251.100144978147,1.39891251877376,7,2,4,56,0.998277846887019,38,3162,0,25544,164,28870,0,0,28870,0,0,0,0,516,0,0,516,28,29084916,14313292,21513156,8963136,15359960,0.6,1912167,-30,-30,-30,-20,-30,0.42,0.42,0.42,0.48,0.42,150,0,0,12125.4,0,0,12125.4,0,0,77400,0,0,77400
"BR0306",3,399.693335084587,299.762924302295,257.100144978147,393.693335084587,293.762924302295,251.100144978147,1.39891251877376,7,2,4,56,0.998277846887019,38,2,0,890710,0,890712,890712,0,0,0,0,15906,0,0,0,0,15906,28,29084916,14313292,21513156,8963136,15359960,0.6,1912167,-30,-30,-30,-20,-30,0.42,0.42,0.42,0.48,0.42,150,374099.04,0,0,0,0,374099.04,2385900,0,0,0,0,2385900
"BR0307",3,399.693335084587,299.762924302295,257.100144978147,393.693335084587,293.762924302295,251.100144978147,1.39891251877376,7,2,4,56,0.998277846887019,38,0,36192,0,0,36192,36192,0,0,0,0,647,0,0,0,0,647,28,29084916,14313292,21513156,8963136,15359960,0.6,1912167,-30,-30,-30,-20,-30,0.42,0.42,0.42,0.48,0.42,150,15200.64,0,0,0,0,15200.64,97050,0,0,0,0,97050
"BR0308",3,399.464172072871,299.587905218947,219.748735251768,393.464172072871,293.587905218947,213.748735251768,1.39810415458364,8,2,4,64,0.974012947325199,32,0,32017,0,0,32017,32017,0,0,0,0,501,0,0,0,0,501,25,13163925,24203000,19799650,1645275,2645925,0.6,1474986.6,-30,-30,-30,-10,-20,0.42,0.42,0.42,0.54,0.48,150,13447.14,0,0,0,0,13447.14,75150,0,0,0,0,75150
"BR0309",3,398.963977944114,276.919861172734,179.203626516496,392.963977944114,270.919861172734,173.203626516496,1.3517676782337,10,2,4,80,0.916602069961896,21,2519,74974,0,0,77493,0,0,77493,0,0,0,0,969,0,0,969,6,0,950298,772890,0,0,0.6,172318.8,10,-20,-20,10,10,0.66,0.48,0.48,0.66,0.66,150,0,0,37196.64,0,0,37196.64,0,0,145350,0,0,145350
"BR0310",3,397.509154021161,276.418918157633,290.666922283448,391.509154021161,270.418918157633,284.666922283448,1.34785614435759,6,2,4,48,0.88717237160278,8,81950,0,2252,0,84202,13149,29937,19594,11654,9868,274,624,409,206,243,1756,7,92043,872844,4159729,69076,916881,0.6,523763.4,10,-20,-30,10,-20,0.66,0.48,0.42,0.66,0.48,150,8678.34,14369.76,8229.48,6512.88,5593.92,43384.38,41100,93600,61350,30900,36450,263400
"BR0310XL",3,399.828921779431,299.877356999302,271.931420790883,393.828921779431,293.877356999302,265.931420790883,1.39941255755747,6,2,4,48,0.905679987311111,48,90679,0,2492,0,93171,14550,33125,21680,12896,10920,304,691,452,228,269,1944,14,374374,7437836,18446778,185668,2225328,0.6,1228713.6,0,-30,-30,10,-20,0.6,0.42,0.42,0.66,0.48,150,8730,13912.5,9105.6,7207.2,6190.08,45145.38,45600,103650,67800,34200,40350,291600
"BR0311",3,399.464172072871,299.587905218947,219.748735251768,393.464172072871,293.587905218947,213.748735251768,1.39810415458364,8,2,4,64,0.974012947325199,32,56336,0,2,0,56338,8798,20030,13109,7798,6603,138,313,205,104,122,882,25,13163925,24203000,19799650,1645275,2645925,0.6,1474986.6,-30,-30,-30,-10,-20,0.42,0.42,0.42,0.54,0.48,150,3695.16,8412.6,5505.78,3565.62,3743.04,24922.2,20700,46950,30750,15600,18300,132300
"BR0312",3,399.464172072871,299.587905218947,219.748735251768,393.464172072871,293.587905218947,213.748735251768,1.39810415458364,8,2,4,64,0.974012947325199,32,56648,0,0,0,56648,8846,20140,13182,7841,6639,139,315,206,104,123,887,25,13163925,24203000,19799650,1645275,2645925,0.6,1474986.6,-30,-30,-30,-10,-20,0.42,0.42,0.42,0.54,0.48,150,3715.32,8458.8,5536.44,3585.06,3763.68,25059.3,20850,47250,30900,15600,18450,133050
"BR0313",3,399.464172072871,299.587905218947,219.748735251768,393.464172072871,293.587905218947,213.748735251768,1.39810415458364,8,2,4,64,0.974012947325199,32,96723,0,2638,0,99361,15516,35326,23121,13753,11645,243,552,362,182,215,1554,25,13163925,24203000,19799650,1645275,2645925,0.6,1474986.6,-30,-30,-30,-10,-20,0.42,0.42,0.42,0.54,0.48,150,6516.72,14836.92,9710.82,6288.3,6601.44,43954.2,36450,82800,54300,27300,32250,233100
"BR0314",3,399.789976507924,298.39926405273,178.172392210324,393.789976507924,292.39926405273,172.172392210324,1.39637848112131,10,2,4,80,0.984048058693944,44,449345,0,0,0,449345,0,0,11770,437575,0,0,0,148,0,5470,5618,8,0,0,849440,0,6262376,0.6,533386.2,10,10,-20,10,-30,0.66,0.66,0.48,0.66,0.42,150,0,0,5649.6,0,183781.5,189431.1,0,0,22200,0,820500,842700
"BR0314XL",3,399.555692758424,299.7087205161,179.217411522359,393.555692758424,293.7087205161,173.217411522359,1.39852882654905,10,2,4,80,0.993580710943846,34,438153,0,0,0,438153,0,0,11477,426676,0,0,0,144,0,5334,5478,31,29736998,33095755,3208686,10585229,15891313,0.6,1790670.6,-30,-30,-20,-20,-30,0.42,0.42,0.48,0.48,0.42,150,0,0,5508.96,0,179203.92,184712.88,0,0,21600,0,800100,821700
"BR0315",3,399.789976507924,298.39926405273,178.172392210324,393.789976507924,292.39926405273,172.172392210324,1.39637848112131,10,2,4,80,0.984048058693944,44,73214,0,0,3345,76559,0,0,76559,0,0,0,0,957,0,0,957,8,0,0,849440,0,6262376,0.6,533386.2,10,10,-20,10,-30,0.66,0.66,0.48,0.66,0.42,150,0,0,36748.32,0,0,36748.32,0,0,143550,0,0,143550
"BR0316",3,398.705408975371,298.983218032755,163.357544839731,392.705408975371,292.983218032755,157.357544839731,1.39537725401625,11,2,4,88,0.991692596752447,13,57896,0,0,0,57896,41815,0,0,0,16081,476,0,0,183,0,659,15,2084415,11326320,83385,496680,1066470,0.6,602290.8,-20,-30,10,0,-10,0.48,0.42,0.66,0.6,0.54,150,20071.2,0,0,9648.6,0,29719.8,71400,0,0,27450,0,98850
"BR0317",3,398.705408975371,298.983218032755,163.357544839731,392.705408975371,292.983218032755,157.357544839731,1.39537725401625,11,2,4,88,0.991692596752447,13,58373,0,0,0,58373,51399,0,0,6974,0,585,0,0,0,80,665,15,2084415,11326320,83385,496680,1066470,0.6,602290.8,-20,-30,10,0,-10,0.48,0.42,0.66,0.6,0.54,150,24671.52,0,0,0,3765.96,28437.48,87750,0,0,0,12000,99750
"BR0318",3,399.4566572862,299.559680438227,199.726211629175,393.4566572862,293.559680438227,193.726211629175,1.39803267544885,9,2,4,72,0.995810829214127,31,23876,0,0,0,23876,3728,8489,5556,3305,2798,52,118,78,39,46,333,26,14612468,14809158,44233852,878410,3754218,0.6,1806648.6,-30,-30,-30,0,-20,0.42,0.42,0.42,0.6,0.48,150,1565.76,3565.38,2333.52,1678.8,1586.4,10729.86,7800,17700,11700,5850,6900,49950
"BR0319",3,398.705408975371,298.983218032755,163.357544839731,392.705408975371,292.983218032755,157.357544839731,1.39537725401625,11,2,4,88,0.991692596752447,13,24396,0,0,0,24396,19886,0,0,4510,0,226,0,0,0,52,278,15,2084415,11326320,83385,496680,1066470,0.6,602290.8,-20,-30,10,0,-10,0.48,0.42,0.66,0.6,0.54,150,9545.28,0,0,0,2435.4,11980.68,33900,0,0,0,7800,41700
"BR0320",3,399.84631838546,299.882265270826,212.352365791362,393.84631838546,293.882265270826,206.352365791362,1.39945716731257,8,2,4,64,0.9430554385762,49,10948,0,0,0,10948,0,10948,0,0,0,0,172,0,0,0,172,8,0,6271120,0,0,2359384,0.6,647287.8,10,-30,10,10,-20,0.66,0.42,0.66,0.66,0.48,150,0,4598.16,0,0,0,4598.16,0,25800,0,0,0,25800
"BR0321",3,399.705435075731,239.935471963507,260.085897932075,393.705435075731,233.935471963507,254.085897932075,1.27928181407848,6,2,5,60,0.86608163501073,39,279675,0,0,0,279675,0,0,0,0,279675,0,0,0,4662,0,4662,2,0,0,0,727510,0,0.6,218253,10,10,10,-20,10,0.66,0.66,0.66,0.48,0.66,150,0,0,0,134244,0,134244,0,0,0,699300,0,699300
"BR0322",3,399.987041795387,299.989934108923,224.995748919131,393.987041795387,293.989934108923,218.995748919131,1.39995395180862,8,2,4,64,0.999915160158415,57,27820,0,438531,0,466351,0,0,466351,0,0,0,0,7287,0,0,7287,11,387563,6356361,9581121,3509,3564,0.6,890842.8,0,-30,-30,10,10,0.6,0.42,0.42,0.66,0.66,150,0,0,195867.42,0,0,195867.42,0,0,1093050,0,0,1093050
"BR0323",3,399.288142989791,299.489681815439,249.106387964785,393.288142989791,293.489681815439,243.106387964785,1.39755564961046,7,2,4,56,0.965378076026621,27,0,0,12817,0,12817,0,0,12817,0,0,0,0,229,0,0,229,8,0,0,4619800,0,4011408,0.6,647340.6,10,10,-30,10,-30,0.66,0.66,0.42,0.66,0.42,150,0,0,5383.14,0,0,5383.14,0,0,34350,0,0,34350
"BR0324",3,398.816671857971,269.672587953179,179.323471288646,392.816671857971,263.672587953179,173.323471288646,1.3369785196223,10,2,4,80,0.892880819994613,17,142401,0,0,0,142401,0,83217,0,59184,0,0,1041,0,0,740,1781,7,37891,3532942,1166893,28441,447874,0.6,446917.8,10,-30,-20,10,-10,0.66,0.42,0.48,0.66,0.54,150,0,34951.14,0,0,31959.36,66910.5,0,156150,0,0,111000,267150
"BR0325",3,399.926643810439,277.254614848935,255.936472350173,393.926643810439,271.254614848935,249.936472350173,1.35436251731875,7,2,4,56,0.919677561683307,56,0,51347,0,0,51347,0,0,51347,0,0,0,0,917,0,0,917,20,3032900,39372600,14009120,29426500,20363600,0.6,3186141.6,-20,-30,-30,-30,-30,0.48,0.42,0.42,0.42,0.42,150,0,0,21565.74,0,0,21565.74,0,0,137550,0,0,137550
"BR0326",3,399.252702837035,239.836293299358,272.493450158913,393.252702837035,233.836293299358,266.493450158913,1.27817799227279,6,2,5,60,0.905996142021994,25,0,65147,0,0,65147,0,65147,0,0,0,0,1086,0,0,0,1086,1,0,65147,0,0,0,0.6,39088.2,10,-10,10,10,10,0.66,0.54,0.66,0.66,0.66,150,0,35179.38,0,0,0,35179.38,0,162900,0,0,0,162900
"BR0327",3,395.167844752098,238.941435956593,286.802884248491,389.167844752098,232.941435956593,280.802884248491,1.26821856141738,6,2,5,60,0.940294929970922,2,0,58364,0,0,58364,0,58364,0,0,0,0,973,0,0,0,973,1,0,58364,0,0,0,0.6,35018.4,10,-10,10,10,10,0.66,0.54,0.66,0.66,0.66,150,0,31516.56,0,0,0,31516.56,0,145950,0,0,0,145950
"BR0328",3,399.091067535497,239.867256980065,233.07956154354,393.091067535497,233.867256980065,227.07956154354,1.27791664903112,7,2,5,70,0.903860631245766,24,0,36180,0,0,36180,0,36180,0,0,0,0,517,0,0,0,517,8,251720,1068736,3557680,544936,997144,0.6,481516.2,0,-20,-20,-10,-20,0.6,0.48,0.48,0.54,0.48,150,0,17366.4,0,0,0,17366.4,0,77550,0,0,0,77550
"BR0329",3,399.555282378015,238.973500554299,244.125950324208,393.555282378015,232.973500554299,238.125950324208,1.27705756586463,7,2,5,70,0.944267127028848,33,0,33395,0,0,33395,0,33395,0,0,0,0,478,0,0,0,478,12,1379580,1519512,645816,0,0,0.6,177245.4,-20,-20,-10,10,10,0.48,0.48,0.54,0.66,0.66,150,0,16029.6,0,0,0,16029.6,0,71700,0,0,0,71700
"BR0330",3,399.091067535497,239.867256980065,233.07956154354,393.091067535497,233.867256980065,227.07956154354,1.27791664903112,7,2,5,70,0.903860631245766,24,0,36080,0,0,36080,0,36080,0,0,0,0,516,0,0,0,516,8,251720,1068736,3557680,544936,997144,0.6,481516.2,0,-20,-20,-10,-20,0.6,0.48,0.48,0.54,0.48,150,0,17318.4,0,0,0,17318.4,0,77400,0,0,0,77400
"BR0331",3,399.555282378015,238.973500554299,244.125950324208,393.555282378015,232.973500554299,238.125950324208,1.27705756586463,7,2,5,70,0.944267127028848,33,0,28544,0,0,28544,0,28544,0,0,0,0,408,0,0,0,408,12,1379580,1519512,645816,0,0,0.6,177245.4,-20,-20,-10,10,10,0.48,0.48,0.54,0.66,0.66,150,0,13701.12,0,0,0,13701.12,0,61200,0,0,0,61200
"BR0332",3,399.707692424025,269.789457249705,252.609612684429,393.707692424025,263.789457249705,246.609612684429,1.33899429934746,7,2,4,56,0.882798614033888,40,737870,842,0,789,739501,0,518338,221163,0,0,0,9257,3950,0,0,13207,10,680,5815640,5053100,510,610,0.6,652232.4,10,-30,-30,10,10,0.66,0.42,0.42,0.66,0.66,150,0,217701.96,92888.46,0,0,310590.42,0,1388550,592500,0,0,1981050
"BR0333",3,399.379355375369,273.94279801479,224.900112316767,393.379355375369,267.94279801479,218.900112316767,1.34664430678032,8,2,4,64,0.911321060986652,28,47485,10440,3,150,58078,0,46286,11792,0,0,0,724,185,0,0,909,21,3772230,41724522,10938375,41193306,20265210,0.6,3368389.8,-20,-30,-30,-30,-30,0.48,0.42,0.42,0.42,0.42,150,0,19440.12,4952.64,0,0,24392.76,0,108600,27750,0,0,136350
"BR0334",3,399.926643810439,277.254614848935,255.936472350173,393.926643810439,271.254614848935,249.936472350173,1.35436251731875,7,2,4,56,0.919677561683307,56,786867,98,2649,4631,794245,0,498454,162211,133580,0,0,8901,2897,0,2386,14184,20,3032900,39372600,14009120,29426500,20363600,0.6,3186141.6,-20,-30,-30,-30,-30,0.48,0.42,0.42,0.42,0.42,150,0,209350.68,68128.62,0,56103.6,333582.9,0,1335150,434550,0,357900,2127600
"BR0335",3,399.707692424025,269.789457249705,252.609612684429,393.707692424025,263.789457249705,246.609612684429,1.33899429934746,7,2,4,56,0.882798614033888,40,31652,0,0,0,31652,0,24433,7219,0,0,0,437,129,0,0,566,10,680,5815640,5053100,510,610,0.6,652232.4,10,-30,-30,10,10,0.66,0.42,0.42,0.66,0.66,150,0,10261.86,3031.98,0,0,13293.84,0,65550,19350,0,0,84900
"BR0336",3,399.4566572862,299.559680438227,199.726211629175,393.4566572862,293.559680438227,193.726211629175,1.39803267544885,9,2,4,72,0.995810829214127,31,30101,0,0,0,30101,0,26422,3679,0,0,0,367,52,0,0,419,26,14612468,14809158,44233852,878410,3754218,0.6,1806648.6,-30,-30,-30,0,-20,0.42,0.42,0.42,0.6,0.48,150,0,11097.24,1545.18,0,0,12642.42,0,55050,7800,0,0,62850
"BR0337",3,398.728014516786,239.721351436929,222.275080893379,392.728014516786,233.721351436929,216.275080893379,1.27689873190743,8,2,5,80,0.983604469130541,15,17838,0,1289,1503,20630,0,0,20630,0,0,0,0,258,0,0,258,3,0,499359,1174053,105180,0,0.6,355718.4,10,-20,-20,0,10,0.66,0.48,0.48,0.6,0.66,150,0,0,9902.4,0,0,9902.4,0,0,38700,0,0,38700
"BR0338",3,399.555692758424,299.7087205161,179.217411522359,393.555692758424,293.7087205161,173.217411522359,1.39852882654905,10,2,4,80,0.993580710943846,34,34163,0,0,2795,36958,0,1072,35886,0,0,0,14,449,0,0,463,31,29736998,33095755,3208686,10585229,15891313,0.6,1790670.6,-30,-30,-20,-20,-30,0.42,0.42,0.48,0.48,0.42,150,0,450.24,17225.28,0,0,17675.52,0,2100,67350,0,0,69450
"BR0339",3,398.065471387297,239.576210143892,268.412056686635,392.065471387297,233.576210143892,262.412056686635,1.27528336306238,6,2,5,60,0.888807540955237,9,642678,0,19158,0,661836,0,407639,254197,0,0,0,6794,4237,0,0,11031,4,140,6737440,2635752,108,124,0.6,1406034.6,10,-30,-30,10,10,0.66,0.42,0.42,0.66,0.66,150,0,171208.38,106762.74,0,0,277971.12,0,1019100,635550,0,0,1654650
"BR0340",3,399.379355375369,273.94279801479,224.900112316767,393.379355375369,267.94279801479,218.900112316767,1.34664430678032,8,2,4,64,0.911321060986652,28,1697970,0,30437,0,1728407,0,1006991,333326,388090,0,0,15735,5209,0,6064,27008,21,3772230,41724522,10938375,41193306,20265210,0.6,3368389.8,-20,-30,-30,-30,-30,0.48,0.42,0.42,0.42,0.42,150,0,422936.22,139996.92,0,162997.8,725930.94,0,2360250,781350,0,909600,4051200
"BR0340XL",3,399.926643810439,277.254614848935,255.936472350173,393.926643810439,271.254614848935,249.936472350173,1.35436251731875,7,2,4,56,0.919677561683307,56,1559526,0,27955,0,1587481,0,924886,306148,356447,0,0,16516,5467,0,6366,28349,20,3032900,39372600,14009120,29426500,20363600,0.6,3186141.6,-20,-30,-30,-30,-30,0.48,0.42,0.42,0.42,0.42,150,0,388452.12,128582.16,0,149707.74,666742.02,0,2477400,820050,0,954900,4252350
"BR0341",3,399.091067535497,239.867256980065,233.07956154354,393.091067535497,233.867256980065,227.07956154354,1.27791664903112,7,2,5,70,0.903860631245766,24,512738,0,9318,0,522056,0,0,415053,107003,0,0,0,5930,0,1529,7459,8,251720,1068736,3557680,544936,997144,0.6,481516.2,0,-20,-20,-10,-20,0.6,0.48,0.48,0.54,0.48,150,0,0,199225.44,0,51361.44,250586.88,0,0,889500,0,229350,1118850
"BR0342",3,398.892297950046,276.87044157952,246.125229701704,392.892297950046,270.87044157952,240.125229701704,1.35152547905913,7,2,4,56,0.880912286746608,19,40711,0,0,0,40711,0,40711,0,0,0,0,727,0,0,0,727,4,0,2705300,0,0,0,0.6,405795,10,-30,10,10,10,0.66,0.42,0.66,0.66,0.66,150,0,17098.62,0,0,0,17098.62,0,109050,0,0,0,109050
"BR0343",3,399.73284817278,269.792928196326,343.999201005041,393.73284817278,263.792928196326,337.999201005041,1.33905155273821,5,2,4,40,0.858764507415755,43,0,0,286173,0,286173,0,91907,194266,0,0,0,2298,4857,0,0,7155,4,0,5649776,777064,0,0,0.6,964026,10,-30,-20,10,10,0.66,0.42,0.48,0.66,0.66,150,0,38600.94,93247.68,0,0,131848.62,0,344700,728550,0,0,1073250
"BR0344",3,397.509154021161,276.418918157633,290.666922283448,391.509154021161,270.418918157633,284.666922283448,1.34785614435759,6,2,4,48,0.88717237160278,8,0,0,312633,0,312633,0,92689,219944,0,0,0,1932,4583,0,0,6515,7,92043,872844,4159729,69076,916881,0.6,523763.4,10,-20,-30,10,-20,0.66,0.48,0.42,0.66,0.48,150,0,44490.72,92376.48,0,0,136867.2,0,289800,687450,0,0,977250
"BR0345",3,399.891448512403,299.919553286123,317.631731930534,393.891448512403,293.919553286123,311.631731930534,1.39962200359705,5,2,4,40,0.881834393858629,52,6083,0,519602,0,525685,0,94198,431487,0,0,0,2355,10788,0,0,13143,3,0,370332,1294461,0,0,0.6,332958.6,10,-20,-20,10,10,0.66,0.48,0.48,0.66,0.66,150,0,45215.04,207113.76,0,0,252328.8,0,353250,1618200,0,0,1971450
"BR0346",3,399.693335084587,299.762924302295,257.100144978147,393.693335084587,293.762924302295,251.100144978147,1.39891251877376,7,2,4,56,0.998277846887019,38,2657,0,397961,0,400618,0,134550,266068,0,0,0,2403,4752,0,0,7155,28,29084916,14313292,21513156,8963136,15359960,0.6,1912167,-30,-30,-30,-20,-30,0.42,0.42,0.42,0.48,0.42,150,0,56511,111748.56,0,0,168259.56,0,360450,712800,0,0,1073250
"BR0347",3,399.288142989791,299.489681815439,249.106387964785,393.288142989791,293.489681815439,243.106387964785,1.39755564961046,7,2,4,56,0.965378076026621,27,5,0,380621,1090,381716,0,0,0,381716,0,0,0,0,0,6817,6817,8,0,0,4619800,0,4011408,0.6,647340.6,10,10,-30,10,-30,0.66,0.66,0.42,0.66,0.42,150,0,0,0,0,160320.72,160320.72,0,0,0,0,1022550,1022550
"BR0348",3,399.403325358649,299.531366951489,290.889912118574,393.403325358649,293.531366951489,284.889912118574,1.39786938462028,6,2,4,48,0.966674237571528,30,2,0,142660,0,142662,0,64906,77756,0,0,0,1353,1620,0,0,2973,14,15200626,9823324,16858856,0,0,0.6,1794977.4,-30,-30,-30,10,10,0.42,0.42,0.42,0.66,0.66,150,0,27260.52,32657.52,0,0,59918.04,0,202950,243000,0,0,445950
"BR0349",3,399.693335084587,299.762924302295,257.100144978147,393.693335084587,293.762924302295,251.100144978147,1.39891251877376,7,2,4,56,0.998277846887019,38,0,0,92361,0,92361,0,0,92361,0,0,0,0,1650,0,0,1650,28,29084916,14313292,21513156,8963136,15359960,0.6,1912167,-30,-30,-30,-20,-30,0.42,0.42,0.42,0.48,0.42,150,0,0,38791.62,0,0,38791.62,0,0,247500,0,0,247500
"BR0350",3,399.464172072871,299.587905218947,219.748735251768,393.464172072871,293.587905218947,213.748735251768,1.39810415458364,8,2,4,64,0.974012947325199,32,139,0,3647,0,3786,3786,0,0,0,0,60,0,0,0,0,60,25,13163925,24203000,19799650,1645275,2645925,0.6,1474986.6,-30,-30,-30,-10,-20,0.42,0.42,0.42,0.54,0.48,150,1590.12,0,0,0,0,1590.12,9000,0,0,0,0,9000
"BR0351",3,399.464172072871,299.587905218947,219.748735251768,393.464172072871,293.587905218947,213.748735251768,1.39810415458364,8,2,4,64,0.974012947325199,32,3207,0,68372,0,71579,71579,0,0,0,0,1119,0,0,0,0,1119,25,13163925,24203000,19799650,1645275,2645925,0.6,1474986.6,-30,-30,-30,-10,-20,0.42,0.42,0.42,0.54,0.48,150,30063.18,0,0,0,0,30063.18,167850,0,0,0,0,167850
"BR0352",3,399.877441753675,277.234396359934,298.438073667139,393.877441753675,271.234396359934,292.438073667139,1.35422367622722,6,2,4,48,0.919021653979895,50,30713,0,0,0,30713,0,18980,11733,0,0,0,396,245,0,0,641,9,0,9281511,4539762,0,0,0.6,921418.2,10,-30,-30,10,10,0.66,0.42,0.42,0.66,0.66,150,0,7971.6,4927.86,0,0,12899.46,0,59400,36750,0,0,96150
"BR0353",3,396.736060465176,239.523320860284,264.159669960407,390.736060465176,233.523320860284,258.159669960407,1.27251876265092,6,2,5,60,0.871612613269493,5,21335,0,0,0,21335,21335,0,0,0,0,356,0,0,0,0,356,5,437365,0,0,0,0,0.6,52483.8,-10,10,10,10,10,0.54,0.66,0.66,0.66,0.66,150,11520.9,0,0,0,0,11520.9,53400,0,0,0,0,53400
"BR0354",3,397.509154021161,276.418918157633,290.666922283448,391.509154021161,270.418918157633,284.666922283448,1.34785614435759,6,2,4,48,0.88717237160278,8,50094,0,0,0,50094,0,0,50094,0,0,0,0,1044,0,0,1044,7,92043,872844,4159729,69076,916881,0.6,523763.4,10,-20,-30,10,-20,0.66,0.48,0.42,0.66,0.48,150,0,0,21039.48,0,0,21039.48,0,0,156600,0,0,156600
"BR0355",3,398.579922309114,276.660762454932,199.633529189483,392.579922309114,270.660762454932,193.633529189483,1.35048136952809,9,2,4,72,0.917244740936732,11,23972,0,0,0,23972,0,23972,0,0,0,0,333,0,0,0,333,14,1653176,23126782,5354454,10334100,0,0.6,1734364.8,-20,-30,-20,-30,10,0.48,0.42,0.48,0.42,0.66,150,0,10068.24,0,0,0,10068.24,0,49950,0,0,0,49950
"BR0356",3,399.926643810439,277.254614848935,255.936472350173,393.926643810439,271.254614848935,249.936472350173,1.35436251731875,7,2,4,56,0.919677561683307,56,37946,0,0,0,37946,0,0,37946,0,0,0,0,678,0,0,678,20,3032900,39372600,14009120,29426500,20363600,0.6,3186141.6,-20,-30,-30,-30,-30,0.48,0.42,0.42,0.42,0.42,150,0,0,15937.32,0,0,15937.32,0,0,101700,0,0,101700
"BR0357",3,399.555282378015,238.973500554299,244.125950324208,393.555282378015,232.973500554299,238.125950324208,1.27705756586463,7,2,5,70,0.944267127028848,33,23014,0,0,0,23014,0,15160,7854,0,0,0,217,113,0,0,330,12,1379580,1519512,645816,0,0,0.6,177245.4,-20,-20,-10,10,10,0.48,0.48,0.54,0.66,0.66,150,0,7276.8,4241.16,0,0,11517.96,0,32550,16950,0,0,49500
"BR0358",3,399.693335084587,299.762924302295,257.100144978147,393.693335084587,293.762924302295,251.100144978147,1.39891251877376,7,2,4,56,0.998277846887019,38,0,8728,0,0,8728,0,8728,0,0,0,0,156,0,0,0,156,28,29084916,14313292,21513156,8963136,15359960,0.6,1912167,-30,-30,-30,-20,-30,0.42,0.42,0.42,0.48,0.42,150,0,3665.76,0,0,0,3665.76,0,23400,0,0,0,23400
"BR0359",3,399.555282378015,238.973500554299,244.125950324208,393.555282378015,232.973500554299,238.125950324208,1.27705756586463,7,2,5,70,0.944267127028848,33,19687,0,0,0,19687,19687,0,0,0,0,282,0,0,0,0,282,12,1379580,1519512,645816,0,0,0.6,177245.4,-20,-20,-10,10,10,0.48,0.48,0.54,0.66,0.66,150,9449.76,0,0,0,0,9449.76,42300,0,0,0,0,42300
"BR0360",3,399.4566572862,299.559680438227,199.726211629175,393.4566572862,293.559680438227,193.726211629175,1.39803267544885,9,2,4,72,0.995810829214127,31,100212,0,0,0,100212,0,0,100212,0,0,0,0,1392,0,0,1392,26,14612468,14809158,44233852,878410,3754218,0.6,1806648.6,-30,-30,-30,0,-20,0.42,0.42,0.42,0.6,0.48,150,0,0,42089.04,0,0,42089.04,0,0,208800,0,0,208800
"BR0361",3,398.705408975371,298.983218032755,163.357544839731,392.705408975371,292.983218032755,157.357544839731,1.39537725401625,11,2,4,88,0.991692596752447,13,114948,0,0,0,114948,0,110251,4697,0,0,0,1253,54,0,0,1307,15,2084415,11326320,83385,496680,1066470,0.6,602290.8,-20,-30,10,0,-10,0.48,0.42,0.66,0.6,0.54,150,0,46305.42,3100.02,0,0,49405.44,0,187950,8100,0,0,196050
"BR0362",3,399.828921779431,299.877356999302,271.931420790883,393.828921779431,293.877356999302,265.931420790883,1.39941255755747,6,2,4,48,0.905679987311111,48,22649,0,0,0,22649,0,0,22649,0,0,0,0,472,0,0,472,14,374374,7437836,18446778,185668,2225328,0.6,1228713.6,0,-30,-30,10,-20,0.6,0.42,0.42,0.66,0.48,150,0,0,9512.58,0,0,9512.58,0,0,70800,0,0,70800
"BR0363",3,399.828921779431,299.877356999302,271.931420790883,393.828921779431,293.877356999302,265.931420790883,1.39941255755747,6,2,4,48,0.905679987311111,48,93363,0,0,0,93363,0,0,0,93363,0,0,0,0,0,1946,1946,14,374374,7437836,18446778,185668,2225328,0.6,1228713.6,0,-30,-30,10,-20,0.6,0.42,0.42,0.66,0.48,150,0,0,0,0,44814.24,44814.24,0,0,0,0,291900,291900
"BR0364",3,399.709108395608,299.774039414591,238.891854981838,393.709108395608,293.774039414591,232.891854981838,1.3989662956204,7,2,4,56,0.927649033640618,41,80636,0,0,0,80636,0,80636,0,0,0,0,1440,0,0,0,1440,9,0,6935679,0,879984,8400276,0.6,1081062.6,10,-30,10,-10,-30,0.66,0.42,0.66,0.54,0.42,150,0,33867.12,0,0,0,33867.12,0,216000,0,0,0,216000
"BR0365",3,399.555692758424,299.7087205161,179.217411522359,393.555692758424,293.7087205161,173.217411522359,1.39852882654905,10,2,4,80,0.993580710943846,34,107201,0,0,0,107201,0,107201,0,0,0,0,1341,0,0,0,1341,31,29736998,33095755,3208686,10585229,15891313,0.6,1790670.6,-30,-30,-20,-20,-30,0.42,0.42,0.48,0.48,0.42,150,0,45024.42,0,0,0,45024.42,0,201150,0,0,0,201150
"BR0366",3,399.987041795387,299.989934108923,224.995748919131,393.987041795387,293.989934108923,218.995748919131,1.39995395180862,8,2,4,64,0.999915160158415,57,14653,0,0,0,14653,0,0,14653,0,0,0,0,229,0,0,229,11,387563,6356361,9581121,3509,3564,0.6,890842.8,0,-30,-30,10,10,0.6,0.42,0.42,0.66,0.66,150,0,0,6154.26,0,0,6154.26,0,0,34350,0,0,34350
"BR0367",3,399.4566572862,299.559680438227,199.726211629175,393.4566572862,293.559680438227,193.726211629175,1.39803267544885,9,2,4,72,0.995810829214127,31,51022,0,0,0,51022,0,0,0,51022,0,0,0,0,0,709,709,26,14612468,14809158,44233852,878410,3754218,0.6,1806648.6,-30,-30,-30,0,-20,0.42,0.42,0.42,0.6,0.48,150,0,0,0,0,24490.56,24490.56,0,0,0,0,106350,106350
"BR0368",3,399.913412963177,299.937927302393,185.7431819242,393.913412963177,293.937927302393,179.7431819242,1.39970268053114,9,2,4,72,0.928322754647945,55,97174,0,0,3610,100784,0,0,0,100784,0,0,0,0,0,1400,1400,2,0,0,0,0,217962,0.6,65388.6,10,10,10,10,-20,0.66,0.66,0.66,0.66,0.48,150,0,0,0,0,48376.32,48376.32,0,0,0,0,210000,210000
"BR0369",3,399.828921779431,299.877356999302,271.931420790883,393.828921779431,293.877356999302,265.931420790883,1.39941255755747,6,2,4,48,0.905679987311111,48,44106,0,0,0,44106,0,0,44106,0,0,0,0,919,0,0,919,14,374374,7437836,18446778,185668,2225328,0.6,1228713.6,0,-30,-30,10,-20,0.6,0.42,0.42,0.66,0.48,150,0,0,18524.52,0,0,18524.52,0,0,137850,0,0,137850
"BR0370",3,399.709108395608,299.774039414591,238.891854981838,393.709108395608,293.774039414591,232.891854981838,1.3989662956204,7,2,4,56,0.927649033640618,41,0,101561,0,0,101561,0,0,0,101561,0,0,0,0,0,1814,1814,9,0,6935679,0,879984,8400276,0.6,1081062.6,10,-30,10,-10,-30,0.66,0.42,0.66,0.54,0.42,150,0,0,0,0,42655.62,42655.62,0,0,0,0,272100,272100
"BR0371",3,399.693335084587,299.762924302295,257.100144978147,393.693335084587,293.762924302295,251.100144978147,1.39891251877376,7,2,4,56,0.998277846887019,38,0,141544,0,46,141590,0,0,0,141590,0,0,0,0,0,2529,2529,28,29084916,14313292,21513156,8963136,15359960,0.6,1912167,-30,-30,-30,-20,-30,0.42,0.42,0.42,0.48,0.42,150,0,0,0,0,59467.8,59467.8,0,0,0,0,379350,379350
"BR0372",3,399.828921779431,299.877356999302,271.931420790883,393.828921779431,293.877356999302,265.931420790883,1.39941255755747,6,2,4,48,0.905679987311111,48,0,181556,0,0,181556,0,181556,0,0,0,0,3783,0,0,0,3783,14,374374,7437836,18446778,185668,2225328,0.6,1228713.6,0,-30,-30,10,-20,0.6,0.42,0.42,0.66,0.48,150,0,76253.52,0,0,0,76253.52,0,567450,0,0,0,567450
"BR0373",3,399.879450675377,299.913580311683,299.899489682015,393.879450675377,293.913580311683,293.899489682015,1.39958606197412,6,2,4,48,0.999075810935959,51,0,49137,0,0,49137,0,49137,0,0,0,0,1024,0,0,0,1024,18,136782,31428684,9133218,1691766,9687888,0.6,1735944.6,10,-30,-30,-10,-30,0.66,0.42,0.42,0.54,0.42,150,0,20637.54,0,0,0,20637.54,0,153600,0,0,0,153600
"BR0374",3,399.693335084587,299.762924302295,257.100144978147,393.693335084587,293.762924302295,251.100144978147,1.39891251877376,7,2,4,56,0.998277846887019,38,0,15996,0,0,15996,0,0,0,15996,0,0,0,0,0,286,286,28,29084916,14313292,21513156,8963136,15359960,0.6,1912167,-30,-30,-30,-20,-30,0.42,0.42,0.42,0.48,0.42,150,0,0,0,0,6718.32,6718.32,0,0,0,0,42900,42900
"BR0375",3,399.693335084587,299.762924302295,257.100144978147,393.693335084587,293.762924302295,251.100144978147,1.39891251877376,7,2,4,56,0.998277846887019,38,0,240998,0,0,240998,0,0,0,240998,0,0,0,0,0,4304,4304,28,29084916,14313292,21513156,8963136,15359960,0.6,1912167,-30,-30,-30,-20,-30,0.42,0.42,0.42,0.48,0.42,150,0,0,0,0,101219.16,101219.16,0,0,0,0,645600,645600
"BR0376",3,399.693335084587,299.762924302295,257.100144978147,393.693335084587,293.762924302295,251.100144978147,1.39891251877376,7,2,4,56,0.998277846887019,38,0,71871,0,0,71871,0,0,0,71871,0,0,0,0,0,1284,1284,28,29084916,14313292,21513156,8963136,15359960,0.6,1912167,-30,-30,-30,-20,-30,0.42,0.42,0.42,0.48,0.42,150,0,0,0,0,30185.82,30185.82,0,0,0,0,192600,192600
"BR0377",3,399.693335084587,299.762924302295,257.100144978147,393.693335084587,293.762924302295,251.100144978147,1.39891251877376,7,2,4,56,0.998277846887019,38,0,31227,0,0,31227,0,0,0,31227,0,0,0,0,0,558,558,28,29084916,14313292,21513156,8963136,15359960,0.6,1912167,-30,-30,-30,-20,-30,0.42,0.42,0.42,0.48,0.42,150,0,0,0,0,13115.34,13115.34,0,0,0,0,83700,83700
"BR0378",3,399.926643810439,277.254614848935,255.936472350173,393.926643810439,271.254614848935,249.936472350173,1.35436251731875,7,2,4,56,0.919677561683307,56,0,0,0,8811,8811,0,8114,697,0,0,0,145,13,0,0,158,20,3032900,39372600,14009120,29426500,20363600,0.6,3186141.6,-20,-30,-30,-30,-30,0.48,0.42,0.42,0.42,0.42,150,0,3407.88,292.74,0,0,3700.62,0,21750,1950,0,0,23700
"BR0379",3,399.926643810439,277.254614848935,255.936472350173,393.926643810439,271.254614848935,249.936472350173,1.35436251731875,7,2,4,56,0.919677561683307,56,2,0,0,67892,67894,0,50646,0,0,17248,0,905,0,308,0,1213,20,3032900,39372600,14009120,29426500,20363600,0.6,3186141.6,-20,-30,-30,-30,-30,0.48,0.42,0.42,0.42,0.42,150,0,21271.32,0,7244.16,0,28515.48,0,135750,0,46200,0,181950
"BR0380",3,399.926643810439,277.254614848935,255.936472350173,393.926643810439,271.254614848935,249.936472350173,1.35436251731875,7,2,4,56,0.919677561683307,56,584,0,0,122186,122770,53989,43273,16762,0,8746,965,773,300,157,0,2195,20,3032900,39372600,14009120,29426500,20363600,0.6,3186141.6,-20,-30,-30,-30,-30,0.48,0.42,0.42,0.42,0.42,150,25914.72,18174.66,7040.04,3673.32,0,54802.74,144750,115950,45000,23550,0,329250
"BR0381",3,399.379355375369,273.94279801479,224.900112316767,393.379355375369,267.94279801479,218.900112316767,1.34664430678032,8,2,4,64,0.911321060986652,28,0,0,0,30911,30911,0,6954,23957,0,0,0,109,375,0,0,484,21,3772230,41724522,10938375,41193306,20265210,0.6,3368389.8,-20,-30,-30,-30,-30,0.48,0.42,0.42,0.42,0.42,150,0,2920.68,10061.94,0,0,12982.62,0,16350,56250,0,0,72600
"BR0382",3,399.379355375369,273.94279801479,224.900112316767,393.379355375369,267.94279801479,218.900112316767,1.34664430678032,8,2,4,64,0.911321060986652,28,9892,0,0,61298,71190,0,40982,0,0,30208,0,641,0,472,0,1113,21,3772230,41724522,10938375,41193306,20265210,0.6,3368389.8,-20,-30,-30,-30,-30,0.48,0.42,0.42,0.42,0.42,150,0,17212.44,0,12687.36,0,29899.8,0,96150,0,70800,0,166950
"BR0383",3,399.379355375369,273.94279801479,224.900112316767,393.379355375369,267.94279801479,218.900112316767,1.34664430678032,8,2,4,64,0.911321060986652,28,1051,0,0,15386,16437,13508,0,0,0,2929,212,0,0,46,0,258,21,3772230,41724522,10938375,41193306,20265210,0.6,3368389.8,-20,-30,-30,-30,-30,0.48,0.42,0.42,0.42,0.42,150,6483.84,0,0,1230.18,0,7714.02,31800,0,0,6900,0,38700
"BR0384",3,399.379355375369,273.94279801479,224.900112316767,393.379355375369,267.94279801479,218.900112316767,1.34664430678032,8,2,4,64,0.911321060986652,28,1437,0,0,19034,20471,7628,0,0,0,12843,120,0,0,201,0,321,21,3772230,41724522,10938375,41193306,20265210,0.6,3368389.8,-20,-30,-30,-30,-30,0.48,0.42,0.42,0.42,0.42,150,3661.44,0,0,5394.06,0,9055.5,18000,0,0,30150,0,48150
"BR0385",3,399.379355375369,273.94279801479,224.900112316767,393.379355375369,267.94279801479,218.900112316767,1.34664430678032,8,2,4,64,0.911321060986652,28,133,28,59,2,222,35,79,51,31,26,1,2,1,1,1,6,21,3772230,41724522,10938375,41193306,20265210,0.6,3368389.8,-20,-30,-30,-30,-30,0.48,0.42,0.42,0.42,0.42,150,16.8,33.18,21.42,10.92,13.02,95.34,150,300,150,150,150,900
"BR0386",3,399.987041795387,299.989934108923,224.995748919131,393.987041795387,293.989934108923,218.995748919131,1.39995395180862,8,2,4,64,0.999915160158415,57,134,28,59,2,223,35,79,52,31,26,1,2,1,1,1,6,11,387563,6356361,9581121,3509,3564,0.6,890842.8,0,-30,-30,10,10,0.6,0.42,0.42,0.66,0.66,150,21,33.18,21.84,17.16,20.46,113.64,150,300,150,150,150,900
"BR0387",3,399.4566572862,299.559680438227,199.726211629175,393.4566572862,293.559680438227,193.726211629175,1.39803267544885,9,2,4,72,0.995810829214127,31,0,0,0,5144,5144,0,0,5144,0,0,0,0,72,0,0,72,26,14612468,14809158,44233852,878410,3754218,0.6,1806648.6,-30,-30,-30,0,-20,0.42,0.42,0.42,0.6,0.48,150,0,0,2160.48,0,0,2160.48,0,0,10800,0,0,10800
"BR0388",3,399.555282378015,238.973500554299,244.125950324208,393.555282378015,232.973500554299,238.125950324208,1.27705756586463,7,2,5,70,0.944267127028848,33,1613,0,0,61227,62840,0,49527,13313,0,0,0,708,191,0,0,899,12,1379580,1519512,645816,0,0,0.6,177245.4,-20,-20,-10,10,10,0.48,0.48,0.54,0.66,0.66,150,0,23772.96,7189.02,0,0,30961.98,0,106200,28650,0,0,134850
"BR0389",3,399.379355375369,273.94279801479,224.900112316767,393.379355375369,267.94279801479,218.900112316767,1.34664430678032,8,2,4,64,0.911321060986652,28,0,0,0,2295,2295,0,2295,0,0,0,0,36,0,0,0,36,21,3772230,41724522,10938375,41193306,20265210,0.6,3368389.8,-20,-30,-30,-30,-30,0.48,0.42,0.42,0.42,0.42,150,0,963.9,0,0,0,963.9,0,5400,0,0,0,5400
"BR0390",3,399.926643810439,277.254614848935,255.936472350173,393.926643810439,271.254614848935,249.936472350173,1.35436251731875,7,2,4,56,0.919677561683307,56,0,0,0,3517,3517,0,3517,0,0,0,0,63,0,0,0,63,20,3032900,39372600,14009120,29426500,20363600,0.6,3186141.6,-20,-30,-30,-30,-30,0.48,0.42,0.42,0.42,0.42,150,0,1477.14,0,0,0,1477.14,0,9450,0,0,0,9450
"BR0391",3,398.579922309114,276.660762454932,199.633529189483,392.579922309114,270.660762454932,193.633529189483,1.35048136952809,9,2,4,72,0.917244740936732,11,1226086,0,265033,0,1491119,0,1151498,339621,0,0,0,15994,4717,0,0,20711,14,1653176,23126782,5354454,10334100,0,0.6,1734364.8,-20,-30,-20,-30,10,0.48,0.42,0.48,0.42,0.66,150,0,483629.16,163018.08,0,0,646647.24,0,2399100,707550,0,0,3106650
"BR0392",3,399.555692758424,299.7087205161,179.217411522359,393.555692758424,293.7087205161,173.217411522359,1.39852882654905,10,2,4,80,0.993580710943846,34,37497,0,243,0,37740,0,33494,4246,0,0,0,419,54,0,0,473,31,29736998,33095755,3208686,10585229,15891313,0.6,1790670.6,-30,-30,-20,-20,-30,0.42,0.42,0.48,0.48,0.42,150,0,14067.48,2038.08,0,0,16105.56,0,62850,8100,0,0,70950
"BR0393",3,398.579922309114,276.660762454932,199.633529189483,392.579922309114,270.660762454932,193.633529189483,1.35048136952809,9,2,4,72,0.917244740936732,11,19231,0,0,0,19231,0,0,19231,0,0,0,0,268,0,0,268,14,1653176,23126782,5354454,10334100,0,0.6,1734364.8,-20,-30,-20,-30,10,0.48,0.42,0.48,0.42,0.66,150,0,0,9230.88,0,0,9230.88,0,0,40200,0,0,40200
"BR0394",3,398.923182925887,239.764106382225,211.787060256844,392.923182925887,233.764106382225,205.787060256844,1.27737457861622,8,2,5,80,0.93781918860381,20,27637,0,0,0,27637,0,0,27637,0,0,0,0,346,0,0,346,1,0,0,27637,0,0,0.6,16582.2,10,10,0,10,10,0.66,0.66,0.6,0.66,0.66,150,0,0,16582.2,0,0,16582.2,0,0,51900,0,0,51900
"BR0395",3,398.816671857971,269.672587953179,179.323471288646,392.816671857971,263.672587953179,173.323471288646,1.3369785196223,10,2,4,80,0.892880819994613,17,206835,0,18454,0,225289,0,225289,0,0,0,0,2817,0,0,0,2817,7,37891,3532942,1166893,28441,447874,0.6,446917.8,10,-30,-20,10,-10,0.66,0.42,0.48,0.66,0.54,150,0,94621.38,0,0,0,94621.38,0,422550,0,0,0,422550
"BR0396",3,399.84631838546,299.882265270826,212.352365791362,393.84631838546,293.882265270826,206.352365791362,1.39945716731257,8,2,4,64,0.9430554385762,49,1933,2,515633,18382,535950,0,535950,0,0,0,0,8375,0,0,0,8375,8,0,6271120,0,0,2359384,0.6,647287.8,10,-30,10,10,-20,0.66,0.42,0.66,0.66,0.48,150,0,225099,0,0,0,225099,0,1256250,0,0,0,1256250
"BR0397",3,399.987041795387,299.989934108923,224.995748919131,393.987041795387,293.989934108923,218.995748919131,1.39995395180862,8,2,4,64,0.999915160158415,57,0,1,484350,0,484351,0,484351,0,0,0,0,7568,0,0,0,7568,11,387563,6356361,9581121,3509,3564,0.6,890842.8,0,-30,-30,10,10,0.6,0.42,0.42,0.66,0.66,150,0,203427.42,0,0,0,203427.42,0,1135200,0,0,0,1135200
"BR0398",3,399.84631838546,299.882265270826,212.352365791362,393.84631838546,293.882265270826,206.352365791362,1.39945716731257,8,2,4,64,0.9430554385762,49,0,0,71218,0,71218,0,71218,0,0,0,0,1113,0,0,0,1113,8,0,6271120,0,0,2359384,0.6,647287.8,10,-30,10,10,-20,0.66,0.42,0.66,0.66,0.48,150,0,29911.56,0,0,0,29911.56,0,166950,0,0,0,166950
"BR0399",3,399.879450675377,299.913580311683,299.899489682015,393.879450675377,293.913580311683,293.899489682015,1.39958606197412,6,2,4,48,0.999075810935959,51,1417,0,24732,0,26149,0,0,26149,0,0,0,0,545,0,0,545,18,136782,31428684,9133218,1691766,9687888,0.6,1735944.6,10,-30,-30,-10,-30,0.66,0.42,0.42,0.54,0.42,150,0,0,10982.58,0,0,10982.58,0,0,81750,0,0,81750
"BR0400",3,399.879450675377,299.913580311683,299.899489682015,393.879450675377,293.913580311683,293.899489682015,1.39958606197412,6,2,4,48,0.999075810935959,51,17214,0,0,0,17214,0,0,0,17214,0,0,0,0,0,359,359,18,136782,31428684,9133218,1691766,9687888,0.6,1735944.6,10,-30,-30,-10,-30,0.66,0.42,0.42,0.54,0.42,150,0,0,0,0,7229.88,7229.88,0,0,0,0,53850,53850
"BR0401",3,399.84631838546,299.882265270826,212.352365791362,393.84631838546,293.882265270826,206.352365791362,1.39945716731257,8,2,4,64,0.9430554385762,49,8746,0,12414,0,21160,0,8112,0,13048,0,0,127,0,0,204,331,8,0,6271120,0,0,2359384,0.6,647287.8,10,-30,10,10,-20,0.66,0.42,0.66,0.66,0.48,150,0,3407.04,0,0,6263.04,9670.08,0,19050,0,0,30600,49650
"BR0402",3,399.555692758424,299.7087205161,179.217411522359,393.555692758424,293.7087205161,173.217411522359,1.39852882654905,10,2,4,80,0.993580710943846,34,0,16214,0,0,16214,0,0,0,16214,0,0,0,0,0,203,203,31,29736998,33095755,3208686,10585229,15891313,0.6,1790670.6,-30,-30,-20,-20,-30,0.42,0.42,0.48,0.48,0.42,150,0,0,0,0,6809.88,6809.88,0,0,0,0,30450,30450
"BR0403",3,395.167844752098,238.941435956593,339.191482056045,389.167844752098,232.941435956593,333.191482056045,1.26821856141738,5,2,5,50,0.926710900247569,3,128,27,57,2,214,33,76,50,30,25,1,2,1,1,1,6,1,33,76,50,25,30,0.6,128.4,10,10,10,10,10,0.66,0.66,0.66,0.66,0.66,150,21.78,50.16,33,16.5,19.8,141.24,150,300,150,150,150,900
"BR0404",3,399.707692424025,269.789457249705,252.609612684429,393.707692424025,263.789457249705,246.609612684429,1.33899429934746,7,2,4,56,0.882798614033888,40,129,27,57,2,215,34,76,50,30,25,1,2,1,1,1,6,10,680,5815640,5053100,510,610,0.6,652232.4,10,-30,-30,10,10,0.66,0.42,0.42,0.66,0.66,150,22.44,31.92,21,16.5,19.8,111.66,150,300,150,150,150,900
"BR0405",3,399.555692758424,299.7087205161,179.217411522359,393.555692758424,293.7087205161,173.217411522359,1.39852882654905,10,2,4,80,0.993580710943846,34,129,27,58,2,216,34,77,50,30,25,1,1,1,1,1,5,31,29736998,33095755,3208686,10585229,15891313,0.6,1790670.6,-30,-30,-20,-20,-30,0.42,0.42,0.48,0.48,0.42,150,14.28,32.34,24,12,12.6,95.22,150,150,150,150,150,750
"BR0406",3,399.879450675377,299.913580311683,299.899489682015,393.879450675377,293.913580311683,293.899489682015,1.39958606197412,6,2,4,48,0.999075810935959,51,130,27,58,2,217,34,77,51,30,25,1,2,2,1,1,7,18,136782,31428684,9133218,1691766,9687888,0.6,1735944.6,10,-30,-30,-10,-30,0.66,0.42,0.42,0.54,0.42,150,22.44,32.34,21.42,13.5,12.6,102.3,150,300,300,150,150,1050
"BR0407",3,399.693335084587,299.762924302295,257.100144978147,393.693335084587,293.762924302295,251.100144978147,1.39891251877376,7,2,4,56,0.998277846887019,38,1944,0,0,0,1944,0,0,1944,0,0,0,0,35,0,0,35,28,29084916,14313292,21513156,8963136,15359960,0.6,1912167,-30,-30,-30,-20,-30,0.42,0.42,0.42,0.48,0.42,150,0,0,816.48,0,0,816.48,0,0,5250,0,0,5250
"BR0408",3,399.879450675377,299.913580311683,299.899489682015,393.879450675377,293.913580311683,293.899489682015,1.39958606197412,6,2,4,48,0.999075810935959,51,131,27,59,2,219,34,78,51,30,26,1,2,2,1,1,7,18,136782,31428684,9133218,1691766,9687888,0.6,1735944.6,10,-30,-30,-10,-30,0.66,0.42,0.42,0.54,0.42,150,22.44,32.76,21.42,14.04,12.6,103.26,150,300,300,150,150,1050
"BR0409",3,399.707692424025,269.789457249705,252.609612684429,393.707692424025,263.789457249705,246.609612684429,1.33899429934746,7,2,4,56,0.882798614033888,40,132,27,59,2,220,34,78,51,31,26,1,2,1,1,1,6,10,680,5815640,5053100,510,610,0.6,652232.4,10,-30,-30,10,10,0.66,0.42,0.42,0.66,0.66,150,22.44,32.76,21.42,17.16,20.46,114.24,150,300,150,150,150,900
"BR0410",3,399.403325358649,299.531366951489,290.889912118574,393.403325358649,293.531366951489,284.889912118574,1.39786938462028,6,2,4,48,0.966674237571528,30,4903,0,0,0,4903,0,0,4903,0,0,0,0,103,0,0,103,14,15200626,9823324,16858856,0,0,0.6,1794977.4,-30,-30,-30,10,10,0.42,0.42,0.42,0.66,0.66,150,0,0,2059.26,0,0,2059.26,0,0,15450,0,0,15450
"BR0411",3,399.464172072871,299.587905218947,219.748735251768,393.464172072871,293.587905218947,213.748735251768,1.39810415458364,8,2,4,64,0.974012947325199,32,3001,0,0,0,3001,0,0,3001,0,0,0,0,47,0,0,47,25,13163925,24203000,19799650,1645275,2645925,0.6,1474986.6,-30,-30,-30,-10,-20,0.42,0.42,0.42,0.54,0.48,150,0,0,1260.42,0,0,1260.42,0,0,7050,0,0,7050
"BR0412",3,399.987041795387,299.989934108923,224.995748919131,393.987041795387,293.989934108923,218.995748919131,1.39995395180862,8,2,4,64,0.999915160158415,57,2347,0,0,0,2347,367,807,587,293,293,6,13,10,5,5,39,11,387563,6356361,9581121,3509,3564,0.6,890842.8,0,-30,-30,10,10,0.6,0.42,0.42,0.66,0.66,150,220.2,338.94,246.54,193.38,193.38,1192.44,900,1950,1500,750,750,5850
"BR0413",3,399.288142989791,299.489681815439,249.106387964785,393.288142989791,293.489681815439,243.106387964785,1.39755564961046,7,2,4,56,0.965378076026621,27,0,0,0,2014,2014,0,0,0,2014,0,0,0,0,0,36,36,8,0,0,4619800,0,4011408,0.6,647340.6,10,10,-30,10,-30,0.66,0.66,0.42,0.66,0.42,150,0,0,0,0,845.88,845.88,0,0,0,0,5400,5400
"BR0414",3,399.555692758424,299.7087205161,179.217411522359,393.555692758424,293.7087205161,173.217411522359,1.39852882654905,10,2,4,80,0.993580710943846,34,135,28,60,2,225,35,80,52,31,27,1,1,1,1,1,5,31,29736998,33095755,3208686,10585229,15891313,0.6,1790670.6,-30,-30,-20,-20,-30,0.42,0.42,0.48,0.48,0.42,150,14.7,33.6,24.96,12.96,13.02,99.24,150,150,150,150,150,750
"BR0415",3,398.065471387297,239.576210143892,268.412056686635,392.065471387297,233.576210143892,262.412056686635,1.27528336306238,6,2,5,60,0.888807540955237,9,136,28,60,2,226,35,80,53,31,27,1,2,1,1,1,6,4,140,6737440,2635752,108,124,0.6,1406034.6,10,-30,-30,10,10,0.66,0.42,0.42,0.66,0.66,150,23.1,33.6,22.26,17.82,20.46,117.24,150,300,150,150,150,900
"BR0416",3,399.555692758424,299.7087205161,179.217411522359,393.555692758424,293.7087205161,173.217411522359,1.39852882654905,10,2,4,80,0.993580710943846,34,128,27,57,2,214,33,76,50,30,25,1,1,1,1,1,5,31,29736998,33095755,3208686,10585229,15891313,0.6,1790670.6,-30,-30,-20,-20,-30,0.42,0.42,0.48,0.48,0.42,150,13.86,31.92,24,12,12.6,94.38,150,150,150,150,150,750
"BR0417",3,399.644347892194,239.933489959603,250.37433488558,393.644347892194,233.933489959603,244.37433488558,1.27915567570359,7,2,5,70,0.972542651688049,37,2761,0,0,0,2761,0,0,2761,0,0,0,0,40,0,0,40,7,1177134,152922,147007,50407,59535,0.6,136029,-20,0,0,10,10,0.48,0.6,0.6,0.66,0.66,150,0,0,1656.6,0,0,1656.6,0,0,6000,0,0,6000
"BR0418",3,399.644347892194,239.933489959603,250.37433488558,393.644347892194,233.933489959603,244.37433488558,1.27915567570359,7,2,5,70,0.972542651688049,37,3942,0,0,0,3942,0,0,3942,0,0,0,0,57,0,0,57,7,1177134,152922,147007,50407,59535,0.6,136029,-20,0,0,10,10,0.48,0.6,0.6,0.66,0.66,150,0,0,2365.2,0,0,2365.2,0,0,8550,0,0,8550
"BR0419",3,399.072625946909,299.392030635312,189.794904311809,393.072625946909,293.392030635312,183.794904311809,1.39692931316444,9,2,4,72,0.9448556862823,23,43300,0,0,0,43300,0,0,0,0,43300,0,0,0,602,0,602,1,0,0,0,43300,0,0.6,25980,10,10,10,0,10,0.66,0.66,0.66,0.6,0.66,150,0,0,0,25980,0,25980,0,0,0,90300,0,90300
"BR0420",3,398.579922309114,276.660762454932,199.633529189483,392.579922309114,270.660762454932,193.633529189483,1.35048136952809,9,2,4,72,0.917244740936732,11,205852,0,0,0,205852,0,24227,0,0,181625,0,337,0,2523,0,2860,14,1653176,23126782,5354454,10334100,0,0.6,1734364.8,-20,-30,-20,-30,10,0.48,0.42,0.48,0.42,0.66,150,0,10175.34,0,76282.5,0,86457.84,0,50550,0,378450,0,429000
"BR0421",3,399.600991575886,273.593475697859,221.693409032635,393.600991575886,267.593475697859,215.693409032635,1.34638893454749,8,2,4,64,0.897679508200255,35,145803,0,0,0,145803,0,0,0,0,145803,0,0,0,2279,0,2279,8,0,0,0,8457616,0,0.6,634321.2,10,10,10,-30,10,0.66,0.66,0.66,0.42,0.66,150,0,0,0,61237.26,0,61237.26,0,0,0,341850,0,341850
