"codigo_producto","descripcion_producto","ingrediente_forma","tipo_proyecto","subcategoria","categoria","tamaño_corte","peso_neto_caja","tamaño_paquete","cantidad_paquetes","peso_neto_paquete","caja_tipo_id","id_sencillo","caja_grosor_mm","caja_interior_largo","caja_interior_ancho","caja_interior_alto","caja_exterior_largo","caja_exterior_ancho","caja_exterior_alto","pallet_alto","pallet_ancho","pallet_largo","cantidad_cajas_alto","cantidad_cajas_largo","cantidad_cajas_ancho","cantidad_cajas_total","utilizacion","volumen_interior_caja_mm3","volumen_exterior_caja_mm3","volumen_pallet_mm3","perimetro_caja_m","headspace_max_pct","ect_n_m","carga_max_kg","volumen_tipo_planta_buenos_aires","volumen_tipo_planta_curitiba","volumen_tipo_planta_santiago","volumen_tipo_planta_monterrey","volumen_tipo_planta_bakersfield","costo_unitario_base","costo_total_base","costo_unitario_planta_buenos_aires","costo_unitario_planta_curitiba","costo_unitario_planta_santiago","costo_unitario_planta_monterrey","costo_unitario_planta_bakersfield","descuento_planta_buenos_aires","descuento_planta_curitiba","descuento_planta_santiago","descuento_planta_monterrey","descuento_planta_bakersfield","costo_por_pallet"
"BR0001","5 bolsas de 2,5 kg | Bastones rectos de brocoli 6x6 mm | Ref HQ3","Bastones rectos de brocoli","Estacional","Bastones clasicos - Reserva Privada","Bastones clasicos","Fino",12.5,"5 X 2,5 KG",5,2.5,"a23eeef1c0cd8cfd40b780d65382034a",122,4.1,386,286,303,394.2,294.2,311.2,1800,800,1200,5,2,4,40,0.83543974,33449988,36090996.768,1728000000,1.3768,0.08,1200,168.415902140673,204,4295703,80055,265005,180,0.65,1005581.85,0.715,0.455,0.65,0.585,0.715,10,30,0,-10,10,150
"BR0002","Espirales de brocoli - clasico - Caja de 13 packs de 0,75 kg | Ref QTH","Espirales de brocoli","Forma estable","Bastones clasicos - Sigilo","Bastones clasicos","Forma",9.75,"13 X 0,75 KG",13,0.75,"3256a5fed07b421a92abee44a3d93243",34,2.7,395,296,260,400,301.4,265.4,1800,800,1200,6,2,3,36,0.666596333333333,30399200,31996624,1728000000,1.4028,0.06,730,104.387767584098,0,1124998,9039079,0,349489,0.6,901162.8,0.66,0.48,0.42,0.66,0.6,10,-20,-30,10,0,150
"BR0003","Gajos de brocoli - sazonado - Caja de 13 packs de 0,75 kg | Ref SOZ","Gajos de brocoli","Forma estable","Bastones clasicos - Sigilo","Bastones clasicos","Forma",9.75,"13 X 0,75 KG",13,0.75,"4f08f853cf7f9be28571df66a50bc322",60,4.1,388,288,164,396.2,296.2,172.2,1800,800,1200,10,2,4,80,0.935575674444444,18326016,20208434.568,1728000000,1.3848,0.08,1200,169.394495412844,0,319284,0,0,805360,0.65,182754.65,0.715,0.585,0.715,0.715,0.52,10,-10,10,10,-20,150
"BR0004","Bastones rectos de brocoli - crocante - Caja de 9 packs de 1,25 kg","Bastones rectos de brocoli","Estacional","Bastones clasicos - Sigilo","Bastones clasicos","Grueso",11.25,"9 X 1,25 KG",9,1.25,"c96df5913565ba35f3e02e744c9a6dde",160,2.7,395,296,224,400,301.4,229.4,1800,800,1200,7,2,3,42,0.672205722222222,26190080,27656464,1728000000,1.4028,0.06,730,104.387767584098,0,1877934,0,0,2492424,0.6,437035.8,0.66,0.48,0.66,0.66,0.48,10,-20,10,10,-20,150
"BR0005","13 bolsas de 0,75 kg | Espirales de brocoli sin gluten","Espirales de brocoli","Forma estable","Bastones clasicos - Sigilo","Bastones clasicos","Forma",9.75,"13 X 0,75 KG",13,0.75,"eb4895380ccaa410da0fefb6f12b197b",190,4.1,386,286,253,394.2,294.2,261.2,1800,800,1200,6,2,4,48,0.841453188,27930188,30292314.768,1728000000,1.3768,0.08,1200,168.415902140673,0,441492,5720076,0,0,0.65,1001254.8,0.715,0.52,0.455,0.715,0.715,10,-20,-30,10,10,150
"BR0006","Brocoli en rejilla - picante - Caja de 5 packs de 2,5 kg","Brocoli en rejilla","Forma estable","Bastones clasicos - Sigilo","Bastones clasicos","Forma",12.5,"5 X 2,5 KG",5,2.5,"6d3c3bcdfc4034e3424078243e7668a1",90,4.1,386,286,286,394.2,294.2,294.2,1800,800,1200,6,2,4,48,0.947762358,31573256,34119444.888,1728000000,1.3768,0.08,1200,168.415902140673,0,6901,0,0,0,0.65,4485.65,0.715,0.715,0.715,0.715,0.715,10,10,10,10,10,150
"BR0007","13 bolsas de 0,75 kg | Brocoli en rejilla","Brocoli en rejilla","Forma estable","Bastones clasicos - Sigilo","Bastones clasicos","Forma",9.75,"13 X 0,75 KG",13,0.75,"02cf77de65b70dd77905e2e33d78478f",1,2.7,395,296,291,400,301.4,296.4,1800,800,1200,6,2,3,36,0.744458,34023720,35733984,1728000000,1.4028,0.06,730,104.387767584098,0,324352,1773376,0,2564276,0.6,504089.4,0.66,0.54,0.48,0.66,0.42,10,-10,-20,10,-30,150
"BR0008","11 bolsas de 1 kg | Bastones rectos de brocoli 9x9 mm | Ref YDL","Bastones rectos de brocoli","Estacional","Bastones clasicos - Legumes Frites","Bastones clasicos","Medio",11,"11 X 1 KG",11,1,"9a88ed4806deaa5c9b3abac82886d23a",112,4.1,386,286,184,394.2,294.2,192.2,1800,800,1200,9,2,4,72,0.928755567,20312864,22290133.608,1728000000,1.3768,0.08,1200,168.415902140673,187029,0,0,131382,302352,0.65,134498.65,0.585,0.715,0.715,0.65,0.52,-10,10,10,0,-20,150
"BR0009","BonsaiGreen Bastones rectos de brocoli 9x9 mm 5 x 2,5 kg | Ref K4O","Bastones rectos de brocoli","Estacional","Bastones clasicos - Legumes Frites","Bastones clasicos","Medio",12.5,"5 X 2,5 KG",5,2.5,"55b52b97c05b19dbbbefa191622fe36a",66,4.1,386,286,179,394.2,294.2,187.2,1800,800,1200,9,2,4,72,0.904594392,19760884,21710265.408,1728000000,1.3768,0.08,1200,168.415902140673,4150192,6511048,34760,2059872,20680,0.65,1038094.85,0.455,0.455,0.715,0.52,0.715,-30,-30,10,-20,10,150
"BR0010","BonsaiGreen Gajos de brocoli sazonado 13 x 0,75 kg","Gajos de brocoli","Forma estable","Bastones clasicos - Sigilo","Bastones clasicos","Forma",9.75,"13 X 0,75 KG",13,0.75,"116dda17a7b7fb82c62f462ef4a94218",6,4.1,386,286,164,394.2,294.2,172.2,1800,800,1200,10,2,4,80,0.92456763,18104944,19970660.808,1728000000,1.3768,0.08,1200,168.415902140673,0,5214468,32879,0,0,0.65,487253.65,0.715,0.455,0.715,0.715,0.715,10,-30,10,10,10,150
"BR0011","Brocoli en rejilla - sazonado - Caja de 13 packs de 0,75 kg","Brocoli en rejilla","Forma estable","Bastones clasicos - Sigilo","Bastones clasicos","Forma",9.75,"13 X 0,75 KG",13,0.75,"9d44d480026dfab07731a73d1d0c6539",115,4.1,388,288,283,396.2,296.2,291.2,1800,800,1200,6,2,4,48,0.949267025777778,31623552,34173612.928,1728000000,1.3848,0.08,1200,169.394495412844,0,0,13433,0,0,0.65,8731.45,0.715,0.715,0.715,0.715,0.715,10,10,10,10,10,150
"BR0012","Bastones rectos de brocoli - clasico - Caja de 9 packs de 1,25 kg","Bastones rectos de brocoli","Estacional","Bastones clasicos - Sigilo","Bastones clasicos","Grueso",11.25,"9 X 1,25 KG",9,1.25,"ad99ed562d5d808977b10fa512bfde8b",138,4.1,386,286,214,394.2,294.2,222.2,1800,800,1200,8,2,4,64,0.954420104,23624744,25769342.808,1728000000,1.3768,0.08,1200,168.415902140673,0,304508,185908,0,1127500,0.65,262911.35,0.715,0.585,0.65,0.715,0.52,10,-10,0,10,-20,150
"BR0013","13 bolsas de 0,5 kg | Brocoli en rejilla | Ref 9WZ","Brocoli en rejilla","Forma estable","Bastones clasicos - Sigilo","Bastones clasicos","Forma",6.5,"13 X 0,5 KG",13,0.5,"c96df5913565ba35f3e02e744c9a6dde",160,2.7,395,296,224,400,301.4,229.4,1800,800,1200,7,2,3,42,0.672205722222222,26190080,27656464,1728000000,1.4028,0.06,730,104.387767584098,0,1877934,0,0,2492424,0.6,437035.8,0.66,0.48,0.66,0.66,0.48,10,-20,10,10,-20,150
"BR0014","Brocoli zigzag - clasico - Caja de 13 packs de 0,75 kg | Ref LE4","Brocoli zigzag","Forma estable","Bastones clasicos - Sigilo","Bastones clasicos","Forma",9.75,"13 X 0,75 KG",13,0.75,"6bd5fa9e984e7243519003fc969aa30d",87,4.1,386,286,244,394.2,294.2,252.2,1800,800,1200,7,2,4,56,0.947869741,26936624,29248552.008,1728000000,1.3768,0.08,1200,168.415902140673,0,0,0,0,353088,0.65,76502.4,0.715,0.715,0.715,0.715,0.52,10,10,10,10,-20,150
"BR0015","Brocoli zigzag - con sal - Caja de 13 packs de 0,75 kg","Brocoli zigzag","Forma estable","Bastones clasicos - Sigilo","Bastones clasicos","Forma",9.75,"13 X 0,75 KG",13,0.75,"6bd5fa9e984e7243519003fc969aa30d",87,4.1,386,286,244,394.2,294.2,252.2,1800,800,1200,7,2,4,56,0.947869741,26936624,29248552.008,1728000000,1.3768,0.08,1200,168.415902140673,0,0,0,0,353088,0.65,76502.4,0.715,0.715,0.715,0.715,0.52,10,10,10,10,-20,150
"BR0016","13 bolsas de 0,75 kg | Brocoli zigzag picante | Ref 1Y1","Brocoli zigzag","Forma estable","Bastones clasicos - Sigilo","Bastones clasicos","Forma",9.75,"13 X 0,75 KG",13,0.75,"6bd5fa9e984e7243519003fc969aa30d",87,4.1,386,286,244,394.2,294.2,252.2,1800,800,1200,7,2,4,56,0.947869741,26936624,29248552.008,1728000000,1.3768,0.08,1200,168.415902140673,0,0,0,0,353088,0.65,76502.4,0.715,0.715,0.715,0.715,0.52,10,10,10,10,-20,150
"BR0017","Tiras para dip de brocoli - con sal - Caja de 13 packs de 0,75 kg","Tiras para dip de brocoli","Forma estable","Bastones clasicos - Sigilo","Bastones clasicos","Forma",9.75,"13 X 0,75 KG",13,0.75,"c96df5913565ba35f3e02e744c9a6dde",160,2.7,395,296,224,400,301.4,229.4,1800,800,1200,7,2,3,42,0.672205722222222,26190080,27656464,1728000000,1.4028,0.06,730,104.387767584098,0,1877934,0,0,2492424,0.6,437035.8,0.66,0.48,0.66,0.66,0.48,10,-20,10,10,-20,150
"BR0018","Bastones rectos de brocoli - clasico - Caja de 13 packs de 1 kg | Ref 8QS","Bastones rectos de brocoli","Estacional","Bastones clasicos - Sigilo","Bastones clasicos","Grueso",13,"13 X 1 KG",13,1,"2060590a59a5c59ff1bb32dbffe1028b",23,4.1,386,286,288,394.2,294.2,296.2,1800,800,1200,6,2,4,48,0.954205338,31794048,34351392.168,1728000000,1.3768,0.08,1200,168.415902140673,0,3030744,317886,0,1089426,0.65,480789.4,0.715,0.455,0.585,0.715,0.52,10,-30,-10,10,-20,150
"BR0019","Espirales de brocoli - clasico - Caja de 13 packs de 0,5 kg | Ref G0M","Espirales de brocoli","Forma estable","Bastones clasicos - Sigilo","Bastones clasicos","Forma",6.5,"13x0,5 kg",13,0.5,"af25ed4a56d3b3317fc10fd23b427cc4",140,2.7,393,255,260,398.4,260.4,265.4,1800,800,1200,6,2,4,48,0.764819104,26055900,27533487.744,1728000000,1.3176,0.06,730,98.0477064220183,0,1447,0,0,0,0.6,868.2,0.66,0.66,0.66,0.66,0.66,10,10,10,10,10,150
"BR0020","Bastones rectos de brocoli 9x9 mm - clasico - Caja de 5 packs de 2,5 kg | Ref MI1","Bastones rectos de brocoli","Estacional","Bastones clasicos - Legumes Frites","Bastones clasicos","Medio",12.5,"5 X 2,5 KG",5,2.5,"a130566667d4be7bb38053adaefea0af",119,2.7,393,255,204,398.4,260.4,209.4,1800,800,1200,8,2,4,64,0.804587392,20443860,21723859.584,1728000000,1.3176,0.06,730,98.0477064220183,422280,1385562,0,4166136,0,0.6,597397.8,0.54,0.48,0.66,0.42,0.66,-10,-20,10,-30,10,150
"BR0021","5 bolsas de 2,5 kg | Bastones rectos de brocoli | Ref J9N","Bastones rectos de brocoli","Estacional","Bastones clasicos - Legumes Frites","Bastones clasicos","Corte steak",12.5,"5 X 2,5 KG",5,2.5,"1a3ffa8018de4637afcdd1e390e2602a",14,4.1,383,248,199,391.2,256.2,207.2,1800,800,1200,8,2,4,64,0.769137450666667,18901816,20766711.168,1728000000,1.2948,0.08,1200,158.385321100917,546324,0,0,526628,375136,0.65,235314.3,0.52,0.715,0.715,0.52,0.585,-20,10,10,-20,-10,150
"BR0022","BonsaiGreen Bastones rectos de brocoli 7x7 mm 5 x 2,5 kg","Bastones rectos de brocoli","Estacional","Bastones clasicos - Legumes Frites","Bastones clasicos","Fino",12.5,"5 X 2,5 KG",5,2.5,"9dbb448086386afae3321dda0441c688",116,2.7,393,255,230,398.4,260.4,235.4,1800,800,1200,7,2,4,56,0.791427354666667,23049450,24421186.944,1728000000,1.3176,0.06,730,98.0477064220183,113020,191744,95828,132548,0,0.6,79971,0.6,0.6,0.6,0.6,0.66,0,0,0,0,10,150
"BR0023","5 bolsas de 2,5 kg | Cubos de brocoli","Cubos de brocoli","Forma estable","Guarniciones - Cubos","Guarniciones","Forma",12.5,"5 X 2,5 KG",5,2.5,"8f61ca662a88d3f0432d0d6a0cfbf2ee",107,4.1,383,248,179,391.2,256.2,187.2,1800,800,1200,9,2,4,72,0.781758432,17002136,18762202.368,1728000000,1.2948,0.08,1200,158.385321100917,0,157748,0,0,0,0.65,51268.1,0.715,0.585,0.715,0.715,0.715,10,-10,10,10,10,150
"BR0024","Bastones rectos de brocoli 9x9 mm - clasico - Caja de 5 packs de 2,5 kg | Ref T5P","Bastones rectos de brocoli","Estacional","Bastones clasicos - Sigilo","Bastones clasicos","Medio",12.5,"5 X 2,5 KG",5,2.5,"fa8da38322149b23e14a120e71d38975",200,2.7,393,255,235,398.4,260.4,240.4,1800,800,1200,7,2,4,56,0.808237621333333,23550525,24939903.744,1728000000,1.3176,0.06,730,98.0477064220183,0,19759330,6277130,0,5971450,0.6,1538329.8,0.66,0.42,0.42,0.66,0.42,10,-30,-30,10,30,150
"BR0025","BonsaiGreen Bastones rectos de brocoli 9x9 mm 5 x 2,5 kg | Ref KX3","Bastones rectos de brocoli","Estacional","Bastones clasicos - Mayordomo","Bastones clasicos","Medio",12.5,"5 X 2,5 KG",5,2.5,"55b52b97c05b19dbbbefa191622fe36a",66,4.1,386,286,179,394.2,294.2,187.2,1800,800,1200,9,2,4,72,0.904594392,19760884,21710265.408,1728000000,1.3768,0.08,1200,168.415902140673,4150192,6511048,34760,2059872,20680,0.65,1038094.85,0.455,0.455,0.715,0.52,0.715,-30,-30,10,-20,10,150
"BR0026","BonsaiGreen Bastones rectos de brocoli 9x9 mm 5 x 2,5 kg | Ref 85V","Bastones rectos de brocoli","Estacional","Bastones clasicos - Mayordomo","Bastones clasicos","Medio",12.5,"5 X 2.5 KG",2.5,2.5,"79637c70988d89fe3abe191b59c1ed0c",99,4.1,388,288,219,396.2,296.2,227.2,1800,800,1200,7,2,4,56,0.864076395259259,24471936,26662928.768,1728000000,1.3848,0.08,1200,169.394495412844,333915,0,0,122772,196494,0.65,141522.55,0.52,0.715,0.715,0.65,0.585,-20,10,10,0,-10,150
"BR0027","BonsaiGreen Bastones rectos de brocoli 11x11 mm 5 x 2,5 kg | Ref WKQ","Bastones rectos de brocoli","Estacional","Bastones clasicos - Mayordomo","Bastones clasicos","Medio",12.5,"5 X 2,5 KG",5,2.5,"ad02b3d41b4467a5a65a742951a80e72",135,4.1,386,286,171,394.2,294.2,179.2,1800,800,1200,10,2,4,80,0.96215168,18877716,20782476.288,1728000000,1.3768,0.08,1200,168.415902140673,718833,0,0,0,0,0.65,155747.15,0.52,0.715,0.715,0.715,0.715,-20,10,10,10,10,150
"BR0028","5 bolsas de 2,5 kg | Bastones rectos de brocoli 11x11 mm | Ref VER","Bastones rectos de brocoli","Estacional","Bastones clasicos - Mayordomo","Bastones clasicos","Medio",12.5,"5 X 2.5 KG",2.5,2.5,"4910b652fb2cf1c609d243a1e78d1919",53,4.1,386,286,217,394.2,294.2,225.2,1800,800,1200,7,2,4,56,0.846392806,23955932,26117263.728,1728000000,1.3768,0.08,1200,168.415902140673,3136,0,0,0,0,0.65,2038.4,0.715,0.715,0.715,0.715,0.715,10,10,10,10,10,150
"BR0029","Bastones rectos de brocoli 13x13 mm - clasico - Caja de 5 packs de 2,5 kg | Ref H50","Bastones rectos de brocoli","Estacional","Bastones clasicos - Mayordomo","Bastones clasicos","Grueso",12.5,"5 X 2,5 KG",5,2.5,"ad02b3d41b4467a5a65a742951a80e72",135,4.1,386,286,171,394.2,294.2,179.2,1800,800,1200,10,2,4,80,0.96215168,18877716,20782476.288,1728000000,1.3768,0.08,1200,168.415902140673,718833,0,0,0,0,0.65,155747.15,0.52,0.715,0.715,0.715,0.715,-20,10,10,10,10,150
"BR0030","Gajos de brocoli - sazonado, con cabo - Caja de 5 packs de 2,5 kg","Gajos de brocoli","Forma estable","Bastones clasicos - Mayordomo","Bastones clasicos","Forma",12.5,"5 X 2,5 KG",5,2.5,"6317bf81cd9d3fe0f209963e7fd234f7",80,4.8,380,282,172,389.6,291.6,181.6,1800,800,1200,9,2,4,72,0.859629024,18431520,20631096.576,1728000000,1.3624,0.1,1550,215.261977573904,0,29133,0,0,0,0.7,20393.1,0.77,0.7,0.77,0.77,0.77,10,0,10,10,10,150
"BR0031","5 bolsas de 2,5 kg | Bastones rectos de brocoli 11x11 mm | Ref 54T","Bastones rectos de brocoli","Estacional","Bastones clasicos - Mayordomo","Bastones clasicos","Medio",12.5,"5 X 2,5 KG",5,2.5,"cb9988b0557e22e3abc2bbe0a56967d0",163,4.1,386,286,169,394.2,294.2,177.2,1800,800,1200,10,2,4,80,0.95141338,18656924,20550529.008,1728000000,1.3768,0.08,1200,168.415902140673,27930,0,0,0,3924,0.65,10352.55,0.715,0.715,0.715,0.715,0.715,10,10,10,10,10,150
"BR0032","BonsaiGreen Bastones rectos de brocoli 13x13 mm 5 x 2,5 kg","Bastones rectos de brocoli","Estacional","Bastones clasicos - Mayordomo","Bastones clasicos","Grueso",12.5,"5 x 2,5 kg",5,2.5,"bfcb33e665554321d0a93ce891eadb54",155,4.1,386,286,159,394.2,294.2,167.2,1800,800,1200,10,2,4,80,0.89772188,17552964,19390792.608,1728000000,1.3768,0.08,1200,168.415902140673,14194,0,0,0,0,0.65,9226.1,0.715,0.715,0.715,0.715,0.715,10,10,10,10,10,150
"BR0033","11 bolsas de 1 kg | Bastones rectos de brocoli 9x9 mm | Ref LUJ","Bastones rectos de brocoli","Estacional","Bastones clasicos - Mayordomo","Bastones clasicos","Medio",11,"11 X1,0 KG",11,1,"a12aea41ad9864b83129274495d5d5b2",118,4.1,388,288,184,396.2,296.2,192.2,1800,800,1200,9,2,4,72,0.939813473666667,20560896,22555523.368,1728000000,1.3848,0.08,1200,169.394495412844,64963,0,0,0,0,0.65,42225.95,0.585,0.715,0.715,0.715,0.715,-10,10,10,10,10,150
"BR0034","13 bolsas de 0,75 kg | Gajos de brocoli | Ref 5WO","Gajos de brocoli","Forma estable","Bastones clasicos - Reserva Privada","Bastones clasicos","Forma",9.75,"13 X 0,75 KG",13,0.75,"d3d0a6587d8f983d383e032e2b9acacc",173,4.8,379,246,182,388.6,255.6,191.6,1800,800,1200,9,2,4,72,0.792953844,16968588,19030892.256,1728000000,1.2884,0.1,1550,203.569826707441,0,617364,112962,0,0,0.7,511228.2,0.77,0.49,0.56,0.77,0.77,10,-30,-20,10,10,150
"BR0035","5 bolsas de 2,5 kg | Bastones rectos de brocoli 9x18 mm | Ref 9WE","Bastones rectos de brocoli","Estacional","Bastones clasicos - Mayordomo","Bastones clasicos","Corte steak",12.5,"5 X 2,5 KG",5,2.5,"162c41fa859810e889efa37f867819bb",12,2.7,395,296,214,400,301.4,219.4,1800,800,1200,8,2,3,48,0.734746222222222,25020880,26450864,1728000000,1.4028,0.06,730,104.387767584098,104493,1453053,0,0,0,0.6,311509.2,0.6,0.48,0.66,0.66,0.66,0,-20,10,10,10,150
"BR0036","BonsaiGreen Bastones rectos de brocoli 9x9 mm 5 x 2,5 kg | Ref X7N","Bastones rectos de brocoli","Estacional","Bastones clasicos - Legumes Frites","Bastones clasicos","Medio",12.5,"5X 2,5 KG",5,2.5,"ceda63d824383fb94ca5e9bd08701d70",168,4.8,384,286,163,393.6,295.6,172.6,1800,800,1200,10,2,4,80,0.929707982222222,17901312,20081692.416,1728000000,1.3784,0.1,1550,217.79001019368,11088,0,0,16597,0,0.7,19379.5,0.77,0.77,0.77,0.77,0.77,10,10,10,10,10,150
"BR0037","Bastones rectos de brocoli 9x9 mm - sazonado - Caja de 5 packs de 2,5 kg","Bastones rectos de brocoli","Estacional","Bastones clasicos - Sigilo","Bastones clasicos","Medio",12.5,"5 x 2,5 kg",5,2.5,"37070e9f43f02e356af14131f16a3112",40,2.7,393,255,245,398.4,260.4,250.4,1800,800,1200,7,2,4,56,0.841858154666667,24552675,25977337.344,1728000000,1.3176,0.06,730,98.0477064220183,0,4621148,264560,0,0,0.6,400580.4,0.66,0.42,0.54,0.66,0.66,10,-30,-10,10,10,150
"BR0038","BonsaiGreen Tiras para dip de brocoli 6x21 mm 5 x 2,5 kg","Tiras para dip de brocoli","Forma estable","Bastones clasicos - Sigilo","Bastones clasicos","Forma",12.5,"5 X 2,5 KG",5,2.5,"fa8da38322149b23e14a120e71d38975",200,2.7,393,255,235,398.4,260.4,240.4,1800,800,1200,7,2,4,56,0.808237621333333,23550525,24939903.744,1728000000,1.3176,0.06,730,98.0477064220183,0,19759330,6277130,0,5971450,0.6,1538329.8,0.66,0.42,0.42,0.66,0.42,10,-30,-30,10,30,150
"BR0039","Tiras para dip de brocoli - clasico - Caja de 5 packs de 2,5 kg","Tiras para dip de brocoli","Forma estable","Bastones clasicos - Sigilo","Bastones clasicos","Forma",12.5,"5 X 2,5 KG",5,2.5,"37070e9f43f02e356af14131f16a3112",40,2.7,393,255,245,398.4,260.4,250.4,1800,800,1200,7,2,4,56,0.841858154666667,24552675,25977337.344,1728000000,1.3176,0.06,730,98.0477064220183,0,4621148,264560,0,0,0.6,400580.4,0.66,0.42,0.54,0.66,0.66,10,-30,-10,10,10,150
"BR0040","BonsaiGreen Tiras para dip de brocoli sin gluten 5 x 2,5 kg","Tiras para dip de brocoli","Forma estable","Bastones clasicos - Sigilo","Bastones clasicos","Forma",12.5,"5 X 2,5 KG",5,2.5,"fa8da38322149b23e14a120e71d38975",200,2.7,393,255,235,398.4,260.4,240.4,1800,800,1200,7,2,4,56,0.808237621333333,23550525,24939903.744,1728000000,1.3176,0.06,730,98.0477064220183,0,19759330,6277130,0,5971450,0.6,1538329.8,0.66,0.42,0.42,0.66,0.42,10,-30,-30,10,30,150
"BR0041","5 bolsas de 2,5 kg | Tiras para dip de brocoli sin gluten","Tiras para dip de brocoli","Forma estable","Bastones clasicos - Sigilo","Bastones clasicos","Forma",12.5,"5 X 2,5 KG",5,2.5,"fa8da38322149b23e14a120e71d38975",200,2.7,393,255,235,398.4,260.4,240.4,1800,800,1200,7,2,4,56,0.808237621333333,23550525,24939903.744,1728000000,1.3176,0.06,730,98.0477064220183,0,19759330,6277130,0,5971450,0.6,1538329.8,0.66,0.42,0.42,0.66,0.42,10,-30,-30,10,30,150
"BR0042","Gajos de brocoli - clasico - Caja de 5 packs de 2,5 kg | Ref 84F","Gajos de brocoli","Forma estable","Bastones clasicos - Reserva Privada","Bastones clasicos","Forma",12.5,"5 X 2,5 KG",5,2.5,"83d3c7c10fbc6fe2e476fd8c600855e2",102,2.7,393,255,194,398.4,260.4,199.4,1800,800,1200,9,2,4,72,0.861934416,19441710,20686425.984,1728000000,1.3176,0.06,730,98.0477064220183,0,6090540,1812800,0,0,0.6,948400.8,0.66,0.42,0.48,0.66,0.66,10,-30,-20,10,10,150
"BR0043","2 bolsas de 2,5 kg | Tortitas de brocoli","Tortitas de brocoli","Forma estable","Guarniciones - Legumes Croquetas","Guarniciones","Forma",5,"2 X 2,5 KG",2,2.5,"25b51ca97d24c6dd7fdc2fd6f9551dac",29,4.6,380,252,144,389.2,261.2,153.2,1800,800,1200,11,2,4,88,0.793128769481481,13789440,15574164.928,1728000000,1.3008,0.1,1450,192.269113149847,217344,0,0,0,0,0.7,25356.8,0.7,0.77,0.77,0.77,0.77,0,10,10,10,10,150
"BR0044","Tortitas de brocoli - clasico - Caja de 2 packs de 2,5 kg","Tortitas de brocoli","Forma estable","Guarniciones - Legumes Croquetas","Guarniciones","Forma",5,"2 X 2,5 KG",2,2.5,"25b51ca97d24c6dd7fdc2fd6f9551dac",29,4.6,380,252,144,389.2,261.2,153.2,1800,800,1200,11,2,4,88,0.793128769481481,13789440,15574164.928,1728000000,1.3008,0.1,1450,192.269113149847,217344,0,0,0,0,0.7,25356.8,0.7,0.77,0.77,0.77,0.77,0,10,10,10,10,150
"BR0045","BonsaiVegetales Rosti de brocoli 2 x 2,5 kg","Rosti de brocoli","Forma estable","Guarniciones - Legumes Croquetas","Guarniciones","Forma",5,"2 X 2,5 KG",2,2.5,"f201c0669374a768669461ddff1643e4",197,4.6,375,182,152,384.2,191.2,161.2,1800,800,1200,11,2,6,132,0.904566456444444,10374000,11841597.248,1728000000,1.1508,0.1,1450,170.097859327217,41870,0,0,0,0,0.7,14654.5,0.7,0.77,0.77,0.77,0.77,0,10,10,10,10,150
"BR0046","BonsaiVegetales Rosti de brocoli 2 x 2,5 kg","Rosti de brocoli","Forma estable","Guarniciones - Legumes Croquetas","Guarniciones","Forma",5,"2 X 2,5 KG",2,2.5,"25b51ca97d24c6dd7fdc2fd6f9551dac",29,4.6,380,252,144,389.2,261.2,153.2,1800,800,1200,11,2,4,88,0.793128769481481,13789440,15574164.928,1728000000,1.3008,0.1,1450,192.269113149847,217344,0,0,0,0,0.7,25356.8,0.7,0.77,0.77,0.77,0.77,0,10,10,10,10,150
"BR0047","Rosti de brocoli - clasico - Caja de 2 packs de 2,5 kg","Rosti de brocoli","Forma estable","Guarniciones - Legumes Croquetas","Guarniciones","Forma",5,"2 X 2,5 KG",2,2.5,"25b51ca97d24c6dd7fdc2fd6f9551dac",29,4.6,380,252,144,389.2,261.2,153.2,1800,800,1200,11,2,4,88,0.793128769481481,13789440,15574164.928,1728000000,1.3008,0.1,1450,192.269113149847,217344,0,0,0,0,0.7,25356.8,0.7,0.77,0.77,0.77,0.77,0,10,10,10,10,150
"BR0048","11 bolsas de 1 kg | Bastones rectos de brocoli 9x9 mm | Ref MIX","Bastones rectos de brocoli","Estacional","Bastones clasicos - Legumes Frites","Bastones clasicos","Medio",11,"11 X 1 KG",11,1,"a7d151b83674a2f9c36356597a93821c",128,4.6,380,252,235,389.2,261.2,244.2,1800,800,1200,7,2,4,56,0.804518347111111,22503600,24825137.568,1728000000,1.3008,0.1,1450,192.269113149847,634408,316,204,104,124,0.7,111152.3,0.56,0.77,0.77,0.77,0.77,-20,10,10,10,10,150
"BR0049","13 bolsas de 1 kg | Bastones rectos de brocoli 9x9 mm","Bastones rectos de brocoli","Estacional","Bastones clasicos - Legumes Frites","Bastones clasicos","Medio",13,"13 X 1,0 kg",13,1,"ea6403e25e3a52198dad19251c207a47",189,4.6,380,252,245,389.2,261.2,254.2,1800,800,1200,7,2,4,56,0.83746340637037,23461200,25841727.968,1728000000,1.3008,0.1,1450,192.269113149847,437365,0,0,0,0,0.7,61231.1,0.63,0.77,0.77,0.77,0.77,-10,10,10,10,10,150
"BR0050","Rodajas de brocoli - clasico - Caja de 5 packs de 2,5 kg","Rodajas de brocoli","Forma estable","Bastones clasicos - Sigilo","Bastones clasicos","Forma",12.5,"5 X 2,5 KG",5,2.5,"8b92b5a6728066959f3f11c35d1cd62f",105,4.6,380,252,218,389.2,261.2,227.2,1800,800,1200,7,2,4,56,0.74851174637037,20875680,23096933.888,1728000000,1.3008,0.1,1450,192.269113149847,23124,0,0,0,0,0.7,8093.4,0.77,0.77,0.77,0.77,0.77,10,10,10,10,10,150
"BR0051","BonsaiGreen Rodajas de brocoli 13 x 0,75 kg","Rodajas de brocoli","Forma estable","Bastones clasicos - Sigilo","Bastones clasicos","Forma",9.75,"13 X 0,75 KG",13,0.75,"10c5f9edbe2c87186bcdeb991fe8d902",5,4.6,380,252,228,389.2,261.2,237.2,1800,800,1200,7,2,4,56,0.78145680562963,21833280,24113524.288,1728000000,1.3008,0.1,1450,192.269113149847,424662,480,312,162,186,0.7,49676.9,0.63,0.77,0.77,0.77,0.77,-10,10,10,10,10,150
"BR0052","5 bolsas de 2,5 kg | Brocoli zigzag 9x9 mm","Brocoli zigzag","Forma estable","Bastones clasicos - Legumes Frites","Bastones clasicos","Forma",12.5,"5 X 2,5 KG",5,2.5,"a7d151b83674a2f9c36356597a93821c",128,4.6,380,252,235,389.2,261.2,244.2,1800,800,1200,7,2,4,56,0.804518347111111,22503600,24825137.568,1728000000,1.3008,0.1,1450,192.269113149847,634408,316,204,104,124,0.7,111152.3,0.56,0.77,0.77,0.77,0.77,-20,10,10,10,10,150
"BR0053","Gajos de brocoli - clasico - Caja de 5 packs de 2,5 kg | Ref 5PP","Gajos de brocoli","Forma estable","Bastones clasicos - Reserva Privada","Bastones clasicos","Forma",12.5,"5 X 2,5 KG",5,2.5,"8b92b5a6728066959f3f11c35d1cd62f",105,4.6,380,252,218,389.2,261.2,227.2,1800,800,1200,7,2,4,56,0.74851174637037,20875680,23096933.888,1728000000,1.3008,0.1,1450,192.269113149847,23124,0,0,0,0,0.7,8093.4,0.77,0.77,0.77,0.77,0.77,10,10,10,10,10,150
"BR0054","Bastones rectos de brocoli 6x6 mm - clasico - Caja de 5 packs de 2,5 kg | Ref Y5K","Bastones rectos de brocoli","Estacional","Bastones clasicos - Legumes Frites","Bastones clasicos","Fino",12.5,"5 X 2,5 KG",5,2.5,"ea6403e25e3a52198dad19251c207a47",189,4.6,380,252,245,389.2,261.2,254.2,1800,800,1200,7,2,4,56,0.83746340637037,23461200,25841727.968,1728000000,1.3008,0.1,1450,192.269113149847,437365,0,0,0,0,0.7,61231.1,0.63,0.77,0.77,0.77,0.77,-10,10,10,10,10,150
"BR0055","5 bolsas de 2,5 kg | Bastones rectos de brocoli 9x9 mm | Ref MKJ","Bastones rectos de brocoli","Estacional","Bastones clasicos - Legumes Frites","Bastones clasicos","Medio",12.5,"5 X 2,5 KG",5,2.5,"a7d151b83674a2f9c36356597a93821c",128,4.6,380,252,235,389.2,261.2,244.2,1800,800,1200,7,2,4,56,0.804518347111111,22503600,24825137.568,1728000000,1.3008,0.1,1450,192.269113149847,634408,316,204,104,124,0.7,111152.3,0.56,0.77,0.77,0.77,0.77,-20,10,10,10,10,150
"BR0056","BonsaiGreen Bastones rectos de brocoli 9x18 mm 5 x 2,5 kg | Ref NYY","Bastones rectos de brocoli","Estacional","Bastones clasicos - Legumes Frites","Bastones clasicos","Corte steak",12.5,"5 X 2,5 KG",5,2.5,"a7d151b83674a2f9c36356597a93821c",128,4.6,380,252,235,389.2,261.2,244.2,1800,800,1200,7,2,4,56,0.804518347111111,22503600,24825137.568,1728000000,1.3008,0.1,1450,192.269113149847,634408,316,204,104,124,0.7,111152.3,0.56,0.77,0.77,0.77,0.77,-20,10,10,10,10,150
"BR0057","BonsaiGreen Bastones rectos de brocoli 12x12 mm 5 x 2,5 kg","Bastones rectos de brocoli","Estacional","Bastones clasicos - Legumes Frites","Bastones clasicos","Medio",12.5,"5 X 2,5 KG",5,2.5,"5291917030874f6b0d887d1710a073f8",64,4.6,380,252,226,389.2,261.2,235.2,1800,800,1200,7,2,4,56,0.774867793777778,21641760,23910206.208,1728000000,1.3008,0.1,1450,192.269113149847,23499,0,0,0,0,0.7,16449.3,0.7,0.77,0.77,0.77,0.77,0,10,10,10,10,150
"BR0058","Croquetas de brocoli - clasico - Caja de 2 packs de 2,5 kg","Croquetas de brocoli","Forma estable","Guarniciones - Legumes Croquetas","Guarniciones","Forma",5,"2 X 2,5 KG",2,2.5,"f201c0669374a768669461ddff1643e4",197,4.6,375,182,152,384.2,191.2,161.2,1800,800,1200,11,2,6,132,0.904566456444444,10374000,11841597.248,1728000000,1.1508,0.1,1450,170.097859327217,41870,0,0,0,0,0.7,14654.5,0.7,0.77,0.77,0.77,0.77,0,10,10,10,10,150
"BR0059","BonsaiVegetales Croquetas de brocoli 5 x 2,5 kg","Croquetas de brocoli","Forma estable","Guarniciones - Legumes Croquetas","Guarniciones","Forma",12.5,"5 X 2,5 KG",5,2.5,"ea6403e25e3a52198dad19251c207a47",189,4.6,380,252,245,389.2,261.2,254.2,1800,800,1200,7,2,4,56,0.83746340637037,23461200,25841727.968,1728000000,1.3008,0.1,1450,192.269113149847,437365,0,0,0,0,0.7,61231.1,0.63,0.77,0.77,0.77,0.77,-10,10,10,10,10,150
"BR0060","Brocoli zigzag - clasico - Caja de 13 packs de 0,75 kg | Ref H3U","Brocoli zigzag","Forma estable","Bastones clasicos - Legumes Frites","Bastones clasicos","Forma",9.75,"13 X 0,75 KG",13,0.75,"10c5f9edbe2c87186bcdeb991fe8d902",5,4.6,380,252,228,389.2,261.2,237.2,1800,800,1200,7,2,4,56,0.78145680562963,21833280,24113524.288,1728000000,1.3008,0.1,1450,192.269113149847,424662,480,312,162,186,0.7,49676.9,0.63,0.77,0.77,0.77,0.77,-10,10,10,10,10,150
"BR0061","13 bolsas de 0,75 kg | Gajos de brocoli | Ref 2R1","Gajos de brocoli","Forma estable","Bastones clasicos - Reserva Privada","Bastones clasicos","Forma",9.75,"13 X 0,75 KG",13,0.75,"10c5f9edbe2c87186bcdeb991fe8d902",5,4.6,380,252,228,389.2,261.2,237.2,1800,800,1200,7,2,4,56,0.78145680562963,21833280,24113524.288,1728000000,1.3008,0.1,1450,192.269113149847,424662,480,312,162,186,0.7,49676.9,0.63,0.77,0.77,0.77,0.77,-10,10,10,10,10,150
"BR0062","13 bolsas de 0,75 kg | Bastones rectos de brocoli","Bastones rectos de brocoli","Estacional","Bastones clasicos - Legumes Frites","Bastones clasicos","Corte steak",9.75,"13 X 0,75 KG",13,0.75,"10c5f9edbe2c87186bcdeb991fe8d902",5,4.6,380,252,228,389.2,261.2,237.2,1800,800,1200,7,2,4,56,0.78145680562963,21833280,24113524.288,1728000000,1.3008,0.1,1450,192.269113149847,424662,480,312,162,186,0.7,49676.9,0.63,0.77,0.77,0.77,0.77,-10,10,10,10,10,150
"BR0063","13 bolsas de 0,75 kg | Bastones rectos de brocoli 6x6 mm","Bastones rectos de brocoli","Estacional","Bastones clasicos - Legumes Frites","Bastones clasicos","Fino",9.75,"13 X 0,75 KG",13,0.75,"10c5f9edbe2c87186bcdeb991fe8d902",5,4.6,380,252,228,389.2,261.2,237.2,1800,800,1200,7,2,4,56,0.78145680562963,21833280,24113524.288,1728000000,1.3008,0.1,1450,192.269113149847,424662,480,312,162,186,0.7,49676.9,0.63,0.77,0.77,0.77,0.77,-10,10,10,10,10,150
"BR0064","Croquetas de brocoli - clasico - Caja de 13 packs de 0,75 kg","Croquetas de brocoli","Forma estable","Guarniciones - Legumes Croquetas","Guarniciones","Forma",9.75,"13 X 0,75 KG",13,0.75,"ea6403e25e3a52198dad19251c207a47",189,4.6,380,252,245,389.2,261.2,254.2,1800,800,1200,7,2,4,56,0.83746340637037,23461200,25841727.968,1728000000,1.3008,0.1,1450,192.269113149847,437365,0,0,0,0,0.7,61231.1,0.63,0.77,0.77,0.77,0.77,-10,10,10,10,10,150
"BR0065","Bastones rectos de brocoli - clasico - Caja de 5 packs de 2,5 kg | Ref F75","Bastones rectos de brocoli","Estacional","Bastones clasicos - Sigilo","Bastones clasicos","Grueso",12.5,"5X 2,5 KG",5,2.5,"67894c5a8355ca9b7e57b96362fa45f1",84,4.1,388,288,169,396.2,296.2,177.2,1800,800,1200,10,2,4,80,0.962741054074074,18884736,20795206.768,1728000000,1.3848,0.08,1200,169.394495412844,324296,0,0,0,819764,0.65,185909.75,0.585,0.715,0.715,0.715,0.52,-10,10,10,10,-20,150
"BR0066","Cubos de brocoli - sazonado, crocante - Caja de 5 packs de 2,5 kg","Cubos de brocoli","Forma estable","Guarniciones - Cubos","Guarniciones","Forma",12.5,"5 X 2,5 KG",5,2.5,"27f597341f2223c1757e942d65f52be3",31,4.1,386,286,162,394.2,294.2,170.2,1800,800,1200,10,2,4,80,0.91382933,17884152,19738713.528,1728000000,1.3768,0.08,1200,168.415902140673,0,0,0,0,59101,0.65,38415.65,0.715,0.715,0.715,0.715,0.585,10,10,10,10,-10,150
"BR0067","13 bolsas de 0,5 kg | Tiras para dip de brocoli con sal","Tiras para dip de brocoli","Forma estable","Bastones clasicos - Sigilo","Bastones clasicos","Forma",6.5,"13X0,5 KG",13,0.5,"2361696c0cf9b4a8490d7098c11e6a51",27,2.7,393,255,250,398.4,260.4,255.4,1800,800,1200,7,2,4,56,0.858668421333333,25053750,26496054.144,1728000000,1.3176,0.06,730,98.0477064220183,0,2681718,4182,8775474,3168918,0.6,1463029.2,0.66,0.48,0.66,0.42,0.42,10,-20,10,-30,-30,150
"BR0068","BonsaiGreen Espirales de brocoli 13 x 0,5 kg | Ref E18","Espirales de brocoli","Forma estable","Bastones clasicos - Sigilo","Bastones clasicos","Forma",6.5,"13 X 0,5 KG",13,0.5,"ad99ed562d5d808977b10fa512bfde8b",138,4.1,386,286,214,394.2,294.2,222.2,1800,800,1200,8,2,4,64,0.954420104,23624744,25769342.808,1728000000,1.3768,0.08,1200,168.415902140673,0,304508,185908,0,1127500,0.65,262911.35,0.715,0.585,0.65,0.715,0.52,10,-10,0,10,-20,150
"BR0069","Bastones rectos de brocoli - clasico - Caja de 5 packs de 2,5 kg | Ref 90Y","Bastones rectos de brocoli","Estacional","Bastones clasicos - Reserva Privada","Bastones clasicos","Medio",12.5,"5 X 2,5 KG",5,2.5,"d57ede415e9b30ea0e94a15552298aa3",174,2.7,393,255,214,398.4,260.4,219.4,1800,800,1200,8,2,4,64,0.843010858666667,21446010,22761293.184,1728000000,1.3176,0.06,730,98.0477064220183,22989,23781,153,166422,93,0.6,42687.6,0.66,0.66,0.66,0.54,0.66,10,10,10,-10,10,150
"BR0070","BonsaiPremium Bastones rectos de brocoli 11x11 mm 5 x 2,5 kg","Bastones rectos de brocoli","Estacional","Bastones clasicos - Reserva Privada","Bastones clasicos","Medio",12.5,"5 X 2,5 KG",5,2.5,"a130566667d4be7bb38053adaefea0af",119,2.7,393,255,204,398.4,260.4,209.4,1800,800,1200,8,2,4,64,0.804587392,20443860,21723859.584,1728000000,1.3176,0.06,730,98.0477064220183,422280,1385562,0,4166136,0,0.6,597397.8,0.54,0.48,0.66,0.42,0.66,-10,-20,10,-30,10,150
"BR0071","Bastones rectos de brocoli 11x11 mm - clasico - Caja de 11 packs de 1 kg","Bastones rectos de brocoli","Estacional","Bastones clasicos - Legumes Frites","Bastones clasicos","Medio",11,"11 X1,0 KG",11,1,"fc6931875b8384c7bacd18bb4699795f",201,2.7,393,255,219,398.4,260.4,224.4,1800,800,1200,8,2,4,64,0.862222592,21947085,23280009.984,1728000000,1.3176,0.06,730,98.0477064220183,607155,11475,431850,0,0,0.6,126057.6,0.48,0.66,0.54,0.66,0.66,-20,10,-10,10,10,150
"BR0072","Bastones rectos de brocoli 11x11 mm - clasico - Caja de 11 packs de 1 kg","Bastones rectos de brocoli","Estacional","Bastones clasicos - Legumes Frites","Bastones clasicos","Medio",11,"11 X 1 KG",11,1,"fc6931875b8384c7bacd18bb4699795f",201,2.7,393,255,219,398.4,260.4,224.4,1800,800,1200,8,2,4,64,0.862222592,21947085,23280009.984,1728000000,1.3176,0.06,730,98.0477064220183,607155,11475,431850,0,0,0.6,126057.6,0.48,0.66,0.54,0.66,0.66,-20,10,-10,10,10,150
"BR0073","BonsaiGreen Bastones rectos de brocoli 13 x 0,75 kg","Bastones rectos de brocoli","Estacional","Bastones clasicos - Sigilo","Bastones clasicos","Grueso",9.75,"13 X 0,75 KG",13,0.75,"4f08f853cf7f9be28571df66a50bc322",60,4.1,388,288,164,396.2,296.2,172.2,1800,800,1200,10,2,4,80,0.935575674444444,18326016,20208434.568,1728000000,1.3848,0.08,1200,169.394495412844,0,319284,0,0,805360,0.65,182754.65,0.715,0.585,0.715,0.715,0.52,10,-10,10,10,-20,150
"BR0074","Brocoli en rejilla - sin gluten - Caja de 13 packs de 0,5 kg","Brocoli en rejilla","Forma estable","Bastones clasicos - Sigilo","Bastones clasicos","Forma",6.5,"13 X 0,5 KG",13,0.5,"6d5c1314ab281dbdd56dc5dde84579b9",91,2.7,395,296,245,400,301.4,250.4,1800,800,1200,7,2,3,42,0.733741555555556,28645400,30188224,1728000000,1.4028,0.06,730,104.387767584098,0,141228,369444,0,63984,0.6,86198.4,0.66,0.6,0.54,0.66,0.66,10,0,-10,10,10,150
"BR0075","Espirales de brocoli - clasico - Caja de 13 packs de 0,75 kg | Ref QYX","Espirales de brocoli","Forma estable","Bastones clasicos - Sigilo","Bastones clasicos","Forma",9.75,"13 X 0,8 kg",13,0.75,"3256a5fed07b421a92abee44a3d93243",34,2.7,395,296,260,400,301.4,265.4,1800,800,1200,6,2,3,36,0.666596333333333,30399200,31996624,1728000000,1.4028,0.06,730,104.387767584098,0,1124998,9039079,0,349489,0.6,901162.8,0.66,0.48,0.42,0.66,0.6,10,-20,-30,10,0,150
"BR0076","Bocados de brocoli con queso crema - picante - Caja de 5 packs de 1 kg","Bocados de brocoli con queso crema","Co-produccion","Snacks y aperitivos - Queso","Snacks y aperitivos","Forma",5,"5 X 1 KG",5,1,"1e4959b0a5703ba491bdc303578ad11c",19,2.7,393,255,168,398.4,260.4,173.4,1800,800,1200,10,2,4,80,0.83282864,16836120,17989098.624,1728000000,1.3176,0.06,730,98.0477064220183,115344,499968,171888,86574,102240,0.6,97601.4,0.66,0.54,0.6,0.66,0.66,10,-10,0,10,10,150
"BR0077","Espirales de brocoli - sazonado - Caja de 5 packs de 2,5 kg | Ref KQC","Espirales de brocoli","Forma estable","Bastones clasicos - Sigilo","Bastones clasicos","Forma",12.5,"5 X 2,5 KG",5,2.5,"eb4895380ccaa410da0fefb6f12b197b",190,4.1,386,286,253,394.2,294.2,261.2,1800,800,1200,6,2,4,48,0.841453188,27930188,30292314.768,1728000000,1.3768,0.08,1200,168.415902140673,0,441492,5720076,0,0,0.65,1001254.8,0.715,0.52,0.455,0.715,0.715,10,-20,-30,10,10,150
"BR0078","BonsaiGreen Espirales de brocoli sazonado 5 x 2,5 kg","Espirales de brocoli","Forma estable","Bastones clasicos - Sigilo","Bastones clasicos","Forma",12.5,"5 X 2,5 KG",5,2.5,"3256a5fed07b421a92abee44a3d93243",34,2.7,395,296,260,400,301.4,265.4,1800,800,1200,6,2,3,36,0.666596333333333,30399200,31996624,1728000000,1.4028,0.06,730,104.387767584098,0,1124998,9039079,0,349489,0.6,901162.8,0.66,0.48,0.42,0.66,0.6,10,-20,-30,10,0,150
"BR0079","13 bolsas de 0,5 kg | Espirales de brocoli sazonado | Ref 6FZ","Espirales de brocoli","Forma estable","Bastones clasicos - Sigilo","Bastones clasicos","Forma",6.5,"13 X 0,5 KG",13,0.5,"457aead6b645a6fdaad21f23a4e8ca12",51,2.7,393,255,265,398.4,260.4,270.4,1800,800,1200,6,2,4,48,0.779227904,26556975,28052204.544,1728000000,1.3176,0.06,730,98.0477064220183,0,0,593992,0,0,0.6,89098.8,0.66,0.66,0.48,0.66,0.66,10,10,-20,10,10,150
"BR0080","BonsaiGreen Brocoli en rejilla sazonado 13 x 0,5 kg | Ref 0S2","Brocoli en rejilla","Forma estable","Bastones clasicos - Sigilo","Bastones clasicos","Forma",6.5,"13 X 0,5 KG",13,0.5,"6a29db0cef2137d2bb15a27d61f064bd",86,2.7,393,255,270,398.4,260.4,275.4,1800,800,1200,6,2,4,48,0.793636704,27058050,28570921.344,1728000000,1.3176,0.06,730,98.0477064220183,0,6198,270957,0,0,0.6,55431,0.66,0.66,0.54,0.66,0.66,10,10,-10,10,10,150
"BR0081","19 bolsas de 0,5 kg | Tiras para dip de brocoli sin gluten","Tiras para dip de brocoli","Forma estable","Bastones clasicos - Sigilo","Bastones clasicos","Forma",9.5,"19X 0,5 KG",19,0.5,"689d55a5924317429c37f70116fcf10b",85,2.7,393,255,275,398.4,260.4,280.4,1800,800,1200,6,2,4,48,0.808045504,27559125,29089638.144,1728000000,1.3176,0.06,730,98.0477064220183,0,4121,0,0,0,0.6,2472.6,0.66,0.66,0.66,0.66,0.66,10,10,10,10,10,150
"BR0082","BonsaiGreen Brocoli en rejilla 13 x 0,5 kg","Brocoli en rejilla","Forma estable","Bastones clasicos - Sigilo","Bastones clasicos","Forma",6.5,"13 X 0,5 KG",13,0.5,"b1fa69af5a250262387efec5b10a19ae",144,2.7,395,296,280,400,301.4,285.4,1800,800,1200,6,2,3,36,0.716829666666667,32737600,34407824,1728000000,1.4028,0.06,730,104.387767584098,0,4555,34773,0,0,0.6,23596.8,0.66,0.66,0.6,0.66,0.66,10,10,0,10,10,150
"BR0083","Espirales de brocoli - clasico - Caja de 13 packs de 0,5 kg | Ref BMF","Espirales de brocoli","Forma estable","Bastones clasicos - Sigilo","Bastones clasicos","Forma",6.5,"13 X 0,5 KG",13,0.5,"3256a5fed07b421a92abee44a3d93243",34,2.7,395,296,260,400,301.4,265.4,1800,800,1200,6,2,3,36,0.666596333333333,30399200,31996624,1728000000,1.4028,0.06,730,104.387767584098,0,1124998,9039079,0,349489,0.6,901162.8,0.66,0.48,0.42,0.66,0.6,10,-20,-30,10,0,150
"BR0084","13 bolsas de 0,5 kg | Espirales de brocoli","Espirales de brocoli","Forma estable","Bastones clasicos - Sigilo","Bastones clasicos","Forma",6.5,"13 X 0,5 KG",13,0.5,"457aead6b645a6fdaad21f23a4e8ca12",51,2.7,393,255,265,398.4,260.4,270.4,1800,800,1200,6,2,4,48,0.779227904,26556975,28052204.544,1728000000,1.3176,0.06,730,98.0477064220183,0,0,593992,0,0,0.6,89098.8,0.66,0.66,0.48,0.66,0.66,10,10,-20,10,10,150
"BR0085","Brocoli en rejilla - clasico - Caja de 13 packs de 0,5 kg | Ref E78","Brocoli en rejilla","Forma estable","Bastones clasicos - Sigilo","Bastones clasicos","Forma",6.5,"13 X 0,5 KG",13,0.5,"6a29db0cef2137d2bb15a27d61f064bd",86,2.7,393,255,270,398.4,260.4,275.4,1800,800,1200,6,2,4,48,0.793636704,27058050,28570921.344,1728000000,1.3176,0.06,730,98.0477064220183,0,6198,270957,0,0,0.6,55431,0.66,0.66,0.54,0.66,0.66,10,10,-10,10,10,150
"BR0086","BonsaiGreen Bastones rectos de brocoli 9x9 mm 13 x 0,75 kg","Bastones rectos de brocoli","Estacional","Bastones clasicos - Sigilo","Bastones clasicos","Medio",9.75,"13 X 0,75 KG",13,0.75,"ad23381bab48bad4640990fdc6a27c9b",136,4.1,383,248,229,391.2,256.2,237.2,1800,800,1200,7,2,4,56,0.770436669333333,21751336,23773474.368,1728000000,1.2948,0.08,1200,158.385321100917,0,30320,81010,0,0,0.65,36182.25,0.715,0.715,0.65,0.715,0.715,10,10,0,10,10,150
"BR0087","13 bolsas de 0,5 kg | Tiras para dip de brocoli","Tiras para dip de brocoli","Forma estable","Bastones clasicos - Sigilo","Bastones clasicos","Forma",6.5,"13 X 0,5 KG",13,0.5,"1c01c33ced1f5bfdb36a399ac98e0c68",16,4.1,383,248,214,391.2,256.2,222.2,1800,800,1200,8,2,4,64,0.824818250666666,20326576,22270092.768,1728000000,1.2948,0.08,1200,158.385321100917,0,441395,4119055,265900,1061915,0.65,431284.75,0.715,0.585,0.455,0.585,0.52,10,-10,-30,-10,-20,150
"BR0088","BonsaiGreen Bastones rectos de brocoli 9x9 mm sazonado 13 x 0,75 kg","Bastones rectos de brocoli","Estacional","Bastones clasicos - Sigilo","Bastones clasicos","Medio",9.75,"13 X 0,75 KG",13,0.75,"fa8da38322149b23e14a120e71d38975",200,2.7,393,255,235,398.4,260.4,240.4,1800,800,1200,7,2,4,56,0.808237621333333,23550525,24939903.744,1728000000,1.3176,0.06,730,98.0477064220183,0,19759330,6277130,0,5971450,0.6,1538329.8,0.66,0.42,0.42,0.66,0.42,10,-30,-30,10,30,150
"BR0089","BonsaiGreen Corte rustico de brocoli 5 x 2,5 kg","Corte rustico de brocoli","Forma estable","Bastones clasicos - Sigilo","Bastones clasicos","Forma",12.5,"5 X 2,5 KG",5,2.5,"1416893384452893b004453859dc1ae4",10,4.1,383,248,239,391.2,256.2,247.2,1800,800,1200,7,2,4,56,0.802917136,22701176,24775728.768,1728000000,1.2948,0.08,1200,158.385321100917,0,33240,0,0,0,0.65,21606,0.715,0.65,0.715,0.715,0.715,10,0,10,10,10,150
"BR0090","BonsaiPremium Bastones rectos de brocoli 9x9 mm 5 x 2,5 kg | Ref NL0","Bastones rectos de brocoli","Estacional","Bastones clasicos - Reserva Privada","Bastones clasicos","Medio",12.5,"5 X2,5 KG",5,2.5,"1c01c33ced1f5bfdb36a399ac98e0c68",16,4.1,383,248,214,391.2,256.2,222.2,1800,800,1200,8,2,4,64,0.824818250666666,20326576,22270092.768,1728000000,1.2948,0.08,1200,158.385321100917,0,441395,4119055,265900,1061915,0.65,431284.75,0.715,0.585,0.455,0.585,0.52,10,-10,-30,-10,-20,150
"BR0091","5 bolsas de 2,5 kg | Bastones rectos de brocoli 11x11 mm con cabo | Ref 212","Bastones rectos de brocoli","Estacional","Bastones clasicos - Reserva Privada","Bastones clasicos","Medio",12.5,"5 X 2,5 KG",5,2.5,"b104736a19fe0c796651c18805508482",142,4.1,383,248,209,391.2,256.2,217.2,1800,800,1200,8,2,4,64,0.806257984,19851656,21768965.568,1728000000,1.2948,0.08,1200,158.385321100917,0,0,41260,70120,0,0.65,36198.5,0.715,0.715,0.65,0.65,0.715,10,10,0,0,10,150
"BR0092","5 bolsas de 2,5 kg | Bastones rectos de brocoli 6x6 mm | Ref RXH","Bastones rectos de brocoli","Estacional","Bastones clasicos - Reserva Privada","Bastones clasicos","Fino",12.5,"5 X 2,5 KG",5,2.5,"2361696c0cf9b4a8490d7098c11e6a51",27,2.7,393,255,250,398.4,260.4,255.4,1800,800,1200,7,2,4,56,0.858668421333333,25053750,26496054.144,1728000000,1.3176,0.06,730,98.0477064220183,0,2681718,4182,8775474,3168918,0.6,1463029.2,0.66,0.48,0.66,0.42,0.42,10,-20,10,-30,-30,150
"BR0092XL","5 bolsas de 2,5 kg | Bastones rectos de brocoli 6x6 mm | Ref RXH XL","Bastones rectos de brocoli","Estacional","Bastones clasicos - Reserva Privada","Bastones clasicos","Fino",12.5,"5 X 2,5 KG",5,2.5,"225c1760c0e9639bbb73f58d280b7a0e",24,2.7,393,294,224,398.4,299.4,229.4,1800,800,1200,7,2,4,56,0.886765581333333,25881408,27363052.224,1728000000,1.3956,0.06,730,103.851987767584,0,360373,0,97776,517960,0.6,585665.4,0.66,0.48,0.66,0.54,0.42,10,20,10,-10,-30,150
"BR0093","5 bolsas de 2,5 kg | Bastones rectos de brocoli 6x6 mm | Ref BKP","Bastones rectos de brocoli","Estacional","Bastones clasicos - Reserva Privada","Bastones clasicos","Fino",12.5,"5 X 2,5 KG",5,2.5,"2361696c0cf9b4a8490d7098c11e6a51",27,2.7,393,255,250,398.4,260.4,255.4,1800,800,1200,7,2,4,56,0.858668421333333,25053750,26496054.144,1728000000,1.3176,0.06,730,98.0477064220183,0,2681718,4182,8775474,3168918,0.6,1463029.2,0.66,0.48,0.66,0.42,0.42,10,-20,10,-30,-30,150
"BR0094","BonsaiPremium Bastones rectos de brocoli 9x9 mm 5 x 2,5 kg | Ref AS7","Bastones rectos de brocoli","Estacional","Bastones clasicos - Reserva Privada","Bastones clasicos","Medio",12.5,"5 X 2,5 KG",5,2.5,"3826faf22304dbe5bef22f8c36155874",42,2.7,393,255,224,398.4,260.4,229.4,1800,800,1200,7,2,4,56,0.771255034666667,22448160,23798726.784,1728000000,1.3176,0.06,730,98.0477064220183,0,15447030,2627646,20043672,9200934,0.6,3198445.2,0.66,0.42,0.48,0.42,0.42,10,-30,-20,-30,-30,150
"BR0095","5 bolsas de 2,5 kg | Bastones rectos de brocoli 9x9 mm | Ref LZG","Bastones rectos de brocoli","Estacional","Bastones clasicos - Reserva Privada","Bastones clasicos","Medio",12.5,"5 X 2,5 KG",5,2.5,"3826faf22304dbe5bef22f8c36155874",42,2.7,393,255,224,398.4,260.4,229.4,1800,800,1200,7,2,4,56,0.771255034666667,22448160,23798726.784,1728000000,1.3176,0.06,730,98.0477064220183,0,15447030,2627646,20043672,9200934,0.6,3198445.2,0.66,0.42,0.48,0.42,0.42,10,-30,-20,-30,-30,150
"BR0096","5 bolsas de 2,5 kg | Bastones rectos de brocoli 11x11 mm | Ref 9PB","Bastones rectos de brocoli","Estacional","Bastones clasicos - Reserva Privada","Bastones clasicos","Medio",12.5,"5 X 2,5 KG",5,2.5,"a130566667d4be7bb38053adaefea0af",119,2.7,393,255,204,398.4,260.4,209.4,1800,800,1200,8,2,4,64,0.804587392,20443860,21723859.584,1728000000,1.3176,0.06,730,98.0477064220183,422280,1385562,0,4166136,0,0.6,597397.8,0.54,0.48,0.66,0.42,0.66,-10,-20,10,-30,10,150
"BR0097","5 bolsas de 2,5 kg | Bastones rectos de brocoli 11x11 mm | Ref 34F","Bastones rectos de brocoli","Estacional","Bastones clasicos - Reserva Privada","Bastones clasicos","Medio",12.5,"5 X 2,5 KG",5,2.5,"e70cd62d04659cbda3f1df24c7140e35",184,4.8,379,246,197,388.6,255.6,206.6,1800,800,1200,8,2,4,64,0.760029061333333,18367098,20520784.656,1728000000,1.2884,0.1,1550,203.569826707441,0,22469,0,115226,0,0.7,96386.5,0.77,0.7,0.77,0.56,0.77,10,0,10,-20,10,150
"BR0098","Bastones rectos de brocoli 9x18 mm - clasico - Caja de 5 packs de 2,5 kg","Bastones rectos de brocoli","Estacional","Bastones clasicos - Reserva Privada","Bastones clasicos","Corte steak",12.5,"5 X 2,5 KG",5,2.5,"f95687311339e4b9b0ef5622b26fd941",199,2.7,393,255,209,398.4,260.4,214.4,1800,800,1200,8,2,4,64,0.823799125333333,20944935,22242576.384,1728000000,1.3176,0.06,730,98.0477064220183,133266,515298,0,3609036,0,0.6,425760,0.6,0.54,0.66,0.42,0.66,0,-10,10,-30,10,150
"BR0099","BonsaiPremium Bastones rectos de brocoli 9x18 mm 5 x 2,5 kg | Ref VTT","Bastones rectos de brocoli","Estacional","Bastones clasicos - Reserva Privada","Bastones clasicos","Corte steak",12.5,"5 X 2,5 KG",5,2.5,"1a3ffa8018de4637afcdd1e390e2602a",14,4.1,383,248,199,391.2,256.2,207.2,1800,800,1200,8,2,4,64,0.769137450666667,18901816,20766711.168,1728000000,1.2948,0.08,1200,158.385321100917,546324,0,0,526628,375136,0.65,235314.3,0.52,0.715,0.715,0.52,0.585,-20,10,10,-20,-10,150
"BR0100","5 bolsas de 2,5 kg | Bastones rectos de brocoli 9x9 mm | Ref BJP","Bastones rectos de brocoli","Estacional","Bastones clasicos - Legumes Frites","Bastones clasicos","Medio",12.5,"5 X 2,5 KG",5,2.5,"bdfc62c15432bf98daa6314e01c97f4b",151,4.8,380,282,181,389.6,291.6,190.6,1800,800,1200,9,2,4,72,0.902231784,19395960,21653562.816,1728000000,1.3624,0.1,1550,215.261977573904,78594,0,0,0,0,0.7,55015.8,0.63,0.77,0.77,0.77,0.77,-10,10,10,10,10,150
"BR0101","BonsaiGreen Bastones rectos de brocoli 11x11 mm 5 x 2,5 kg | Ref UO0","Bastones rectos de brocoli","Estacional","Bastones clasicos - Legumes Frites","Bastones clasicos","Medio",12.5,"5 X 2,5 KG",5,2.5,"a864dfb999785d464e7867269d6489cb",130,4.8,380,282,175,389.6,291.6,184.6,1800,800,1200,9,2,4,72,0.873829944,18753000,20971918.656,1728000000,1.3624,0.1,1550,215.261977573904,22584,0,0,0,0,0.7,15808.8,0.7,0.77,0.77,0.77,0.77,0,10,10,10,10,150
"BR0102","BonsaiGreen Bastones rectos de brocoli 11x11 mm 5 x 2,5 kg | Ref UO0","Bastones rectos de brocoli","Estacional","Bastones clasicos - Legumes Frites","Bastones clasicos","Medio",12.5,"5 X 2,5 KG",5,2.5,"5e09543a8b7a6614f447c98559a39851",74,2.7,395,296,178,400,301.4,183.4,1800,800,1200,9,2,3,54,0.6909595,20811760,22110704,1728000000,1.4028,0.06,730,104.387767584098,0,184470,0,0,0,0.6,36894,0.66,0.54,0.66,0.66,0.66,10,-10,10,10,10,150
"BR0103","5 bolsas de 2,5 kg | Bastones rectos de brocoli 6x6 mm | Ref F7E","Bastones rectos de brocoli","Estacional","Bastones clasicos - Legumes Frites","Bastones clasicos","Fino",12.5,"5 X 2,5 KG",5,2.5,"ea4f4880b999f6854b641f68b394c657",188,4.8,380,282,201,389.6,291.6,210.6,1800,800,1200,8,2,4,64,0.886137408,21539160,23925710.016,1728000000,1.3624,0.1,1550,215.261977573904,61923,0,0,0,0,0.7,43346.1,0.63,0.77,0.77,0.77,0.77,-10,10,10,10,10,150
"BR0104","5 bolsas de 2,5 kg | Bastones rectos de brocoli 6x6 mm | Ref F7E","Bastones rectos de brocoli","Estacional","Bastones clasicos - Legumes Frites","Bastones clasicos","Fino",12.5,"5 X 2,5 KG",5,2.5,"a555028b9dc4a080d444d0af6464279d",125,4.1,386,286,201,394.2,294.2,209.2,1800,800,1200,8,2,4,64,0.898580944,22189596,24261685.488,1728000000,1.3768,0.08,1200,168.415902140673,147015,0,0,0,0,0.65,95559.75,0.52,0.715,0.715,0.715,0.715,-20,10,10,10,10,150
"BR0105","BonsaiGreen Bastones rectos de brocoli 9x9 mm 5 x 2,5 kg | Ref TJZ","Bastones rectos de brocoli","Estacional","Bastones clasicos - Legumes Frites","Bastones clasicos","Medio",12.5,"5 X 2,5 KG",5,2.5,"55b52b97c05b19dbbbefa191622fe36a",66,4.1,386,286,179,394.2,294.2,187.2,1800,800,1200,9,2,4,72,0.904594392,19760884,21710265.408,1728000000,1.3768,0.08,1200,168.415902140673,4150192,6511048,34760,2059872,20680,0.65,1038094.85,0.455,0.455,0.715,0.52,0.715,-30,-30,10,-20,10,150
"BR0106","Bastones rectos de brocoli 13x13 mm - clasico - Caja de 5 packs de 2,5 kg | Ref TQN","Bastones rectos de brocoli","Estacional","Bastones extra crocantes - Atelier Frites","Bastones extra crocantes","Grueso",12.5,"5 X 2,5 KG",5,2.5,"371bc8e13ebaec61128f288334956fa5",41,4.5,391,255,230,400,264,239,1800,800,1200,7,2,4,56,0.817911111111111,22932150,25238400,1728000000,1.328,0.08,1400,189.520897043833,0,0,12592,0,0,0.65,8184.8,0.715,0.715,0.715,0.715,0.715,10,10,10,10,10,150
"BR0107","Bastones rectos de brocoli - clasico - Caja de 2 packs de 5,25 kg","Bastones rectos de brocoli","Estacional","Bastones clasicos - Legumes Frites","Bastones clasicos","Medio",10.5,"2 X 5,25 KG",2,5.25,"35174969e008414733b7133a380c2f8c",38,4.5,391,255,240,400,264,249,1800,800,1200,7,2,4,56,0.852133333333333,23929200,26294400,1728000000,1.328,0.08,1400,189.520897043833,0,0,81566,0,0,0.65,53017.9,0.715,0.715,0.585,0.715,0.715,10,10,-10,10,10,150
"BR0108","11 bolsas de 1 kg | Brocoli en rejilla","Brocoli en rejilla","Forma estable","Bastones clasicos - Reserva Privada","Bastones clasicos","Forma",11,"11 X 1 KG",11,1,"a2c4cc4e764be062aaefa64a99695dbe",123,2.7,395,296,301,400,301.4,306.4,1800,800,1200,5,2,3,30,0.641312222222222,35192920,36939584,1728000000,1.4028,0.06,730,104.387767584098,0,11355,0,0,0,0.6,6813,0.66,0.66,0.66,0.66,0.66,10,10,10,10,10,150
"BR0109","13 bolsas de 1 kg | Espirales de brocoli","Espirales de brocoli","Forma estable","Bastones clasicos - Sigilo","Bastones clasicos","Forma",13,"13 X 1 KG",13,1,"60eb77c934f99a121f410ec2037a2a46",77,2.7,395,296,306,400,301.4,311.4,1800,800,1200,5,2,3,30,0.6517775,35777520,37542384,1728000000,1.4028,0.06,730,104.387767584098,0,17891,0,0,0,0.6,10734.6,0.66,0.66,0.66,0.66,0.66,10,10,10,10,10,150
"BR0110","5 bolsas de 2,5 kg | Bastones rectos de brocoli 9x9 mm | Ref Y78","Bastones rectos de brocoli","Estacional","Bastones clasicos - Reserva Privada","Bastones clasicos","Medio",12.5,"5 X 2,5 kg",5,2.5,"3826faf22304dbe5bef22f8c36155874",42,2.7,393,255,224,398.4,260.4,229.4,1800,800,1200,7,2,4,56,0.771255034666667,22448160,23798726.784,1728000000,1.3176,0.06,730,98.0477064220183,0,15447030,2627646,20043672,9200934,0.6,3198445.2,0.66,0.42,0.48,0.42,0.42,10,-30,-20,-30,-30,150
"BR0111","Bastones rectos de brocoli 11x11 mm - clasico - Caja de 5 packs de 2,5 kg | Ref FLQ","Bastones rectos de brocoli","Estacional","Bastones clasicos - Reserva Privada","Bastones clasicos","Medio",12.5,"5 X 2,5 KG",5,2.5,"a130566667d4be7bb38053adaefea0af",119,2.7,393,255,204,398.4,260.4,209.4,1800,800,1200,8,2,4,64,0.804587392,20443860,21723859.584,1728000000,1.3176,0.06,730,98.0477064220183,422280,1385562,0,4166136,0,0.6,597397.8,0.54,0.48,0.66,0.42,0.66,-10,-20,10,-30,10,150
"BR0112","5 bolsas de 2,5 kg | Bastones rectos de brocoli 9x18 mm | Ref 0FC","Bastones rectos de brocoli","Estacional","Bastones clasicos - Reserva Privada","Bastones clasicos","Corte steak",12.5,"5 X 2,5 KG",5,2.5,"f95687311339e4b9b0ef5622b26fd941",199,2.7,393,255,209,398.4,260.4,214.4,1800,800,1200,8,2,4,64,0.823799125333333,20944935,22242576.384,1728000000,1.3176,0.06,730,98.0477064220183,133266,515298,0,3609036,0,0.6,425760,0.6,0.54,0.66,0.42,0.66,0,-10,10,-30,10,150
"BR0113","5 bolsas de 2,5 kg | Bastones rectos de brocoli con cabo | Ref C2H","Bastones rectos de brocoli","Estacional","Bastones clasicos - Legumes Frites","Bastones clasicos","Grueso",12.5,"5 X 2,5 KG",5,2.5,"3f4b03b56bb388655f2cb1495b69f5d7",48,4.1,388,288,278,396.2,296.2,286.2,1800,800,1200,6,2,4,48,0.932967798,31064832,33586840.728,1728000000,1.3848,0.08,1200,169.394495412844,0,0,0,0,7783,0.65,5058.95,0.715,0.715,0.715,0.715,0.715,10,10,10,10,10,150
"BR0114","5 bolsas de 1,75 kg | Tortitas de brocoli","Tortitas de brocoli","Forma estable","Guarniciones - Tortitas","Guarniciones","Forma",8.75,"5 X 1,75 KG",5,1.75,"d0098765b25906b02fe80a96f1e6e287",170,2.5,395,296,255,400,301,260,1800,800,1200,6,2,3,36,0.652166666666667,29814600,31304000,1728000000,1.402,0.06,600,85.7492354740061,9070,0,0,0,0,0.6,5442,0.66,0.66,0.66,0.66,0.66,10,10,10,10,10,150
"BR0115","BonsaiGreen Brocoli en rejilla sazonado, picante, crocante 5 x 2,5 kg","Brocoli en rejilla","Forma estable","Bastones clasicos - Sigilo","Bastones clasicos","Forma",12.5,"5 X 2,5 KG",5,2.5,"ab2be01db2336d90876b25f646f81b48",132,4.1,386,286,283,394.2,294.2,291.2,1800,800,1200,6,2,4,48,0.938097888,31242068,33771523.968,1728000000,1.3768,0.08,1200,168.415902140673,0,0,5957995,0,0,0.65,774539.35,0.715,0.715,0.455,0.715,0.715,10,10,-30,10,10,150
"BR0116","5 bolsas de 2,5 kg | Gajos de brocoli sazonado, picante, crocante","Gajos de brocoli","Forma estable","Bastones clasicos - Sigilo","Bastones clasicos","Forma",12.5,"5 X 2,5 KG",5,2.5,"116dda17a7b7fb82c62f462ef4a94218",6,4.1,386,286,164,394.2,294.2,172.2,1800,800,1200,10,2,4,80,0.92456763,18104944,19970660.808,1728000000,1.3768,0.08,1200,168.415902140673,0,5214468,32879,0,0,0.65,487253.65,0.715,0.455,0.715,0.715,0.715,10,-30,10,10,10,150
"BR0117","BonsaiGreen Espirales de brocoli sazonado, picante, crocante 5 x 2,5 kg","Espirales de brocoli","Forma estable","Bastones clasicos - Sigilo","Bastones clasicos","Forma",12.5,"5 X 2,5 KG",5,2.5,"ce9d9f5685ddf0df230b3137826b5cde",167,4.1,386,286,256,394.2,294.2,264.2,1800,800,1200,6,2,4,48,0.851117658,28261376,30640235.688,1728000000,1.3768,0.08,1200,168.415902140673,0,0,2340884,0,0,0.65,380393.65,0.715,0.715,0.455,0.715,0.715,10,10,-30,10,10,150
"BR0118","Espirales de brocoli - clasico - Caja de 13 packs de 0,5 kg | Ref 57C","Espirales de brocoli","Forma estable","Bastones clasicos - Sigilo","Bastones clasicos","Forma",6.5,"13 X 0,5 KG",13,0.5,"5752498adef915345dabc54b32edf146",68,2.7,395,296,219,400,301.4,224.4,1800,800,1200,8,2,3,48,0.751490666666667,25605480,27053664,1728000000,1.4028,0.06,730,104.387767584098,0,194538,0,0,0,0.6,58361.4,0.66,0.54,0.66,0.66,0.66,10,-10,10,10,10,150
"BR0119","BonsaiGreen Bastones rectos de brocoli 5 x 2,5 kg | Ref WIX","Bastones rectos de brocoli","Estacional","Bastones clasicos - Sigilo","Bastones clasicos","Medio",12.5,"5 X 2,5 KG",5,2.5,"fea00d6f87d3f80808e9e8d1b501120a",204,2.7,395,296,184,400,301.4,189.4,1800,800,1200,9,2,3,54,0.7135645,21513280,22834064,1728000000,1.4028,0.06,730,104.387767584098,0,0,35599,0,0,0.6,21359.4,0.66,0.66,0.6,0.66,0.66,10,10,0,10,10,150
"BR0120","Rosti de brocoli - clasico - Caja de 11 packs de 1 kg | Ref MMY","Rosti de brocoli","Forma estable","Guarniciones - Legumes Croquetas","Guarniciones","Forma",11,"11 X 1 KG",11,1,"1333ec917a8a6111a3fac88649307892",9,4.6,380,287,219,389.2,296.2,228.2,1800,800,1200,7,2,4,56,0.852545987481481,23884140,26307133.328,1728000000,1.3708,0.1,1450,202.615698267074,439,0,0,0,0,0.7,307.3,0.77,0.77,0.77,0.77,0.77,10,10,10,10,10,150
"BR0121","16 bolsas de 0,75 kg | Brocoli en rejilla","Brocoli en rejilla","Forma estable","Bastones clasicos - Sigilo","Bastones clasicos","Forma",12,"16 X 0,75 KG",16,0.75,"c98f51071fa8c135d7071023f6b23ac0",161,4.1,388,288,348,396.2,296.2,356.2,1800,800,1200,5,2,4,40,0.967630822407407,38886912,41801651.528,1728000000,1.3848,0.08,1200,169.394495412844,0,12373,0,0,0,0.65,8042.45,0.715,0.715,0.715,0.715,0.715,10,10,10,10,10,150
"BR0122","16 bolsas de 0,75 kg | Espirales de brocoli","Espirales de brocoli","Forma estable","Bastones clasicos - Sigilo","Bastones clasicos","Forma",12,"16 X 0,75 KG",16,0.75,"2358aed8ccfb64eb89ff5dcd9e30de7d",26,2.7,395,296,352,400,301.4,357.4,1800,800,1200,5,2,3,30,0.748058055555555,41155840,43088144,1728000000,1.4028,0.06,730,104.387767584098,0,52656,0,0,0,0.6,15796.8,0.66,0.6,0.66,0.66,0.66,10,0,10,10,10,150
"BR0123","BonsaiGreen Brocoli zigzag 13 x 1 kg","Brocoli zigzag","Forma estable","Bastones clasicos - Sigilo","Bastones clasicos","Forma",13,"13 X 1 KG",13,1,"0835ff365412a67b720a19713ec250f3",3,4.1,386,286,278,394.2,294.2,286.2,1800,800,1200,6,2,4,48,0.921990438,30690088,33191655.768,1728000000,1.3768,0.08,1200,168.415902140673,0,0,0,0,9196,0.65,5977.4,0.715,0.715,0.715,0.715,0.715,10,10,10,10,10,150
"BR0124","16 bolsas de 0,75 kg | Espirales de brocoli","Espirales de brocoli","Forma estable","Bastones clasicos - Sigilo","Bastones clasicos","Forma",12,"16 X 0,75 KG",16,0.75,"2358aed8ccfb64eb89ff5dcd9e30de7d",26,2.7,395,296,352,400,301.4,357.4,1800,800,1200,5,2,3,30,0.748058055555555,41155840,43088144,1728000000,1.4028,0.06,730,104.387767584098,0,52656,0,0,0,0.6,15796.8,0.66,0.6,0.66,0.66,0.66,10,0,10,10,10,150
"BR0125","Gajos de brocoli - con cabo - Caja de 13 packs de 1 kg","Gajos de brocoli","Forma estable","Bastones clasicos - Reserva Privada","Bastones clasicos","Forma",13,"13 X 1 KG",13,1,"a699f7e10a026261e599215bbbee0cbc",126,4.8,380,282,202,389.6,291.6,211.6,1800,800,1200,8,2,4,64,0.890345088,21646320,24039317.376,1728000000,1.3624,0.1,1550,215.261977573904,0,8114,160044,0,0,0.7,58855.3,0.77,0.77,0.63,0.77,0.77,10,10,-10,10,10,150
"BR0126","13 bolsas de 1 kg | Bastones rectos de brocoli 6x6 mm","Bastones rectos de brocoli","Estacional","Bastones clasicos - Legumes Frites","Bastones clasicos","Fino",13,"13 X 1 KG",13,1,"aaf392f3c544855a81cee5b4895b3983",131,4.8,380,282,256,389.6,291.6,265.6,1800,800,1200,6,2,4,48,0.838169856,27432960,30174114.816,1728000000,1.3624,0.1,1550,215.261977573904,58942,0,0,0,0,0.7,41259.4,0.63,0.77,0.77,0.77,0.77,-10,10,10,10,10,150
"BR0127","Gajos de brocoli - clasico - Caja de 13 packs de 1 kg","Gajos de brocoli","Forma estable","Bastones clasicos - Reserva Privada","Bastones clasicos","Forma",13,"13 X 1 KG",13,1,"a699f7e10a026261e599215bbbee0cbc",126,4.8,380,282,202,389.6,291.6,211.6,1800,800,1200,8,2,4,64,0.890345088,21646320,24039317.376,1728000000,1.3624,0.1,1550,215.261977573904,0,8114,160044,0,0,0.7,58855.3,0.77,0.77,0.63,0.77,0.77,10,10,-10,10,10,150
"BR0128","BonsaiPremium Bastones rectos de brocoli 9x18 mm 5 x 2,5 kg | Ref OWN","Bastones rectos de brocoli","Estacional","Bastones clasicos - Reserva Privada","Bastones clasicos","Corte steak",12.5,"5 X 2,5 KG",5,2.5,"f95687311339e4b9b0ef5622b26fd941",199,2.7,393,255,209,398.4,260.4,214.4,1800,800,1200,8,2,4,64,0.823799125333333,20944935,22242576.384,1728000000,1.3176,0.06,730,98.0477064220183,133266,515298,0,3609036,0,0.6,425760,0.6,0.54,0.66,0.42,0.66,0,-10,10,-30,10,150
"BR0129","5 bolsas de 2,5 kg | Bastones rectos de brocoli 9x9 mm | Ref EG9","Bastones rectos de brocoli","Estacional","Bastones clasicos - Legumes Frites","Bastones clasicos","Medio",12.5,"5 X 2,5 KG",5,2.5,"f95687311339e4b9b0ef5622b26fd941",199,2.7,393,255,209,398.4,260.4,214.4,1800,800,1200,8,2,4,64,0.823799125333333,20944935,22242576.384,1728000000,1.3176,0.06,730,98.0477064220183,133266,515298,0,3609036,0,0.6,425760,0.6,0.54,0.66,0.42,0.66,0,-10,10,-30,10,150
"BR0130","Espirales de brocoli - clasico - Caja de 13 packs de 0,75 kg | Ref G3W","Espirales de brocoli","Forma estable","Bastones clasicos - Sigilo","Bastones clasicos","Forma",9.75,"13 X 0,75 KG",13,0.75,"4989f7c44b56191eebb2c0b95763c0db",54,2.7,395,296,250,400,301.4,255.4,1800,800,1200,7,2,3,42,0.748392944444444,29230000,30791024,1728000000,1.4028,0.06,730,104.387767584098,0,990990,0,0,0,0.6,198198,0.66,0.48,0.66,0.66,0.66,10,-20,10,10,10,150
"BR0131","Bastones rectos de brocoli - clasico - Caja de 13 packs de 1,25 kg","Bastones rectos de brocoli","Estacional","Bastones clasicos - Sigilo","Bastones clasicos","Grueso",16.25,"13 X 1,25 KG",13,1.25,"3256a5fed07b421a92abee44a3d93243",34,2.7,395,296,260,400,301.4,265.4,1800,800,1200,6,2,3,36,0.666596333333333,30399200,31996624,1728000000,1.4028,0.06,730,104.387767584098,0,1124998,9039079,0,349489,0.6,901162.8,0.66,0.48,0.42,0.66,0.6,10,-20,-30,10,0,150
"BR0132","Croquetas de brocoli - clasico - Caja de 11 packs de 1 kg","Croquetas de brocoli","Forma estable","Guarniciones - Legumes Croquetas","Guarniciones","Forma",11,"11 X 1 KG",11,1,"34dbd33aabcf7123c6ee197304f6312d",37,2.7,395,245,230,400,250.4,235.4,1800,800,1200,7,2,4,56,0.764090962962963,22258250,23577664,1728000000,1.3008,0.06,730,96.7975535168196,19190,43692,28596,14402,17010,0.6,36867,0.66,0.6,0.66,0.66,0.66,10,0,10,10,10,150
"BR0133","5 bolsas de 2,5 kg | Croquetas de brocoli","Croquetas de brocoli","Forma estable","Guarniciones - Legumes Croquetas","Guarniciones","Forma",12.5,"5 X 2,5 KG",5,2.5,"34dbd33aabcf7123c6ee197304f6312d",37,2.7,395,245,230,400,250.4,235.4,1800,800,1200,7,2,4,56,0.764090962962963,22258250,23577664,1728000000,1.3008,0.06,730,96.7975535168196,19190,43692,28596,14402,17010,0.6,36867,0.66,0.6,0.66,0.66,0.66,10,0,10,10,10,150
"BR0134","11 bolsas de 1,25 kg | Bastones rectos de brocoli | Ref GRR","Bastones rectos de brocoli","Estacional","Bastones clasicos - Sigilo","Bastones clasicos","Medio",13.75,"11 X 1,25 KG",11,1.25,"b10375e57c7a7f209de7bf3aec5aa29f",141,4.1,386,286,268,394.2,294.2,276.2,1800,800,1200,6,2,4,48,0.889775538,29586128,32031919.368,1728000000,1.3768,0.08,1200,168.415902140673,827898,0,87708,0,0,0.65,595143.9,0.455,0.715,0.585,0.715,0.715,-30,10,-10,10,10,150
"BR0135","5 bolsas de 2,5 kg | Bastones rectos de brocoli 6x6 mm | Ref WKT","Bastones rectos de brocoli","Estacional","Bastones clasicos - Legumes Frites","Bastones clasicos","Fino",12.5,"5 X 2,5 KG",5,2.5,"e205014ff79e36431f829f1fab46061c",182,4.1,388,288,273,396.2,296.2,281.2,1800,800,1200,6,2,4,48,0.916668570222222,30506112,33000068.528,1728000000,1.3848,0.08,1200,169.394495412844,46669,0,0,0,0,0.65,30334.85,0.65,0.715,0.715,0.715,0.715,0,10,10,10,10,150
"BR0136","Bastones rectos de brocoli 9x9 mm - clasico - Caja de 5 packs de 2,5 kg | Ref R5M","Bastones rectos de brocoli","Estacional","Bastones clasicos - Reserva Privada","Bastones clasicos","Medio",12.5,"5 X 2,5 KG",5,2.5,"4d0dc68792c8a76defd00faaff677665",57,4.6,379,281,289,388.2,290.2,298.2,1800,800,1200,6,2,4,48,0.933164218,30778211,33593911.848,1728000000,1.3568,0.1,1450,200.546381243629,101927,74035,0,0,0,0.7,123173.4,0.56,0.63,0.77,0.77,0.77,-20,-10,10,10,10,150
"BR0136XL","Bastones rectos de brocoli 9x9 mm - clasico - Caja de 5 packs de 2,5 kg | Ref R5M XL","Bastones rectos de brocoli","Estacional","Bastones clasicos - Reserva Privada","Bastones clasicos","Medio",12.5,"5 X 2,5 KG",5,2.5,"584c93c412f45cd05fb6c4c753038aa1",69,4.6,379,285,289,388.2,294.2,298.2,1800,800,1200,6,2,4,48,0.946026578,31216335,34056956.808,1728000000,1.3648,0.1,1450,201.728848114169,109265,79365,0,0,0,0.7,132041,0.56,0.63,0.77,0.77,0.77,-20,-10,10,10,10,150
"BR0137","Bastones rectos de brocoli 6x6 mm - clasico - Caja de 5 packs de 2,5 kg | Ref BLU","Bastones rectos de brocoli","Estacional","Bastones clasicos - Reserva Privada","Bastones clasicos","Fino",12.5,"5 X 2,5 KG",5,2.5,"cd9c1ebb698c60a0d79bc82cf70c2404",165,2.7,393,255,311,398.4,260.4,316.4,1800,800,1200,5,2,4,40,0.759824053333333,31166865,32824399.104,1728000000,1.3176,0.06,730,98.0477064220183,0,347390,25311,0,0,0.6,223620.6,0.66,0.48,0.6,0.66,0.66,10,-20,0,10,10,150
"BR0138","2 bolsas de 2,5 kg | Rosti de brocoli","Rosti de brocoli","Forma estable","Guarniciones - Legumes Croquetas","Guarniciones","Forma",5,"2 X 2,5 KG",2,2.5,"25b51ca97d24c6dd7fdc2fd6f9551dac",29,4.6,380,252,144,389.2,261.2,153.2,1800,800,1200,11,2,4,88,0.793128769481481,13789440,15574164.928,1728000000,1.3008,0.1,1450,192.269113149847,217344,0,0,0,0,0.7,25356.8,0.7,0.77,0.77,0.77,0.77,0,10,10,10,10,150
"BR0139","BonsaiPremium Rodajas de brocoli con cabo 5 x 1,75 kg","Rodajas de brocoli","Forma estable","Bastones clasicos - Reserva Privada","Bastones clasicos","Forma",8.75,"5 X 1,75 KG",5,1.75,"c9eb200a8d16b9dc82e130d6874c099c",162,2.7,395,296,270,400,301.4,275.4,1800,800,1200,6,2,3,36,0.691713,31568400,33202224,1728000000,1.4028,0.06,730,104.387767584098,0,71748,0,0,0,0.6,43048.8,0.66,0.54,0.66,0.66,0.66,10,-10,10,10,10,150
"BR0140","Brocoli en rejilla - clasico - Caja de 13 packs de 0,5 kg | Ref SDH","Brocoli en rejilla","Forma estable","Bastones clasicos - Sigilo","Bastones clasicos","Forma",6.5,"13 X 0,5 KG",13,0.5,"5914abeae491eab8612131985b15994f",70,4.1,386,286,239,394.2,294.2,247.2,1800,800,1200,7,2,4,56,0.929077716,26384644,28668683.808,1728000000,1.3768,0.08,1200,168.415902140673,0,1044045,1330340,0,1918650,0.65,558094.55,0.715,0.52,0.52,0.715,0.52,10,-20,-20,10,-20,150
"BR0141","13 bolsas de 0,5 kg | Brocoli en rejilla | Ref QNX","Brocoli en rejilla","Forma estable","Bastones clasicos - Sigilo","Bastones clasicos","Forma",6.5,"13x0,5 kg",13,0.5,"5914abeae491eab8612131985b15994f",70,4.1,386,286,239,394.2,294.2,247.2,1800,800,1200,7,2,4,56,0.929077716,26384644,28668683.808,1728000000,1.3768,0.08,1200,168.415902140673,0,1044045,1330340,0,1918650,0.65,558094.55,0.715,0.52,0.52,0.715,0.52,10,-20,-20,10,-20,150
"BR0142","Brocoli en rejilla - clasico - Caja de 11 packs de 1 kg | Ref M9P","Brocoli en rejilla","Forma estable","Bastones clasicos - Sigilo","Bastones clasicos","Forma",11,"11X1,0 KG",11,1,"8f26468860664ecfed551104179d7f3e",106,4.1,386,286,318,394.2,294.2,326.2,1800,800,1200,5,2,4,40,0.875708365,35105928,37830601.368,1728000000,1.3768,0.08,1200,168.415902140673,0,29780,0,0,0,0.65,19357,0.715,0.65,0.715,0.715,0.715,10,0,10,10,10,150
"BR0143","Bastones rectos de brocoli 6x6 mm - clasico - Caja de 5 packs de 2,5 kg | Ref GW8","Bastones rectos de brocoli","Estacional","Bastones clasicos - Reserva Privada","Bastones clasicos","Fino",12.5,"5 X 2,5 KG",5,2.5,"cc0d190e9c91b2ee40868981c9f6d0f6",164,4.8,380,282,266,389.6,291.6,275.6,1800,800,1200,6,2,4,48,0.869727456,28504560,31310188.416,1728000000,1.3624,0.1,1550,215.261977573904,0,0,0,280409,0,0.7,196286.3,0.77,0.77,0.77,0.56,0.77,10,10,10,-20,10,150
"BR0144","5 bolsas de 2,5 kg | Bastones rectos de brocoli 6x6 mm | Ref RXH","Bastones rectos de brocoli","Estacional","Bastones clasicos - Reserva Privada","Bastones clasicos","Fino",12.5,"5 X 2,5 KG",5,2.5,"1e68edd4dd3edf793634e204ec225c3b",20,4.8,380,282,215,389.6,291.6,224.6,1800,800,1200,8,2,4,64,0.945044928,23039400,25516213.056,1728000000,1.3624,0.1,1550,215.261977573904,0,0,0,145199,0,0.7,101639.3,0.77,0.77,0.77,0.56,0.77,10,10,10,-20,10,150
"BR0145","BonsaiPremium Bastones rectos de brocoli 9x9 mm 5 x 2,5 kg | Ref AS7","Bastones rectos de brocoli","Estacional","Bastones clasicos - Reserva Privada","Bastones clasicos","Medio",12.5,"5 X 2,5 KG",5,2.5,"952d7cb277c22fee189451276b46d536",110,4.1,388,288,179,396.2,296.2,187.2,1800,800,1200,9,2,4,72,0.915364632,20002176,21968751.168,1728000000,1.3848,0.08,1200,169.394495412844,0,54263,4459,23818,0,0.65,53651,0.715,0.585,0.715,0.65,0.715,10,-10,10,0,10,150
"BR0146","Bastones rectos de brocoli 9x18 mm - clasico - Caja de 5 packs de 2,5 kg","Bastones rectos de brocoli","Estacional","Bastones clasicos - Reserva Privada","Bastones clasicos","Corte steak",12.5,"5 X 2,5 KG",5,2.5,"ddc544b82bb095f53666029f60d7e482",180,4.5,391,296,173,400,305,182,1800,800,1200,9,2,3,54,0.693875,20022328,22204000,1728000000,1.41,0.08,1400,201.223241590214,0,16673,0,56662,0,0.65,47667.75,0.715,0.715,0.715,0.585,0.715,10,10,10,10,10,150
"BR0147","5 bolsas de 2,5 kg | Bastones rectos de brocoli 6x6 mm | Ref VXL","Bastones rectos de brocoli","Estacional","Bastones clasicos - Sigilo","Bastones clasicos","Fino",12.5,"5 X 2,5 KG",5,2.5,"5229dfb764d843b66341f7ca5cdec3dd",63,4.1,388,288,214,396.2,296.2,222.2,1800,800,1200,8,2,4,64,0.965783576592592,23913216,26076156.568,1728000000,1.3848,0.08,1200,169.394495412844,0,1306778,768266,0,0,0.65,674389.3,0.715,0.455,0.52,0.715,0.715,10,-30,-20,10,10,150
"BR0148","5 bolsas de 2,5 kg | Bastones rectos de brocoli 9x9 mm | Ref TYH","Bastones rectos de brocoli","Estacional","Bastones clasicos - Sigilo","Bastones clasicos","Medio",12.5,"5 X 2,5 KG",5,2.5,"161332db17a4c8bcba8a5651098cbe91",11,4.1,388,288,189,396.2,296.2,197.2,1800,800,1200,9,2,4,72,0.964262315333333,21119616,23142295.568,1728000000,1.3848,0.08,1200,169.394495412844,7376,400966,276394,5536,6538,0.65,226463.25,0.715,0.52,0.52,0.715,0.715,10,-20,20,10,10,150
"BR0149","5 bolsas de 2,5 kg | Bastones rectos de brocoli 13x13 mm","Bastones rectos de brocoli","Estacional","Bastones clasicos - Sigilo","Bastones clasicos","Grueso",12.5,"5 X 2,5 KG",5,2.5,"fe7802fb3f92b710413a4de88233a3f7",203,4.1,388,288,174,396.2,296.2,182.2,1800,800,1200,9,2,4,72,0.890915790333333,19443456,21381978.968,1728000000,1.3848,0.08,1200,169.394495412844,0,0,104206,0,0,0.65,33866.95,0.715,0.715,0.585,0.715,0.715,10,10,-10,10,10,150
"BR0150","Bastones rectos de brocoli 9x9 mm - clasico - Caja de 5 packs de 2,5 kg | Ref XV0","Bastones rectos de brocoli","Estacional","Bastones clasicos - Sigilo","Bastones clasicos","Medio",12.5,"5 X 2,5 kg",5,2.5,"631adf6ff70b5781bcd77a8f20a140e0",81,4.1,386,286,192,394.2,294.2,200.2,1800,800,1200,8,2,4,64,0.859923064,21196032,23217922.728,1728000000,1.3768,0.08,1200,168.415902140673,0,104569,29711,0,0,0.65,87282,0.715,0.52,0.65,0.715,0.715,10,-20,0,10,10,150
"BR0151","Brocoli zigzag 9x9 mm - clasico - Caja de 5 packs de 2,5 kg | Ref QIL","Brocoli zigzag","Forma estable","Bastones clasicos - Sigilo","Bastones clasicos","Forma",12.5,"5 X 2,5 KG",5,2.5,"414d4cf5c1bc8a346f7e4445ede7acbd",49,4.1,386,286,229,394.2,294.2,237.2,1800,800,1200,7,2,4,56,0.891493666,25280684,27508947.408,1728000000,1.3768,0.08,1200,168.415902140673,2412,410136,5138148,1914,1944,0.65,601743.35,0.715,0.585,0.455,0.715,0.715,10,-10,-30,10,10,150
"BR0152","Bastones rectos de brocoli 9x9 mm - sazonado - Caja de 5 packs de 2,5 kg","Bastones rectos de brocoli","Estacional","Bastones clasicos - Sigilo","Bastones clasicos","Medio",12.5,"5 X 2,5 KG",5,2.5,"27cfee279bf2517d910cfab7c0b51213",30,4.1,386,286,204,394.2,294.2,212.2,1800,800,1200,8,2,4,64,0.911466904,22520784,24609606.408,1728000000,1.3768,0.08,1200,168.415902140673,0,224824,796116,0,0,0.65,165902.75,0.715,0.585,0.52,0.715,0.715,10,-10,-20,10,10,150
"BR0153","Brocoli zigzag 9x9 mm - clasico - Caja de 5 packs de 2,5 kg | Ref V9S","Brocoli zigzag","Forma estable","Bastones clasicos - Sigilo","Bastones clasicos","Forma",12.5,"5 X 2,5 KG",5,2.5,"a81b2225c037d3a9acb4e700a03958ae",129,4.1,386,286,232,394.2,294.2,240.2,1800,800,1200,7,2,4,56,0.902768881,25611872,27856868.328,1728000000,1.3768,0.08,1200,168.415902140673,0,0,173204,0,0,0.65,112582.6,0.715,0.715,0.52,0.715,0.715,10,10,-20,10,10,150
"BR0154","Bastones rectos de brocoli 6x6 mm - con cabo - Caja de 5 packs de 2,5 kg","Bastones rectos de brocoli","Estacional","Bastones clasicos - Sigilo","Bastones clasicos","Fino",12.5,"5 X2,5 KG",5,2.5,"5229dfb764d843b66341f7ca5cdec3dd",63,4.1,388,288,214,396.2,296.2,222.2,1800,800,1200,8,2,4,64,0.965783576592592,23913216,26076156.568,1728000000,1.3848,0.08,1200,169.394495412844,0,1306778,768266,0,0,0.65,674389.3,0.715,0.455,0.52,0.715,0.715,10,-30,-20,10,10,150
"BR0155","Corte rustico de brocoli - clasico - Caja de 5 packs de 2,5 kg","Corte rustico de brocoli","Forma estable","Bastones clasicos - Sigilo","Bastones clasicos","Forma",12.5,"5 X 2.5 KG",2.5,2.5,"27cfee279bf2517d910cfab7c0b51213",30,4.1,386,286,204,394.2,294.2,212.2,1800,800,1200,8,2,4,64,0.911466904,22520784,24609606.408,1728000000,1.3768,0.08,1200,168.415902140673,0,224824,796116,0,0,0.65,165902.75,0.715,0.585,0.52,0.715,0.715,10,-10,-20,10,10,150
"BR0156","5 bolsas de 2,5 kg | Bastones rectos de brocoli 11x11 mm con cabo | Ref MBF","Bastones rectos de brocoli","Estacional","Bastones clasicos - Sigilo","Bastones clasicos","Medio",12.5,"5 X 2,5 KG",5,2.5,"fe7802fb3f92b710413a4de88233a3f7",203,4.1,388,288,174,396.2,296.2,182.2,1800,800,1200,9,2,4,72,0.890915790333333,19443456,21381978.968,1728000000,1.3848,0.08,1200,169.394495412844,0,0,104206,0,0,0.65,33866.95,0.715,0.715,0.585,0.715,0.715,10,10,-10,10,10,150
"BR0157","Espirales de brocoli - sazonado - Caja de 5 packs de 2,5 kg | Ref KQC","Espirales de brocoli","Forma estable","Bastones clasicos - Sigilo","Bastones clasicos","Forma",12.5,"5 X2,5 KG",5,2.5,"ce9d9f5685ddf0df230b3137826b5cde",167,4.1,386,286,256,394.2,294.2,264.2,1800,800,1200,6,2,4,48,0.851117658,28261376,30640235.688,1728000000,1.3768,0.08,1200,168.415902140673,0,0,2340884,0,0,0.65,380393.65,0.715,0.715,0.455,0.715,0.715,10,10,-30,10,10,150
"BR0158","Cubos de brocoli - sazonado - Caja de 5 packs de 2,5 kg","Cubos de brocoli","Forma estable","Guarniciones - Cubos","Guarniciones","Forma",12.5,"5 X 2,5 KG",5,2.5,"4f08f853cf7f9be28571df66a50bc322",60,4.1,388,288,164,396.2,296.2,172.2,1800,800,1200,10,2,4,80,0.935575674444444,18326016,20208434.568,1728000000,1.3848,0.08,1200,169.394495412844,0,319284,0,0,805360,0.65,182754.65,0.715,0.585,0.715,0.715,0.52,10,-10,10,10,-20,150
"BR0159","BonsaiGreen Gajos de brocoli sazonado 5 x 2,5 kg | Ref PO5","Gajos de brocoli","Forma estable","Bastones clasicos - Sigilo","Bastones clasicos","Forma",12.5,"5x2,5 kg",5,2.5,"116dda17a7b7fb82c62f462ef4a94218",6,4.1,386,286,164,394.2,294.2,172.2,1800,800,1200,10,2,4,80,0.92456763,18104944,19970660.808,1728000000,1.3768,0.08,1200,168.415902140673,0,5214468,32879,0,0,0.65,487253.65,0.715,0.455,0.715,0.715,0.715,10,-30,10,10,10,150
"BR0160","Gajos de brocoli - sazonado - Caja de 5 packs de 2,5 kg","Gajos de brocoli","Forma estable","Bastones clasicos - Sigilo","Bastones clasicos","Forma",12.5,"5 X 2,5 KG",5,2.5,"116dda17a7b7fb82c62f462ef4a94218",6,4.1,386,286,164,394.2,294.2,172.2,1800,800,1200,10,2,4,80,0.92456763,18104944,19970660.808,1728000000,1.3768,0.08,1200,168.415902140673,0,5214468,32879,0,0,0.65,487253.65,0.715,0.455,0.715,0.715,0.715,10,-30,10,10,10,150
"BR0161","BonsaiPremium Bastones rectos de brocoli 5 x 2,5 kg | Ref F6I","Bastones rectos de brocoli","Estacional","Brocoli especial - Bastones Especiales","Brocoli especial","Corte steak",12.5,"5 X 2,5 KG",5,2.5,"161332db17a4c8bcba8a5651098cbe91",11,4.1,388,288,189,396.2,296.2,197.2,1800,800,1200,9,2,4,72,0.964262315333333,21119616,23142295.568,1728000000,1.3848,0.08,1200,169.394495412844,7376,400966,276394,5536,6538,0.65,226463.25,0.715,0.52,0.52,0.715,0.715,10,-20,20,10,10,150
"BR0162","11 bolsas de 1 kg | Tortitas de brocoli | Ref 1Y4","Tortitas de brocoli","Forma estable","Guarniciones - Tortitas","Guarniciones","Forma",11,"11 X 1 KG",11,1,"4e4ab9c5dd0e741b2d59dd243d6a270a",59,4.6,383,285,226,392.2,294.2,235.2,1800,800,1200,7,2,4,56,0.879491940444444,24669030,27138608.448,1728000000,1.3728,0.1,1450,202.911314984709,110959,0,0,0,0,0.7,77671.3,0.56,0.77,0.77,0.77,0.77,-20,10,10,10,10,150
"BR0163","Dippers de brocoli - clasico - Caja de 5 packs de 2,5 kg","Dippers de brocoli","Forma estable","Bastones clasicos - Sigilo","Bastones clasicos","Forma",12.5,"5 X 2,5 KG",5,2.5,"ad99ed562d5d808977b10fa512bfde8b",138,4.1,386,286,214,394.2,294.2,222.2,1800,800,1200,8,2,4,64,0.954420104,23624744,25769342.808,1728000000,1.3768,0.08,1200,168.415902140673,0,304508,185908,0,1127500,0.65,262911.35,0.715,0.585,0.65,0.715,0.52,10,-10,0,10,-20,150
"BR0164","Cubos de brocoli - clasico - Caja de 5 packs de 2,5 kg","Cubos de brocoli","Forma estable","Guarniciones - Cubos","Guarniciones","Forma",12.5,"5 X 2,5 KG",5,2.5,"eb8c91d6266d086a541d9c7411a9d92f",191,4.1,388,288,149,396.2,296.2,157.2,1800,800,1200,11,2,4,88,0.939487489111111,16649856,18448117.968,1728000000,1.3848,0.08,1200,169.394495412844,0,8847,0,0,0,0.65,5750.55,0.715,0.715,0.715,0.715,0.715,10,10,10,10,10,150
"BR0165","Mini tortitas de brocoli - clasico - Caja de 5 packs de 2,5 kg","Mini tortitas de brocoli","Forma estable","Guarniciones - Tortitas","Guarniciones","Forma",12.5,"5 X 2,5 KG",5,2.5,"6d3b65a1af8cc152d64aed67c4b13230",89,4.6,383,285,191,392.2,294.2,200.2,1800,800,1200,8,2,4,64,0.855560186962963,20848605,23100125.048,1728000000,1.3728,0.1,1450,202.911314984709,12486,0,0,0,0,0.7,8740.2,0.77,0.77,0.77,0.77,0.77,10,10,10,10,10,150
"BR0166","Bocados de brocoli con mozzarella - clasico - Caja de 5 packs de 1 kg | Ref JW3","Bocados de brocoli con mozzarella","Co-produccion","Snacks y aperitivos - Queso","Snacks y aperitivos","Forma",5,"5 X 1 KG",5,1,"3068e6f2a2ce79314e458b7a6ab57b4d",32,4.1,388,288,144,396.2,296.2,152.2,1800,800,1200,11,2,4,88,0.909605571518518,16091136,17861345.768,1728000000,1.3848,0.08,1200,169.394495412844,17481,39798,26049,13119,354204,0.65,97641.05,0.715,0.715,0.715,0.715,0.52,10,10,10,10,-20,150
"BR0167","Bocados de brocoli con queso cheddar - picante - Caja de 5 packs de 1 kg","Bocados de brocoli con queso cheddar","Co-produccion","Snacks y aperitivos - Queso","Snacks y aperitivos","Forma",5,"5 X 1 KG",5,1,"4c00c9ca639e09b29ebaf3d4ce15c111",56,2.7,395,296,148,400,301.4,153.4,1800,800,1200,11,2,3,66,0.706364388888889,17304160,18493904,1728000000,1.4028,0.06,730,104.387767584098,579,1317,862,434,513,0.6,2223,0.66,0.66,0.66,0.66,0.66,10,10,10,10,10,150
"BR0168","Aros de brocoli - crocante - Caja de 5 packs de 1 kg","Aros de brocoli","Co-produccion","Snacks y aperitivos - Aros y Vegetales","Snacks y aperitivos","Forma",5,"5 X 1 KG",5,1,"7a36a62f118b7544b9313b676a30ea35",100,4.1,388,288,199,396.2,296.2,207.2,1800,800,1200,8,2,4,64,0.900586665481481,22237056,24315839.968,1728000000,1.3848,0.08,1200,169.394495412844,7774,17699,11584,5834,6890,0.65,32357.65,0.715,0.715,0.715,0.715,0.715,10,10,10,10,10,150
"BR0169","Rosti de brocoli - clasico - Caja de 11 packs de 1 kg | Ref OB2","Rosti de brocoli","Forma estable","Guarniciones - Tortitas","Guarniciones","Forma",11,"11 X 1 KG",11,1,"be032c6684b548fff0bd0e094da34f35",152,4.6,383,285,211,392.2,294.2,220.2,1800,800,1200,8,2,4,64,0.941030735111111,23031705,25407829.848,1728000000,1.3728,0.1,1450,202.911314984709,20923,0,0,0,0,0.7,14646.1,0.7,0.77,0.77,0.77,0.77,0,10,10,10,10,150
"BR0170","5 bolsas de 1 kg | Bocados de brocoli con queso cheddar picante","Bocados de brocoli con queso cheddar","Co-produccion","Snacks y aperitivos - Queso","Snacks y aperitivos","Forma",5,"5 X 1 KG",5,1,"3068e6f2a2ce79314e458b7a6ab57b4d",32,4.1,388,288,144,396.2,296.2,152.2,1800,800,1200,11,2,4,88,0.909605571518518,16091136,17861345.768,1728000000,1.3848,0.08,1200,169.394495412844,17481,39798,26049,13119,354204,0.65,97641.05,0.715,0.715,0.715,0.715,0.52,10,10,10,10,-20,150
"BR0171","BonsaiGreen Gajos de brocoli sazonado 11 x 1 kg","Gajos de brocoli","Forma estable","Bastones clasicos - Sigilo","Bastones clasicos","Forma",11,"11x1,0 kg",11,1,"519a80871f454928779db9ed3e039e2b",62,4.8,380,282,167,389.6,291.6,176.6,1800,800,1200,10,2,4,80,0.92884536,17895720,20063059.776,1728000000,1.3624,0.1,1550,215.261977573904,0,54930,0,0,0,0.7,38451,0.77,0.63,0.77,0.77,0.77,10,-10,10,10,10,150
"BR0172","BonsaiGreen Dippers de brocoli 5 x 1,75 kg","Dippers de brocoli","Forma estable","Bastones clasicos - Sigilo","Bastones clasicos","Forma",8.75,"5 X 1,8kg",5,1.8,"414d4cf5c1bc8a346f7e4445ede7acbd",49,4.1,386,286,229,394.2,294.2,237.2,1800,800,1200,7,2,4,56,0.891493666,25280684,27508947.408,1728000000,1.3768,0.08,1200,168.415902140673,2412,410136,5138148,1914,1944,0.65,601743.35,0.715,0.585,0.455,0.715,0.715,10,-10,-30,10,10,150
"BR0173","5 bolsas de 1,75 kg | Bastones rectos de brocoli 9x9 mm","Bastones rectos de brocoli","Estacional","Bastones clasicos - Sigilo","Bastones clasicos","Medio",8.75,"5 X 1,75 KG",5,1.75,"bdefb2124af27fa9ca0fa5d293a18aa4",150,4.1,386,286,209,394.2,294.2,217.2,1800,800,1200,8,2,4,64,0.932943504,23072764,25189474.608,1728000000,1.3768,0.08,1200,168.415902140673,0,575528,225870,0,0,0.65,260454.35,0.715,0.52,0.52,0.715,0.715,10,-20,-20,10,10,150
"BR0174","Gajos de brocoli - sazonado - Caja de 5 packs de 1,75 kg","Gajos de brocoli","Forma estable","Bastones clasicos - Sigilo","Bastones clasicos","Forma",8.75,"5 X 1.8 KG",1.75,1.75,"116dda17a7b7fb82c62f462ef4a94218",6,4.1,386,286,164,394.2,294.2,172.2,1800,800,1200,10,2,4,80,0.92456763,18104944,19970660.808,1728000000,1.3768,0.08,1200,168.415902140673,0,5214468,32879,0,0,0.65,487253.65,0.715,0.455,0.715,0.715,0.715,10,-30,10,10,10,150
"BR0175","Brocoli en rejilla - sazonado - Caja de 5 packs de 1,75 kg","Brocoli en rejilla","Forma estable","Bastones clasicos - Sigilo","Bastones clasicos","Forma",8.75,"5 X 1,75 KG",5,1.75,"2060590a59a5c59ff1bb32dbffe1028b",23,4.1,386,286,288,394.2,294.2,296.2,1800,800,1200,6,2,4,48,0.954205338,31794048,34351392.168,1728000000,1.3768,0.08,1200,168.415902140673,0,3030744,317886,0,1089426,0.65,480789.4,0.715,0.455,0.585,0.715,0.52,10,-30,-10,10,-20,150
"BR0176","5 bolsas de 1 kg | Bocados de brocoli con queso cheddar picante","Bocados de brocoli con queso cheddar","Co-produccion","Snacks y aperitivos - Queso","Snacks y aperitivos","Forma",5,"5x1,0 kg",5,1,"1e4959b0a5703ba491bdc303578ad11c",19,2.7,393,255,168,398.4,260.4,173.4,1800,800,1200,10,2,4,80,0.83282864,16836120,17989098.624,1728000000,1.3176,0.06,730,98.0477064220183,115344,499968,171888,86574,102240,0.6,97601.4,0.66,0.54,0.6,0.66,0.66,10,-10,0,10,10,150
"BR0177","BonsaiVegetales Bocados de brocoli con mozzarella 5 x 1 kg","Bocados de brocoli con mozzarella","Co-produccion","Snacks y aperitivos - Queso","Snacks y aperitivos","Forma",5,"5 X 1 KG",5,1,"1e4959b0a5703ba491bdc303578ad11c",19,2.7,393,255,168,398.4,260.4,173.4,1800,800,1200,10,2,4,80,0.83282864,16836120,17989098.624,1728000000,1.3176,0.06,730,98.0477064220183,115344,499968,171888,86574,102240,0.6,97601.4,0.66,0.54,0.6,0.66,0.66,10,-10,0,10,10,150
"BR0178","5 bolsas de 1 kg | Bocados de brocoli con queso cheddar picante","Bocados de brocoli con queso cheddar","Co-produccion","Snacks y aperitivos - Queso","Snacks y aperitivos","Forma",5,"5 X 1 KG",5,1,"4b244c7cfb71e51bf24fcc396d19c509",55,2.7,393,250,168,398.4,255.4,173.4,1800,800,1200,10,2,4,80,0.816837306666667,16506000,17643685.824,1728000000,1.3076,0.06,730,97.3035677879714,70836,161274,105552,53162,62786,0.6,136083,0.6,0.54,0.54,0.6,0.6,0,-10,-10,0,0,150
"BR0179","BonsaiVegetales Bocados de brocoli con queso suizo 5 x 1 kg","Bocados de brocoli con queso suizo","Co-produccion","Snacks y aperitivos - Queso","Snacks y aperitivos","Forma",5,"5 X 1 KG",5,1,"1aef9680c5b131e489d3ac61e5ace43f",15,4.8,384,286,148,393.6,295.6,157.6,1800,800,1200,11,2,4,88,0.933801713777778,16253952,18336470.016,1728000000,1.3784,0.1,1550,217.79001019368,4138,9421,6166,3106,3668,0.7,18549.3,0.77,0.77,0.77,0.77,0.77,10,10,10,10,10,150
"BR0180","BonsaiVegetales Bocados de brocoli con queso crema picante 5 x 1 kg","Bocados de brocoli con queso crema","Co-produccion","Snacks y aperitivos - Queso","Snacks y aperitivos","Forma",5,"5 X 1 KG",5,1,"1e4959b0a5703ba491bdc303578ad11c",19,2.7,393,255,168,398.4,260.4,173.4,1800,800,1200,10,2,4,80,0.83282864,16836120,17989098.624,1728000000,1.3176,0.06,730,98.0477064220183,115344,499968,171888,86574,102240,0.6,97601.4,0.66,0.54,0.6,0.66,0.66,10,-10,0,10,10,150
"BR0181","Bocados de brocoli con queso cheddar - picante - Caja de 5 packs de 1 kg","Bocados de brocoli con queso cheddar","Co-produccion","Snacks y aperitivos - Queso","Snacks y aperitivos","Forma",5,"5X 1,0 KG",5,1,"1e4959b0a5703ba491bdc303578ad11c",19,2.7,393,255,168,398.4,260.4,173.4,1800,800,1200,10,2,4,80,0.83282864,16836120,17989098.624,1728000000,1.3176,0.06,730,98.0477064220183,115344,499968,171888,86574,102240,0.6,97601.4,0.66,0.54,0.6,0.66,0.66,10,-10,0,10,10,150
"BR0182","BonsaiPremium Bastones rectos de brocoli 5 x 2,5 kg | Ref F6I","Bastones rectos de brocoli","Estacional","Brocoli especial - Bastones Especiales","Brocoli especial","Corte steak",12.5,"5 X 2,5 KG",5,2.5,"a1c08078a73de9700accb1bfa9d293be",120,2.7,395,292,245,400,297.4,250.4,1800,800,1200,7,2,4,56,0.96533837037037,28258300,29787584,1728000000,1.3948,0.06,730,103.79245667686,52901,120441,78828,39703,46888,0.6,203256.6,0.54,0.48,0.54,0.6,0.6,-10,-20,-10,0,0,150
"BR0183","BonsaiGreen Bastones rectos de brocoli 9x18 mm 5 x 2,5 kg | Ref IGH","Bastones rectos de brocoli","Estacional","Bastones clasicos - Sigilo","Bastones clasicos","Corte steak",12.5,"5 X 2,5 KG",5,2.5,"fc6931875b8384c7bacd18bb4699795f",201,2.7,393,255,219,398.4,260.4,224.4,1800,800,1200,8,2,4,64,0.862222592,21947085,23280009.984,1728000000,1.3176,0.06,730,98.0477064220183,607155,11475,431850,0,0,0.6,126057.6,0.48,0.66,0.54,0.66,0.66,-20,10,-10,10,10,150
"BR0184","BonsaiPremium Bastones rectos de brocoli 9x9 mm 5 x 2,5 kg | Ref PH8","Bastones rectos de brocoli","Estacional","Bastones clasicos - Cielo","Bastones clasicos","Medio",12.5,"5 X 2,5 KG",5,2.5,"8850d576186653964c356b848cd2153a",104,4.1,386,286,194,394.2,294.2,202.2,1800,800,1200,8,2,4,64,0.868513704,21416824,23449870.008,1728000000,1.3768,0.08,1200,168.415902140673,7456,23438,16442,5596,6610,0.65,19351.15,0.715,0.715,0.715,0.715,0.715,10,10,10,10,10,150
"BR0185","BonsaiGreen Brocoli zigzag 5 x 2,5 kg","Brocoli zigzag","Forma estable","Bastones clasicos - Sigilo","Bastones clasicos","Forma",12.5,"5 X 2,5 KG",5,2.5,"78476d2a5588a720c7742ab9b866c42e",98,2.7,393,255,286,398.4,260.4,291.4,1800,800,1200,6,2,4,48,0.839744864,28661490,30230815.104,1728000000,1.3176,0.06,730,98.0477064220183,0,0,1120132,0,342600,0.6,239973,0.66,0.66,0.42,0.66,0.48,10,10,-30,10,-20,150
"BR0186","5 bolsas de 2,5 kg | Mix crujiente de brocoli","Mix crujiente de brocoli","Forma estable","Bastones clasicos - Sigilo","Bastones clasicos","Forma",12.5,"5 X 2,5 KG",5,2.5,"27cfee279bf2517d910cfab7c0b51213",30,4.1,386,286,204,394.2,294.2,212.2,1800,800,1200,8,2,4,64,0.911466904,22520784,24609606.408,1728000000,1.3768,0.08,1200,168.415902140673,0,224824,796116,0,0,0.65,165902.75,0.715,0.585,0.52,0.715,0.715,10,-10,-20,10,10,150
"BR0187","BonsaiPremium Bastones rectos de brocoli 9x9 mm 5 x 2,5 kg | Ref 2QK","Bastones rectos de brocoli","Estacional","Bastones clasicos - Cielo","Bastones clasicos","Medio",12.5,"5 X 2,5 KG",5,2.5,"e743e947473252606cfa14519dbf593b",186,2.7,393,255,291,398.4,260.4,296.4,1800,800,1200,6,2,4,48,0.854153664,29162565,30749531.904,1728000000,1.3176,0.06,730,98.0477064220183,55052,566424,1005084,39472,46616,0.6,256897.2,0.66,0.48,0.48,0.66,0.66,10,-20,-20,10,10,150
"BR0188","BonsaiPremium Bastones rectos de brocoli 5 x 2,5 kg | Ref F6I","Bastones rectos de brocoli","Estacional","Brocoli especial - Bastones Especiales","Brocoli especial","Corte steak",12.5,"5 X 2,5 KG",5,2.5,"d31c61f54dfba12e6064bda2c75bc9f2",172,2.7,395,292,194,400,297.4,199.4,1800,800,1200,9,2,4,72,0.988359333333333,22375960,23720624,1728000000,1.3948,0.06,730,103.79245667686,26659,60694,39724,20008,23628,0.6,102427.8,0.6,0.54,0.6,0.6,0.6,0,-10,0,0,0,150
"BR0189","Corte rustico de brocoli - clasico - Caja de 5 packs de 2,5 kg","Corte rustico de brocoli","Forma estable","Bastones clasicos - Sigilo","Bastones clasicos","Forma",12.5,"5 X 2,5 KG",5,2.5,"37070e9f43f02e356af14131f16a3112",40,2.7,393,255,245,398.4,260.4,250.4,1800,800,1200,7,2,4,56,0.841858154666667,24552675,25977337.344,1728000000,1.3176,0.06,730,98.0477064220183,0,4621148,264560,0,0,0.6,400580.4,0.66,0.42,0.54,0.66,0.66,10,-30,-10,10,10,150
"BR0190","5 bolsas de 2,5 kg | Corte rustico de brocoli | Ref 97Y","Corte rustico de brocoli","Forma estable","Bastones clasicos - Sigilo","Bastones clasicos","Forma",12.5,"5 X 2,5kg",5,2.5,"37070e9f43f02e356af14131f16a3112",40,2.7,393,255,245,398.4,260.4,250.4,1800,800,1200,7,2,4,56,0.841858154666667,24552675,25977337.344,1728000000,1.3176,0.06,730,98.0477064220183,0,4621148,264560,0,0,0.6,400580.4,0.66,0.42,0.54,0.66,0.66,10,-30,-10,10,10,150
"BR0191","Bastones rectos de brocoli - clasico - Caja de 5 packs de 2,5 kg | Ref 11C","Bastones rectos de brocoli","Estacional","Bastones clasicos - Sigilo","Bastones clasicos","Medio",12.5,"5 X 2,5 KG",5,2.5,"fc6931875b8384c7bacd18bb4699795f",201,2.7,393,255,219,398.4,260.4,224.4,1800,800,1200,8,2,4,64,0.862222592,21947085,23280009.984,1728000000,1.3176,0.06,730,98.0477064220183,607155,11475,431850,0,0,0.6,126057.6,0.48,0.66,0.54,0.66,0.66,-20,10,-10,10,10,150
"BR0192","5 bolsas de 2,5 kg | Bastones rectos de brocoli | Ref GXS","Bastones rectos de brocoli","Estacional","Bastones clasicos - Sigilo","Bastones clasicos","Grueso",12.5,"5 X 2,5 KG",5,2.5,"1a3ffa8018de4637afcdd1e390e2602a",14,4.1,383,248,199,391.2,256.2,207.2,1800,800,1200,8,2,4,64,0.769137450666667,18901816,20766711.168,1728000000,1.2948,0.08,1200,158.385321100917,546324,0,0,526628,375136,0.65,235314.3,0.52,0.715,0.715,0.52,0.585,-20,10,10,-20,-10,150
"BR0193","Brocoli zigzag 9x9 mm - clasico - Caja de 5 packs de 2,5 kg | Ref V9S","Brocoli zigzag","Forma estable","Bastones clasicos - Sigilo","Bastones clasicos","Forma",12.5,"5X2,5 KG",5,2.5,"78476d2a5588a720c7742ab9b866c42e",98,2.7,393,255,286,398.4,260.4,291.4,1800,800,1200,6,2,4,48,0.839744864,28661490,30230815.104,1728000000,1.3176,0.06,730,98.0477064220183,0,0,1120132,0,342600,0.6,239973,0.66,0.66,0.42,0.66,0.48,10,10,-30,10,-20,150
"BR0194","5 bolsas de 1,75 kg | Bastones rectos de brocoli 6x6 mm","Bastones rectos de brocoli","Estacional","Brocoli especial - Bastones Especiales","Brocoli especial","Fino",8.75,"5 X 1,75 KG",5,1.75,"f1efec47e48187c72213058375afab2c",196,2.7,395,296,286,400,301.4,291.4,1800,800,1200,6,2,3,36,0.731899666666667,33439120,35131184,1728000000,1.4028,0.06,730,104.387767584098,15062,132568,22446,11304,13350,0.6,58419,0.66,0.54,0.66,0.66,0.66,10,-10,10,10,10,150
"BR0195","BonsaiGreen Bastones rectos de brocoli 9x9 mm con cabo 5 x 2,5 kg | Ref GPT","Bastones rectos de brocoli","Estacional","Bastones clasicos - Sigilo","Bastones clasicos","Medio",12.5,"5 X 2,5 kg",5,2.5,"02cf77de65b70dd77905e2e33d78478f",1,2.7,395,296,291,400,301.4,296.4,1800,800,1200,6,2,3,36,0.744458,34023720,35733984,1728000000,1.4028,0.06,730,104.387767584098,0,324352,1773376,0,2564276,0.6,504089.4,0.66,0.54,0.48,0.66,0.42,10,-10,-20,10,-30,150
"BR0196","Bastones rectos de brocoli - clasico - Caja de 5 packs de 2,5 kg | Ref M96","Bastones rectos de brocoli","Estacional","Bastones clasicos - Sigilo","Bastones clasicos","Grueso",12.5,"5 X 2,5 KG",5,2.5,"3249c6671a2e400c91ae940376aa4946",33,4.1,388,288,268,396.2,296.2,276.2,1800,800,1200,6,2,4,48,0.900369342444444,29947392,32413296.328,1728000000,1.3848,0.08,1200,169.394495412844,0,0,0,0,31013,0.65,20158.45,0.715,0.715,0.715,0.715,0.65,10,10,10,10,0,150
"BR0197","Bastones rectos de brocoli 7x7 mm - clasico - Caja de 5 packs de 2,5 kg","Bastones rectos de brocoli","Estacional","Bastones clasicos - Legumes Frites","Bastones clasicos","Fino",12.5,"5 X 2,5 KG",5,2.5,"614801e8bbdec32546c0d92055dfb596",79,4.1,388,288,194,396.2,296.2,202.2,1800,800,1200,8,2,4,64,0.878854361777778,21678336,23729067.768,1728000000,1.3848,0.08,1200,169.394495412844,122276,64806,35602,0,0,0.65,72372.3,0.585,0.65,0.715,0.715,0.715,-10,0,10,10,10,150
"BR0198","BonsaiGreen Bastones rectos de brocoli 9x9 mm 5 x 2,5 kg | Ref TJZ","Bastones rectos de brocoli","Estacional","Bastones clasicos - Legumes Frites","Bastones clasicos","Medio",12.5,"5 X 2,5 KG",5,2.5,"3bbb0a264f46985b05693bd22a6944d3",44,4.6,381,283,188,390.2,292.2,197.2,1800,800,1200,9,2,4,72,0.936835082,20270724,22484041.968,1728000000,1.3648,0.1,1450,201.728848114169,216760,0,0,0,0,0.7,151732,0.56,0.77,0.77,0.77,0.77,-20,10,10,10,10,150
"BR0199","BonsaiGreen Bastones rectos de brocoli 9x9 mm 5 x 2,5 kg | Ref 66Q","Bastones rectos de brocoli","Estacional","Bastones clasicos - Legumes Frites","Bastones clasicos","Medio",12.5,"5 X 2,5 KG",5,2.5,"79637c70988d89fe3abe191b59c1ed0c",99,4.1,388,288,219,396.2,296.2,227.2,1800,800,1200,7,2,4,56,0.864076395259259,24471936,26662928.768,1728000000,1.3848,0.08,1200,169.394495412844,333915,0,0,122772,196494,0.65,141522.55,0.52,0.715,0.715,0.65,0.585,-20,10,10,0,-10,150
"BR0200","BonsaiGreen Bastones rectos de brocoli 11x11 mm 5 x 2,5 kg | Ref 94Q","Bastones rectos de brocoli","Estacional","Bastones clasicos - Legumes Frites","Bastones clasicos","Medio",12.5,"5 X 2,5 KG",5,2.5,"ad02b3d41b4467a5a65a742951a80e72",135,4.1,386,286,171,394.2,294.2,179.2,1800,800,1200,10,2,4,80,0.96215168,18877716,20782476.288,1728000000,1.3768,0.08,1200,168.415902140673,718833,0,0,0,0,0.65,155747.15,0.52,0.715,0.715,0.715,0.715,-20,10,10,10,10,150
"BR0201","5 bolsas de 2,5 kg | Bastones rectos de brocoli 9x18 mm | Ref M8G","Bastones rectos de brocoli","Estacional","Bastones clasicos - Legumes Frites","Bastones clasicos","Corte steak",12.5,"5 X 2,5 KG",5,2.5,"162c41fa859810e889efa37f867819bb",12,2.7,395,296,214,400,301.4,219.4,1800,800,1200,8,2,3,48,0.734746222222222,25020880,26450864,1728000000,1.4028,0.06,730,104.387767584098,104493,1453053,0,0,0,0.6,311509.2,0.6,0.48,0.66,0.66,0.66,0,-20,10,10,10,150
"BR0202","5 bolsas de 2,5 kg | Bastones rectos de brocoli 9x18 mm | Ref VXR","Bastones rectos de brocoli","Estacional","Bastones clasicos - Legumes Frites","Bastones clasicos","Corte steak",12.5,"5 X 2,5 KG",5,2.5,"67894c5a8355ca9b7e57b96362fa45f1",84,4.1,388,288,169,396.2,296.2,177.2,1800,800,1200,10,2,4,80,0.962741054074074,18884736,20795206.768,1728000000,1.3848,0.08,1200,169.394495412844,324296,0,0,0,819764,0.65,185909.75,0.585,0.715,0.715,0.715,0.52,-10,10,10,10,-20,150
"BR0203","5 bolsas de 2,5 kg | Bastones rectos de brocoli 9x9 mm | Ref 3JD","Bastones rectos de brocoli","Estacional","Bastones clasicos - Legumes Frites Salados","Bastones clasicos","Medio",12.5,"5 X 2,5 KG",5,2.5,"f95687311339e4b9b0ef5622b26fd941",199,2.7,393,255,209,398.4,260.4,214.4,1800,800,1200,8,2,4,64,0.823799125333333,20944935,22242576.384,1728000000,1.3176,0.06,730,98.0477064220183,133266,515298,0,3609036,0,0.6,425760,0.6,0.54,0.66,0.42,0.66,0,-10,10,-30,10,150
"BR0204","5 bolsas de 2,5 kg | Bastones rectos de brocoli 6x6 mm | Ref MQU","Bastones rectos de brocoli","Estacional","Bastones clasicos - Legumes Frites Salados","Bastones clasicos","Fino",12.5,"5 X 2,5 KG",5,2.5,"3826faf22304dbe5bef22f8c36155874",42,2.7,393,255,224,398.4,260.4,229.4,1800,800,1200,7,2,4,56,0.771255034666667,22448160,23798726.784,1728000000,1.3176,0.06,730,98.0477064220183,0,15447030,2627646,20043672,9200934,0.6,3198445.2,0.66,0.42,0.48,0.42,0.42,10,-30,-20,-30,-30,150
"BR0205","Bastones rectos de brocoli 6x6 mm - crocante - Caja de 5 packs de 2,5 kg | Ref 3CH","Bastones rectos de brocoli","Estacional","Bastones extra crocantes - Muy Crocantes","Bastones extra crocantes","Fino",12.5,"5 X 2,5 KG",5,2.5,"414d4cf5c1bc8a346f7e4445ede7acbd",49,4.1,386,286,229,394.2,294.2,237.2,1800,800,1200,7,2,4,56,0.891493666,25280684,27508947.408,1728000000,1.3768,0.08,1200,168.415902140673,2412,410136,5138148,1914,1944,0.65,601743.35,0.715,0.585,0.455,0.715,0.715,10,-10,-30,10,10,150
"BR0206","5 bolsas de 2,5 kg | Bastones rectos de brocoli 9x9 mm crocante","Bastones rectos de brocoli","Estacional","Bastones extra crocantes - Muy Crocantes","Bastones extra crocantes","Medio",12.5,"5x2,5 kg",5,2.5,"48d2fa87ef6ac189e633680672b6132e",52,4.1,386,286,199,394.2,294.2,207.2,1800,800,1200,8,2,4,64,0.889990304,21968804,24029738.208,1728000000,1.3768,0.08,1200,168.415902140673,0,625956,7992264,0,306132,0.65,966804.8,0.715,0.52,0.455,0.715,0.585,10,-20,-30,10,-10,150
"BR0207","Bastones rectos de brocoli 9x9 mm - crocante - Caja de 5 packs de 2,5 kg | Ref M67","Bastones rectos de brocoli","Estacional","Bastones extra crocantes - Muy Crocantes","Bastones extra crocantes","Medio",12.5,"5 X 2,5 KG",5,2.5,"48d2fa87ef6ac189e633680672b6132e",52,4.1,386,286,199,394.2,294.2,207.2,1800,800,1200,8,2,4,64,0.889990304,21968804,24029738.208,1728000000,1.3768,0.08,1200,168.415902140673,0,625956,7992264,0,306132,0.65,966804.8,0.715,0.52,0.455,0.715,0.585,10,-20,-30,10,-10,150
"BR0208","Bastones rectos de brocoli 9x9 mm - crocante - Caja de 5 packs de 2,5 kg | Ref XJG","Bastones rectos de brocoli","Estacional","Bastones extra crocantes - Muy Crocantes","Bastones extra crocantes","Medio",12.5,"5 X 2,5 KG",5,2.5,"fa8da38322149b23e14a120e71d38975",200,2.7,393,255,235,398.4,260.4,240.4,1800,800,1200,7,2,4,56,0.808237621333333,23550525,24939903.744,1728000000,1.3176,0.06,730,98.0477064220183,0,19759330,6277130,0,5971450,0.6,1538329.8,0.66,0.42,0.42,0.66,0.42,10,-30,-30,10,30,150
"BR0209","BonsaiPremium Bastones rectos de brocoli 13x13 mm 5 x 2,5 kg","Bastones rectos de brocoli","Estacional","Bastones clasicos - Reserva Privada","Bastones clasicos","Grueso",12.5,"5 X 2,5 KG",5,2.5,"bbc4a9c702728931b676523ffd513a75",149,4.1,384,284,179,392.2,292.2,187.2,1800,800,1200,9,2,4,72,0.893886552,19521024,21453277.248,1728000000,1.3688,0.08,1200,167.437308868502,5848,13316,32256,4390,880334,0.65,304246.8,0.715,0.715,0.715,0.715,0.52,10,10,10,10,-20,150
"BR0209XL","BonsaiPremium Bastones rectos de brocoli 13x13 mm 5 x 2,5 kg XL","Bastones rectos de brocoli","Estacional","Bastones clasicos - Reserva Privada","Bastones clasicos","Grueso",12.5,"5 X 2,5 KG",5,2.5,"f324c5af11a778e41d0ca8572b5187bb",198,4.1,384,286,184,392.2,294.2,192.2,1800,800,1200,9,2,4,72,0.924043463666667,20207616,22177043.128,1728000000,1.3728,0.08,1200,167.926605504587,3168,7211,4720,2377,2807,0.65,13183.95,0.715,0.715,0.715,0.715,0.715,10,10,10,10,10,150
"BR0210","5 bolsas de 2,5 kg | Bastones rectos de brocoli 16x18 mm","Bastones rectos de brocoli","Estacional","Bastones clasicos - Reserva Privada","Bastones clasicos","Grueso",12.5,"5 X 2,5 KG",5,2.5,"67894c5a8355ca9b7e57b96362fa45f1",84,4.1,388,288,169,396.2,296.2,177.2,1800,800,1200,10,2,4,80,0.962741054074074,18884736,20795206.768,1728000000,1.3848,0.08,1200,169.394495412844,324296,0,0,0,819764,0.65,185909.75,0.585,0.715,0.715,0.715,0.52,-10,10,10,10,-20,150
"BR0211","Bastones rectos de brocoli 16x18 mm - con cabo - Caja de 5 packs de 2,5 kg","Bastones rectos de brocoli","Estacional","Bastones clasicos - Reserva Privada","Bastones clasicos","Grueso",12.5,"5x2,5 kg",5,2.5,"67894c5a8355ca9b7e57b96362fa45f1",84,4.1,388,288,169,396.2,296.2,177.2,1800,800,1200,10,2,4,80,0.962741054074074,18884736,20795206.768,1728000000,1.3848,0.08,1200,169.394495412844,324296,0,0,0,819764,0.65,185909.75,0.585,0.715,0.715,0.715,0.52,-10,10,10,10,-20,150
"BR0212","BonsaiGreen Brocoli zigzag 9x9 mm 5 x 2,5 kg","Brocoli zigzag","Forma estable","Bastones clasicos - Sigilo","Bastones clasicos","Forma",12.5,"5 X 2,5 KG",5,2.5,"c4661c6946240f8ff854e9255c97cbc9",157,4.1,388,288,353,396.2,296.2,361.2,1800,800,1200,4,2,4,32,0.784970809777778,39445632,42388423.728,1728000000,1.3848,0.08,1200,169.394495412844,0,0,0,0,41492,0.65,26969.8,0.715,0.715,0.715,0.715,0.65,10,10,10,10,0,150
"BR0213","Espirales de brocoli - sazonado - Caja de 11 packs de 0,5 kg","Espirales de brocoli","Forma estable","Bastones clasicos - Sigilo","Bastones clasicos","Forma",5.5,"11 X 0,5 KG",11,0.5,"6f0bc5eabea0d399e9342acf41bcb33b",93,2.7,395,296,194,400,301.4,199.4,1800,800,1200,9,2,3,54,0.7512395,22682480,24039664,1728000000,1.4028,0.06,730,104.387767584098,0,112260,0,0,26096,0.6,41506.8,0.66,0.54,0.66,0.66,0.66,10,-10,10,10,10,150
"BR0214","11 bolsas de 0,5 kg | Bastones rectos de brocoli","Bastones rectos de brocoli","Estacional","Bastones clasicos - Sigilo","Bastones clasicos","Forma",5.5,"11 X 0,5 KG",11,0.5,"5e09543a8b7a6614f447c98559a39851",74,2.7,395,296,178,400,301.4,183.4,1800,800,1200,9,2,3,54,0.6909595,20811760,22110704,1728000000,1.4028,0.06,730,104.387767584098,0,184470,0,0,0,0.6,36894,0.66,0.54,0.66,0.66,0.66,10,-10,10,10,10,150
"BR0215","Brocoli en rejilla - sazonado - Caja de 9 packs de 0,5 kg | Ref WRG","Brocoli en rejilla","Forma estable","Bastones clasicos - Sigilo","Bastones clasicos","Forma",4.5,"9 X 0,5 KG",9,0.5,"5e09543a8b7a6614f447c98559a39851",74,2.7,395,296,178,400,301.4,183.4,1800,800,1200,9,2,3,54,0.6909595,20811760,22110704,1728000000,1.4028,0.06,730,104.387767584098,0,184470,0,0,0,0.6,36894,0.66,0.54,0.66,0.66,0.66,10,-10,10,10,10,150
"BR0216","Tiras para dip de brocoli - con sal - Caja de 11 packs de 0,5 kg","Tiras para dip de brocoli","Forma estable","Bastones clasicos - Sigilo","Bastones clasicos","Forma",5.5,"11 X 0,5 KG",11,0.5,"1e4959b0a5703ba491bdc303578ad11c",19,2.7,393,255,168,398.4,260.4,173.4,1800,800,1200,10,2,4,80,0.83282864,16836120,17989098.624,1728000000,1.3176,0.06,730,98.0477064220183,115344,499968,171888,86574,102240,0.6,97601.4,0.66,0.54,0.6,0.66,0.66,10,-10,0,10,10,150
"BR0217","BonsaiGreen Brocoli zigzag sazonado 9 x 0,75 kg","Brocoli zigzag","Forma estable","Bastones clasicos - Sigilo","Bastones clasicos","Forma",6.75,"9 X 0,8kg",9,0.8,"1d004a15dfa567347fd4f43b42afd3a4",18,2.7,395,296,163,400,301.4,168.4,1800,800,1200,10,2,3,60,0.704941111111111,19057960,20302304,1728000000,1.4028,0.06,730,104.387767584098,0,28667,0,0,0,0.6,17200.2,0.66,0.6,0.66,0.66,0.66,10,0,10,10,10,150
"BR0218","BonsaiGreen Bastones rectos de brocoli 16x18 mm con cabo 13 x 0,75 kg","Bastones rectos de brocoli","Estacional","Bastones clasicos - Legumes Frites","Bastones clasicos","Grueso",9.75,"13 X 0,75 KG",13,0.75,"cb9988b0557e22e3abc2bbe0a56967d0",163,4.1,386,286,169,394.2,294.2,177.2,1800,800,1200,10,2,4,80,0.95141338,18656924,20550529.008,1728000000,1.3768,0.08,1200,168.415902140673,27930,0,0,0,3924,0.65,10352.55,0.715,0.715,0.715,0.715,0.715,10,10,10,10,10,150
"BR0219","BonsaiGreen Tiras para dip de brocoli con sal 9 x 0,75 kg","Tiras para dip de brocoli","Forma estable","Bastones clasicos - Sigilo","Bastones clasicos","Forma",6.75,"9 X 0,75 KG",9,0.75,"ce1ff894a22d25ca524b3e3a26227ec6",166,2.7,395,296,158,400,301.4,163.4,1800,800,1200,11,2,3,66,0.752411611111111,18473360,19699504,1728000000,1.4028,0.06,730,104.387767584098,0,50402,0,0,0,0.6,30241.2,0.66,0.54,0.66,0.66,0.66,10,-10,10,10,10,150
"BR0220","9 bolsas de 0,5 kg | Espirales de brocoli","Espirales de brocoli","Forma estable","Bastones clasicos - Reserva Privada","Bastones clasicos","Forma",4.5,"9 X 0,5 KG",9,0.5,"ae072ed4f441d6f7ab5283589778daca",139,2.7,393,255,184,398.4,260.4,189.4,1800,800,1200,9,2,4,72,0.818708016,18439560,19648992.384,1728000000,1.3176,0.06,730,98.0477064220183,0,791915,256610,0,0,0.6,125823,0.66,0.48,0.54,0.66,0.66,10,-20,-10,10,10,150
"BR0221","BonsaiGreen Espirales de brocoli sazonado 9 x 0,5 kg","Espirales de brocoli","Forma estable","Bastones clasicos - Sigilo","Bastones clasicos","Forma",4.5,"9 X 0,5 KG",9,0.5,"74199034c698427710e01bb0d15604d8",95,2.7,393,255,173,398.4,260.4,178.4,1800,800,1200,10,2,4,80,0.856843306666667,17337195,18507815.424,1728000000,1.3176,0.06,730,98.0477064220183,0,75581,158633,0,0,0.6,140528.4,0.66,0.54,0.48,0.66,0.66,10,-10,-20,10,10,150
"BR0222","Brocoli en rejilla - sazonado - Caja de 9 packs de 0,5 kg | Ref R6I","Brocoli en rejilla","Forma estable","Bastones clasicos - Sigilo","Bastones clasicos","Forma",4.5,"9 X 0,5 KG",9,0.5,"6606e81b2f59d36618cddb9ed77287c3",83,2.7,393,255,199,398.4,260.4,204.4,1800,800,1200,8,2,4,64,0.785375658666667,19942785,21205142.784,1728000000,1.3176,0.06,730,98.0477064220183,0,405756,39802,0,0,0.6,133667.4,0.66,0.48,0.66,0.66,0.66,10,-20,10,10,10,150
"BR0223","Brocoli zigzag - clasico - Caja de 9 packs de 0,75 kg","Brocoli zigzag","Forma estable","Bastones clasicos - Sigilo","Bastones clasicos","Forma",6.75,"9 X 0,75 KG",9,0.75,"ae072ed4f441d6f7ab5283589778daca",139,2.7,393,255,184,398.4,260.4,189.4,1800,800,1200,9,2,4,72,0.818708016,18439560,19648992.384,1728000000,1.3176,0.06,730,98.0477064220183,0,791915,256610,0,0,0.6,125823,0.66,0.48,0.54,0.66,0.66,10,-20,-10,10,10,150
"BR0224","9 bolsas de 0,5 kg | Dippers de brocoli","Dippers de brocoli","Forma estable","Bastones clasicos - Sigilo","Bastones clasicos","Forma",4.5,"9 X 0,5 KG",9,0.5,"3ef63ea58bdc563a0f889a62b3874119",47,2.7,393,255,148,398.4,260.4,153.4,1800,800,1200,11,2,4,88,0.810446970666667,14831820,15914231.424,1728000000,1.3176,0.06,730,98.0477064220183,0,36919,0,0,0,0.6,22151.4,0.66,0.6,0.66,0.66,0.66,10,0,10,10,10,150
"BR0225","BonsaiGreen Corte rustico de brocoli 9 x 0,75 kg","Corte rustico de brocoli","Forma estable","Bastones clasicos - Sigilo","Bastones clasicos","Forma",6.75,"9 X 0,75 KG",9,0.75,"8f6cdeebd6a09f639e27ef1cbb567311",108,4.1,383,248,154,391.2,256.2,162.2,1800,800,1200,11,2,4,88,0.827880694666667,14627536,16256566.368,1728000000,1.2948,0.08,1200,158.385321100917,0,76037,0,0,0,0.65,49424.05,0.715,0.585,0.715,0.715,0.715,10,-10,10,10,10,150
"BR0226","Bastones rectos de brocoli 9x9 mm - con cabo - Caja de 11 packs de 0,75 kg","Bastones rectos de brocoli","Estacional","Bastones clasicos - Sigilo","Bastones clasicos","Medio",8.25,"11 X 0,75 KG",11,0.75,"ae072ed4f441d6f7ab5283589778daca",139,2.7,393,255,184,398.4,260.4,189.4,1800,800,1200,9,2,4,72,0.818708016,18439560,19648992.384,1728000000,1.3176,0.06,730,98.0477064220183,0,791915,256610,0,0,0.6,125823,0.66,0.48,0.54,0.66,0.66,10,-20,-10,10,10,150
"BR0227","Brocoli zigzag - sazonado - Caja de 9 packs de 0,75 kg","Brocoli zigzag","Forma estable","Bastones clasicos - Sigilo","Bastones clasicos","Forma",6.75,"9 X0,8 KG",9,0.8,"8f61ca662a88d3f0432d0d6a0cfbf2ee",107,4.1,383,248,179,391.2,256.2,187.2,1800,800,1200,9,2,4,72,0.781758432,17002136,18762202.368,1728000000,1.2948,0.08,1200,158.385321100917,0,157748,0,0,0,0.65,51268.1,0.715,0.585,0.715,0.715,0.715,10,-10,10,10,10,150
"BR0228","9 bolsas de 0,75 kg | Bastones rectos de brocoli","Bastones rectos de brocoli","Estacional","Bastones clasicos - Sigilo","Bastones clasicos","Fino",6.75,"9 X 0,75 KG",9,0.75,"ae072ed4f441d6f7ab5283589778daca",139,2.7,393,255,184,398.4,260.4,189.4,1800,800,1200,9,2,4,72,0.818708016,18439560,19648992.384,1728000000,1.3176,0.06,730,98.0477064220183,0,791915,256610,0,0,0.6,125823,0.66,0.48,0.54,0.66,0.66,10,-20,-10,10,10,150
"BR0229","Brocoli en rejilla - sazonado - Caja de 9 packs de 0,5 kg | Ref R6I","Brocoli en rejilla","Forma estable","Bastones clasicos - Sigilo","Bastones clasicos","Forma",4.5,"9 X 0,5 KG",9,0.5,"6606e81b2f59d36618cddb9ed77287c3",83,2.7,393,255,199,398.4,260.4,204.4,1800,800,1200,8,2,4,64,0.785375658666667,19942785,21205142.784,1728000000,1.3176,0.06,730,98.0477064220183,0,405756,39802,0,0,0.6,133667.4,0.66,0.48,0.66,0.66,0.66,10,-20,10,10,10,150
"BR0230","BonsaiGreen Bastones rectos de brocoli 9x9 mm con cabo 9 x 0,75 kg","Bastones rectos de brocoli","Estacional","Bastones clasicos - Sigilo","Bastones clasicos","Medio",6.75,"9 X 0,75 KG",9,0.75,"ad82db0ca04dc6e4f24560b7e49b6000",137,2.7,395,296,138,400,301.4,143.4,1800,800,1200,12,2,3,72,0.720346,16134960,17288304,1728000000,1.4028,0.06,730,104.387767584098,0,511,1715,0,0,0.6,1335.6,0.66,0.66,0.66,0.66,0.66,10,10,10,10,10,150
"BR0231","9 bolsas de 0,75 kg | Bastones rectos de brocoli","Bastones rectos de brocoli","Estacional","Bastones clasicos - Sigilo","Bastones clasicos","Fino",6.75,"9 X 0,75 KG",9,0.75,"a778b11e4e4ba54e29a39958cb07f4f2",127,2.7,395,296,168,400,301.4,173.4,1800,800,1200,10,2,3,60,0.725871666666667,19642560,20905104,1728000000,1.4028,0.06,730,104.387767584098,0,0,1903,0,0,0.6,1141.8,0.66,0.66,0.66,0.66,0.66,10,10,10,10,10,150
"BR0232","Espirales de brocoli - sazonado - Caja de 5 packs de 2,5 kg | Ref D2J","Espirales de brocoli","Forma estable","Bastones clasicos - Sigilo","Bastones clasicos","Forma",12.5,"5 X 2,5 KG",5,2.5,"ce9d9f5685ddf0df230b3137826b5cde",167,4.1,386,286,256,394.2,294.2,264.2,1800,800,1200,6,2,4,48,0.851117658,28261376,30640235.688,1728000000,1.3768,0.08,1200,168.415902140673,0,0,2340884,0,0,0.65,380393.65,0.715,0.715,0.455,0.715,0.715,10,10,-30,10,10,150
"BR0233","Brocoli en rejilla - sazonado - Caja de 5 packs de 2,5 kg","Brocoli en rejilla","Forma estable","Bastones clasicos - Sigilo","Bastones clasicos","Forma",12.5,"5 X 2,5 KG",5,2.5,"02cf77de65b70dd77905e2e33d78478f",1,2.7,395,296,291,400,301.4,296.4,1800,800,1200,6,2,3,36,0.744458,34023720,35733984,1728000000,1.4028,0.06,730,104.387767584098,0,324352,1773376,0,2564276,0.6,504089.4,0.66,0.54,0.48,0.66,0.42,10,-10,-20,10,-30,150
"BR0234","Cubos de brocoli - clasico - Caja de 5 packs de 2,5 kg","Cubos de brocoli","Forma estable","Guarniciones - Cubos","Guarniciones","Forma",12.5,"5 X 2,5 KG",5,2.5,"ae072ed4f441d6f7ab5283589778daca",139,2.7,393,255,184,398.4,260.4,189.4,1800,800,1200,9,2,4,72,0.818708016,18439560,19648992.384,1728000000,1.3176,0.06,730,98.0477064220183,0,791915,256610,0,0,0.6,125823,0.66,0.48,0.54,0.66,0.66,10,-20,-10,10,10,150
"BR0235","5 bolsas de 2,5 kg | Tortitas de brocoli","Tortitas de brocoli","Forma estable","Guarniciones - Tortitas","Guarniciones","Forma",12.5,"5 X 2,5 KG",5,2.5,"c68517097037ec6420e21676ab2f1609",159,2.5,393,255,265,398,260,270,1800,800,1200,6,2,4,48,0.7761,26556975,27939600,1728000000,1.316,0.06,600,80.4892966360856,11326,0,0,0,0,0.6,6795.6,0.66,0.66,0.66,0.66,0.66,10,10,10,10,10,150
"BR0236","Rosti de brocoli - clasico - Caja de 5 packs de 2,5 kg","Rosti de brocoli","Forma estable","Guarniciones - Tortitas","Guarniciones","Forma",12.5,"5 X 2,5kg",5,2.5,"6bf7838d3709d8f15fdad06ed6484d8e",88,2.5,393,255,260,398,260,265,1800,800,1200,6,2,4,48,0.761727777777778,26055900,27422200,1728000000,1.316,0.06,600,80.4892966360856,86330,0,0,0,0,0.6,51798,0.54,0.66,0.66,0.66,0.66,-10,10,10,10,10,150
"BR0237","BonsaiGreen Brocoli ondulado 5 x 2,5 kg","Brocoli ondulado","Forma estable","Bastones clasicos - Sigilo","Bastones clasicos","Forma",12.5,"5 X 2,5 KG",5,2.5,"746ba2b15e87d0070b74ecc07f6ca350",96,4.1,388,288,229,396.2,296.2,237.2,1800,800,1200,7,2,4,56,0.902107926740741,25589376,27836473.168,1728000000,1.3848,0.08,1200,169.394495412844,0,0,16763,0,0,0.65,10895.95,0.715,0.715,0.715,0.715,0.715,10,10,10,10,10,150
"BR0238","Bastones rectos de brocoli 6x6 mm - picante - Caja de 5 packs de 1,75 kg","Bastones rectos de brocoli","Estacional","Bastones clasicos - Sigilo","Bastones clasicos","Fino",8.75,"5 X 1,75 KG",5,1.75,"9c72b7ef9f82b991ef05900066e9dc1b",114,4.8,380,282,271,389.6,291.6,280.6,1800,800,1200,6,2,4,48,0.885506256,29040360,31878225.216,1728000000,1.3624,0.1,1550,215.261977573904,0,0,38285,0,0,0.7,26799.5,0.77,0.77,0.7,0.77,0.77,10,10,0,10,10,150
"BR0239","Dippers de brocoli - clasico - Caja de 5 packs de 2,5 kg","Dippers de brocoli","Forma estable","Bastones clasicos - Sigilo","Bastones clasicos","Forma",12.5,"5 X 2,5 KG",5,2.5,"963709ce03639618149be23f8bb82ece",111,4.1,383,248,253,391.2,256.2,261.2,1800,800,1200,6,2,4,48,0.727191248,24030952,26178884.928,1728000000,1.2948,0.08,1200,158.385321100917,105,3830163,1214223,81,93,0.65,1093010.75,0.715,0.455,0.52,0.715,0.715,10,-30,-20,10,10,150
"BR0240","Dippers de brocoli - clasico - Caja de 5 packs de 2,5 kg","Dippers de brocoli","Forma estable","Bastones clasicos - Sigilo","Bastones clasicos","Forma",12.5,"5 X 2,5 KG",5,2.5,"963709ce03639618149be23f8bb82ece",111,4.1,383,248,253,391.2,256.2,261.2,1800,800,1200,6,2,4,48,0.727191248,24030952,26178884.928,1728000000,1.2948,0.08,1200,158.385321100917,105,3830163,1214223,81,93,0.65,1093010.75,0.715,0.455,0.52,0.715,0.715,10,-30,-20,10,10,150
"BR0241","5 bolsas de 2,5 kg | Gajos de brocoli sazonado","Gajos de brocoli","Forma estable","Bastones clasicos - Sigilo","Bastones clasicos","Forma",12.5,"5 X 2,5 KG",5,2.5,"537ef1ac28efdb45dee0d50d3e1f8274",65,4.8,380,282,251,389.6,291.6,260.6,1800,800,1200,6,2,4,48,0.822391056,26897160,29606078.016,1728000000,1.3624,0.1,1550,215.261977573904,0,21329,0,0,0,0.7,14930.3,0.77,0.7,0.77,0.77,0.77,10,0,10,10,10,150
"BR0242","5 bolsas de 1,75 kg | Rodajas de brocoli","Rodajas de brocoli","Forma estable","Bastones clasicos - Reserva Privada","Bastones clasicos","Forma",8.75,"5 X 1,75 KG",5,1.75,"eb4895380ccaa410da0fefb6f12b197b",190,4.1,386,286,253,394.2,294.2,261.2,1800,800,1200,6,2,4,48,0.841453188,27930188,30292314.768,1728000000,1.3768,0.08,1200,168.415902140673,0,441492,5720076,0,0,0.65,1001254.8,0.715,0.52,0.455,0.715,0.715,10,-20,-30,10,10,150
"BR0243","5 bolsas de 2,5 kg | Brocoli en rejilla sazonado, con cabo | Ref XZ2","Brocoli en rejilla","Forma estable","Bastones clasicos - Sigilo","Bastones clasicos","Forma",12.5,"5 X 2,5 KG",5,2.5,"ab2be01db2336d90876b25f646f81b48",132,4.1,386,286,283,394.2,294.2,291.2,1800,800,1200,6,2,4,48,0.938097888,31242068,33771523.968,1728000000,1.3768,0.08,1200,168.415902140673,0,0,5957995,0,0,0.65,774539.35,0.715,0.715,0.455,0.715,0.715,10,10,-30,10,10,150
"BR0244","Espirales de brocoli - sazonado, con cabo - Caja de 5 packs de 2,5 kg","Espirales de brocoli","Forma estable","Bastones clasicos - Sigilo","Bastones clasicos","Forma",12.5,"5 X 2,5 KG",5,2.5,"eb4895380ccaa410da0fefb6f12b197b",190,4.1,386,286,253,394.2,294.2,261.2,1800,800,1200,6,2,4,48,0.841453188,27930188,30292314.768,1728000000,1.3768,0.08,1200,168.415902140673,0,441492,5720076,0,0,0.65,1001254.8,0.715,0.52,0.455,0.715,0.715,10,-20,-30,10,10,150
"BR0245","Rosti de brocoli - clasico - Caja de 11 packs de 1 kg | Ref AD9","Rosti de brocoli","Forma estable","Guarniciones - Tortitas","Guarniciones","Forma",11,"11 X 1 KG",11,1,"a49d6ed97efd5ce792072d9ef9acf630",124,4.6,378,245,235,387.2,254.2,244.2,1800,800,1200,7,2,4,56,0.778934327111111,21763350,24035687.808,1728000000,1.2828,0.1,1450,189.608562691131,20724,0,0,0,0,0.7,14506.8,0.7,0.77,0.77,0.77,0.77,0,10,10,10,10,150
"BR0246","Bocaditos inflados de brocoli - clasico - Caja de 11 packs de 1 kg","Bocaditos inflados de brocoli","Forma estable","Snacks y aperitivos - Base Brocoli","Snacks y aperitivos","Forma",11,"11 X 1 KG",11,1,"ef2c4cbdd2be88c4d7a73fe0a429c842",194,4.6,378,245,245,387.2,254.2,254.2,1800,800,1200,7,2,4,56,0.810831719703704,22689450,25019950.208,1728000000,1.2828,0.1,1450,189.608562691131,153351,0,0,0,0,0.7,107345.7,0.56,0.77,0.77,0.77,0.77,-20,10,10,10,10,150
"BR0247","BonsaiPremium Bastones rectos de brocoli 6x6 mm 5 x 2,5 kg | Ref 3BS","Bastones rectos de brocoli","Estacional","Bastones clasicos - Reserva Privada","Bastones clasicos","Fino",12.5,"5 X 2.5 KG",2.5,2.5,"5c09a821f787019adf0ee74c5cc31985",72,4.1,385,255,318,393.2,263.2,326.2,1800,800,1200,5,2,4,40,0.781447136296296,31219650,33758516.288,1728000000,1.3128,0.08,1200,160.587155963303,0,1321576,322352,0,0,0.65,534276.6,0.715,0.455,0.52,0.715,0.715,10,-30,-20,10,10,150
"BR0248","BonsaiPremium Bastones rectos de brocoli 6x6 mm 5 x 2,5 kg | Ref EBV","Bastones rectos de brocoli","Estacional","Bastones clasicos - Reserva Privada","Bastones clasicos","Fino",12.5,"5 X 2,5 KG",5,2.5,"845990194eeb50cd131954a55fecd655",103,2.5,395,264,330,400,269,335,1800,800,1200,5,2,4,40,0.834398148148148,34412400,36046000,1728000000,1.338,0.06,600,81.8348623853211,13730394,0,0,0,0,0.6,1517168.4,0.42,0.66,0.66,0.66,0.66,-30,10,10,10,10,150
"BR0249","5 bolsas de 2,5 kg | Bastones rectos de brocoli 6x6 mm | Ref MO1","Bastones rectos de brocoli","Estacional","Bastones clasicos - Reserva Privada","Bastones clasicos","Fino",12.5,"5 X 2,5 KG",5,2.5,"2060590a59a5c59ff1bb32dbffe1028b",23,4.1,386,286,288,394.2,294.2,296.2,1800,800,1200,6,2,4,48,0.954205338,31794048,34351392.168,1728000000,1.3768,0.08,1200,168.415902140673,0,3030744,317886,0,1089426,0.65,480789.4,0.715,0.455,0.585,0.715,0.52,10,-30,-10,10,-20,150
"BR0250","BonsaiPremium Bastones rectos de brocoli 6x6 mm 5 x 2,5 kg | Ref HQ9","Bastones rectos de brocoli","Estacional","Bastones clasicos - Reserva Privada","Bastones clasicos","Fino",12.5,"5 X 2,5 KG",5,2.5,"2060590a59a5c59ff1bb32dbffe1028b",23,4.1,386,286,288,394.2,294.2,296.2,1800,800,1200,6,2,4,48,0.954205338,31794048,34351392.168,1728000000,1.3768,0.08,1200,168.415902140673,0,3030744,317886,0,1089426,0.65,480789.4,0.715,0.455,0.585,0.715,0.52,10,-30,-10,10,-20,150
"BR0251","Bastones rectos de brocoli 6x6 mm - clasico - Caja de 5 packs de 2,5 kg | Ref KYM","Bastones rectos de brocoli","Estacional","Bastones clasicos - Reserva Privada","Bastones clasicos","Fino",12.5,"5 X 2,5 kg",5,2.5,"60f9d051a89c1302333f9987840f1831",78,4.1,385,255,328,393.2,263.2,336.2,1800,800,1200,5,2,4,40,0.80540321037037,32201400,34793418.688,1728000000,1.3128,0.08,1200,160.587155963303,0,2581514,0,0,0,0.65,838992.05,0.715,0.455,0.715,0.715,0.715,10,-30,10,10,10,150
"BR0252","BonsaiPremium Bastones rectos de brocoli 6x6 mm 5 x 2,5 kg | Ref 9HL","Bastones rectos de brocoli","Estacional","Bastones clasicos - Reserva Privada","Bastones clasicos","Fino",12.5,"5 X 2,5 KG",5,2.5,"60f9d051a89c1302333f9987840f1831",78,4.1,385,255,328,393.2,263.2,336.2,1800,800,1200,5,2,4,40,0.80540321037037,32201400,34793418.688,1728000000,1.3128,0.08,1200,160.587155963303,0,2581514,0,0,0,0.65,838992.05,0.715,0.455,0.715,0.715,0.715,10,-30,10,10,10,150
"BR0253","BonsaiPremium Bastones rectos de brocoli 6x6 mm 5 x 2,5 kg | Ref 6DP","Bastones rectos de brocoli","Estacional","Bastones clasicos - Reserva Privada","Bastones clasicos","Fino",12.5,"5 X 2,5 KG",5,2.5,"845990194eeb50cd131954a55fecd655",103,2.5,395,264,330,400,269,335,1800,800,1200,5,2,4,40,0.834398148148148,34412400,36046000,1728000000,1.338,0.06,600,81.8348623853211,13730394,0,0,0,0,0.6,1517168.4,0.42,0.66,0.66,0.66,0.66,-30,10,10,10,10,150
"BR0254","5 bolsas de 2,5 kg | Bastones rectos de brocoli 6x6 mm | Ref 7FD","Bastones rectos de brocoli","Estacional","Bastones clasicos - Reserva Privada","Bastones clasicos","Fino",12.5,"5 X 2,5 KG",5,2.5,"845990194eeb50cd131954a55fecd655",103,2.5,395,264,330,400,269,335,1800,800,1200,5,2,4,40,0.834398148148148,34412400,36046000,1728000000,1.338,0.06,600,81.8348623853211,13730394,0,0,0,0,0.6,1517168.4,0.42,0.66,0.66,0.66,0.66,-30,10,10,10,10,150
"BR0255","BonsaiPremium Bastones rectos de brocoli 6x6 mm 5 x 2,5 kg | Ref UW8","Bastones rectos de brocoli","Estacional","Bastones clasicos - Reserva Privada","Bastones clasicos","Fino",12.5,"5 X 2,5 KG",5,2.5,"11b35a29e8327acfb5f714e16d96040c",7,4.1,379,268,363,387.2,276.2,371.2,1800,800,1200,4,2,4,32,0.735145377185185,36870636,39697850.368,1728000000,1.3268,0.08,1200,162.299694189602,0,0,0,0,707459,0.65,459848.35,0.715,0.715,0.715,0.715,0.455,10,10,10,10,-30,150
"BR0256","BonsaiPremium Bastones rectos de brocoli 6x6 mm 5 x 2,5 kg | Ref R0L","Bastones rectos de brocoli","Estacional","Bastones clasicos - Reserva Privada","Bastones clasicos","Fino",12.5,"5 X 2,5 kg",5,2.5,"4f15606db1c337e2b9460243b25326d4",61,4.1,379,268,358,387.2,276.2,366.2,1800,800,1200,4,2,4,32,0.725243095703704,36362776,39163127.168,1728000000,1.3268,0.08,1200,162.299694189602,0,0,0,0,408317,0.65,265406.05,0.715,0.715,0.715,0.715,0.52,10,10,10,10,-20,150
"BR0257","BonsaiPremium Bastones rectos de brocoli 6x6 mm 5 x 2,5 kg | Ref 9HL","Bastones rectos de brocoli","Estacional","Bastones clasicos - Reserva Privada","Bastones clasicos","Fino",12.5,"5 X 2,5 KG",5,2.5,"2060590a59a5c59ff1bb32dbffe1028b",23,4.1,386,286,288,394.2,294.2,296.2,1800,800,1200,6,2,4,48,0.954205338,31794048,34351392.168,1728000000,1.3768,0.08,1200,168.415902140673,0,3030744,317886,0,1089426,0.65,480789.4,0.715,0.455,0.585,0.715,0.52,10,-30,-10,10,-20,150
"BR0258","BonsaiPremium Bastones rectos de brocoli 6x6 mm 5 x 2,5 kg | Ref EBV","Bastones rectos de brocoli","Estacional","Bastones clasicos - Reserva Privada","Bastones clasicos","Fino",12.5,"5 X 2,5 KG",5,2.5,"2060590a59a5c59ff1bb32dbffe1028b",23,4.1,386,286,288,394.2,294.2,296.2,1800,800,1200,6,2,4,48,0.954205338,31794048,34351392.168,1728000000,1.3768,0.08,1200,168.415902140673,0,3030744,317886,0,1089426,0.65,480789.4,0.715,0.455,0.585,0.715,0.52,10,-30,-10,10,-20,150
"BR0259","5 bolsas de 2,5 kg | Corte rustico de brocoli | Ref VYR","Corte rustico de brocoli","Forma estable","Bastones clasicos - Sigilo","Bastones clasicos","Forma",12.5,"5 X 2,5 KG",5,2.5,"d85b31778b741c8bdb462d9f332e56d2",176,4.1,383,248,244,391.2,256.2,252.2,1800,800,1200,7,2,4,56,0.819157369333333,23176096,25276855.968,1728000000,1.2948,0.08,1200,158.385321100917,0,77278,0,559350,0,0.65,206904.1,0.715,0.65,0.715,0.52,0.715,10,0,10,-20,10,150
"BR0260","5 bolsas de 2,5 kg | Bastones rectos de brocoli 9x9 mm | Ref RZ3","Bastones rectos de brocoli","Estacional","Bastones clasicos - Legumes Frites Salados","Bastones clasicos","Medio",12.5,"5 X 2,5 KG",5,2.5,"f95687311339e4b9b0ef5622b26fd941",199,2.7,393,255,209,398.4,260.4,214.4,1800,800,1200,8,2,4,64,0.823799125333333,20944935,22242576.384,1728000000,1.3176,0.06,730,98.0477064220183,133266,515298,0,3609036,0,0.6,425760,0.6,0.54,0.66,0.42,0.66,0,-10,10,-30,10,150
"BR0261","BonsaiPremium Gajos de brocoli 5 x 2,5 kg","Gajos de brocoli","Forma estable","Bastones clasicos - Reserva Privada","Bastones clasicos","Forma",12.5,"5 X 2,5 KG",5,2.5,"83d3c7c10fbc6fe2e476fd8c600855e2",102,2.7,393,255,194,398.4,260.4,199.4,1800,800,1200,9,2,4,72,0.861934416,19441710,20686425.984,1728000000,1.3176,0.06,730,98.0477064220183,0,6090540,1812800,0,0,0.6,948400.8,0.66,0.42,0.48,0.66,0.66,10,-30,-20,10,10,150
"BR0262","BonsaiVegetales Cubos de brocoli 11 x 1 kg","Cubos de brocoli","Forma estable","Guarniciones - Cubos","Guarniciones","Forma",11,"11 X 1 KG",11,1,"83d3c7c10fbc6fe2e476fd8c600855e2",102,2.7,393,255,194,398.4,260.4,199.4,1800,800,1200,9,2,4,72,0.861934416,19441710,20686425.984,1728000000,1.3176,0.06,730,98.0477064220183,0,6090540,1812800,0,0,0.6,948400.8,0.66,0.42,0.48,0.66,0.66,10,-30,-20,10,10,150
"BR0263","5 bolsas de 2,5 kg | Bastones rectos de brocoli | Ref 2YG","Bastones rectos de brocoli","Estacional","Bastones clasicos - Legumes Frites","Bastones clasicos","Corte steak",12.5,"5 X 2,5 KG",5,2.5,"b9470f0403af99853ed89bcf86be3235",148,4.1,383,248,194,391.2,256.2,202.2,1800,800,1200,8,2,4,64,0.750577184,18426896,20265583.968,1728000000,1.2948,0.08,1200,158.385321100917,94324,0,55274,0,0,0.65,48619.35,0.65,0.715,0.65,0.715,0.715,0,10,0,10,10,150
"BR0264","5 bolsas de 2,5 kg | Bastones rectos de brocoli | Ref GW2","Bastones rectos de brocoli","Estacional","Bastones clasicos - Legumes Frites","Bastones clasicos","Medio",12.5,"5 X 2,5 KG",5,2.5,"1a3ffa8018de4637afcdd1e390e2602a",14,4.1,383,248,199,391.2,256.2,207.2,1800,800,1200,8,2,4,64,0.769137450666667,18901816,20766711.168,1728000000,1.2948,0.08,1200,158.385321100917,546324,0,0,526628,375136,0.65,235314.3,0.52,0.715,0.715,0.52,0.585,-20,10,10,-20,-10,150
"BR0265","Gajos de brocoli - clasico - Caja de 5 packs de 2,5 kg | Ref SF8","Gajos de brocoli","Forma estable","Bastones clasicos - Reserva Privada","Bastones clasicos","Forma",12.5,"5 X 2,5 KG",5,2.5,"3b9cad8a30970ffa68683f11cb2734ba",43,4.1,383,248,184,391.2,256.2,192.2,1800,800,1200,9,2,4,72,0.802638732,17477056,19263329.568,1728000000,1.2948,0.08,1200,158.385321100917,0,0,68585,0,0,0.65,44580.25,0.715,0.715,0.585,0.715,0.715,10,10,-10,10,10,150
"BR0266","13 bolsas de 0,75 kg | Espirales de brocoli","Espirales de brocoli","Forma estable","Bastones clasicos - Sigilo","Bastones clasicos","Forma",9.75,"13 X 0,75 KG",13,0.75,"4989f7c44b56191eebb2c0b95763c0db",54,2.7,395,296,250,400,301.4,255.4,1800,800,1200,7,2,3,42,0.748392944444444,29230000,30791024,1728000000,1.4028,0.06,730,104.387767584098,0,990990,0,0,0,0.6,198198,0.66,0.48,0.66,0.66,0.66,10,-20,10,10,10,150
"BR0267","5 bolsas de 2,5 kg | Bastones rectos de brocoli con cabo, crocante","Bastones rectos de brocoli","Estacional","Bastones clasicos - Sigilo","Bastones clasicos","Fino",12.5,"5 X 2,5 KG",5,2.5,"5c09a821f787019adf0ee74c5cc31985",72,4.1,385,255,318,393.2,263.2,326.2,1800,800,1200,5,2,4,40,0.781447136296296,31219650,33758516.288,1728000000,1.3128,0.08,1200,160.587155963303,0,1321576,322352,0,0,0.65,534276.6,0.715,0.455,0.52,0.715,0.715,10,-30,-20,10,10,150
"BR0268","BonsaiGreen Bastones rectos de brocoli 9x9 mm 5 x 2,5 kg | Ref 5JJ","Bastones rectos de brocoli","Estacional","Bastones clasicos - Legumes Frites","Bastones clasicos","Medio",12.5,"5X2,5 KG",5,2.5,"55b52b97c05b19dbbbefa191622fe36a",66,4.1,386,286,179,394.2,294.2,187.2,1800,800,1200,9,2,4,72,0.904594392,19760884,21710265.408,1728000000,1.3768,0.08,1200,168.415902140673,4150192,6511048,34760,2059872,20680,0.65,1038094.85,0.455,0.455,0.715,0.52,0.715,-30,-30,10,-20,10,150
"BR0269","BonsaiGreen Bastones rectos de brocoli 9x9 mm 11 x 1 kg","Bastones rectos de brocoli","Estacional","Bastones clasicos - Legumes Frites","Bastones clasicos","Medio",11,"11 X 1 KG",11,1,"9a88ed4806deaa5c9b3abac82886d23a",112,4.1,386,286,184,394.2,294.2,192.2,1800,800,1200,9,2,4,72,0.928755567,20312864,22290133.608,1728000000,1.3768,0.08,1200,168.415902140673,187029,0,0,131382,302352,0.65,134498.65,0.585,0.715,0.715,0.65,0.52,-10,10,10,0,-20,150
"BR0270","Bastones rectos de brocoli 9x9 mm - crocante - Caja de 5 packs de 2,5 kg | Ref 0DP","Bastones rectos de brocoli","Estacional","Bastones clasicos - Sigilo","Bastones clasicos","Medio",12.5,"5 X 2,5 KG",5,2.5,"614801e8bbdec32546c0d92055dfb596",79,4.1,388,288,194,396.2,296.2,202.2,1800,800,1200,8,2,4,64,0.878854361777778,21678336,23729067.768,1728000000,1.3848,0.08,1200,169.394495412844,122276,64806,35602,0,0,0.65,72372.3,0.585,0.65,0.715,0.715,0.715,-10,0,10,10,10,150
"BR0271","13 bolsas de 0,75 kg | Bastones rectos de brocoli 9x9 mm crocante","Bastones rectos de brocoli","Estacional","Bastones clasicos - Sigilo","Bastones clasicos","Medio",9.75,"13 X 0,75 KG",13,0.75,"48d2fa87ef6ac189e633680672b6132e",52,4.1,386,286,199,394.2,294.2,207.2,1800,800,1200,8,2,4,64,0.889990304,21968804,24029738.208,1728000000,1.3768,0.08,1200,168.415902140673,0,625956,7992264,0,306132,0.65,966804.8,0.715,0.52,0.455,0.715,0.585,10,-20,-30,10,-10,150
"BR0272","BonsaiGreen Brocoli zigzag 13 x 0,75 kg","Brocoli zigzag","Forma estable","Bastones clasicos - Sigilo","Bastones clasicos","Forma",9.75,"13 X 0,75 KG",13,0.75,"72188210fb21e6ddf6d4aba9a9301c48",94,4.1,388,288,239,396.2,296.2,247.2,1800,800,1200,7,2,4,56,0.940139458222222,26706816,29010017.568,1728000000,1.3848,0.08,1200,169.394495412844,0,0,39097,0,0,0.65,25413.05,0.715,0.715,0.65,0.715,0.715,10,10,0,10,10,150
"BR0273","5 bolsas de 2,5 kg | Bastones rectos de brocoli 6x6 mm crocante","Bastones rectos de brocoli","Estacional","Bastones clasicos - Sigilo","Bastones clasicos","Fino",12.5,"5 X 2.5 KG",2.5,2.5,"ad99ed562d5d808977b10fa512bfde8b",138,4.1,386,286,214,394.2,294.2,222.2,1800,800,1200,8,2,4,64,0.954420104,23624744,25769342.808,1728000000,1.3768,0.08,1200,168.415902140673,0,304508,185908,0,1127500,0.65,262911.35,0.715,0.585,0.65,0.715,0.52,10,-10,0,10,-20,150
"BR0274","BonsaiGreen Bastones rectos de brocoli 6x6 mm crocante 13 x 1 kg","Bastones rectos de brocoli","Estacional","Bastones clasicos - Sigilo","Bastones clasicos","Fino",13,"13 X 1 KG",13,1,"c61dafed9b7d2c7f917d4debf65896c1",158,4.1,386,286,263,394.2,294.2,271.2,1800,800,1200,6,2,4,48,0.873668088,29034148,31452051.168,1728000000,1.3768,0.08,1200,168.415902140673,0,59720,387840,0,963992,0.65,229377.2,0.715,0.715,0.585,0.715,0.52,10,10,-10,10,-20,150
"BR0275","Gajos de brocoli - sazonado - Caja de 13 packs de 0,75 kg | Ref Y7V","Gajos de brocoli","Forma estable","Bastones clasicos - Sigilo","Bastones clasicos","Forma",9.75,"13 X 0,75 KG",13,0.75,"4f08f853cf7f9be28571df66a50bc322",60,4.1,388,288,164,396.2,296.2,172.2,1800,800,1200,10,2,4,80,0.935575674444444,18326016,20208434.568,1728000000,1.3848,0.08,1200,169.394495412844,0,319284,0,0,805360,0.65,182754.65,0.715,0.585,0.715,0.715,0.52,10,-10,10,10,-20,150
"BR0276","BonsaiGreen Gajos de brocoli sazonado 5 x 2,5 kg | Ref B13","Gajos de brocoli","Forma estable","Bastones clasicos - Sigilo","Bastones clasicos","Forma",12.5,"5 x 2,5 kg",5,2.5,"116dda17a7b7fb82c62f462ef4a94218",6,4.1,386,286,164,394.2,294.2,172.2,1800,800,1200,10,2,4,80,0.92456763,18104944,19970660.808,1728000000,1.3768,0.08,1200,168.415902140673,0,5214468,32879,0,0,0.65,487253.65,0.715,0.455,0.715,0.715,0.715,10,-30,10,10,10,150
"BR0277","BonsaiGreen Brocoli en rejilla sazonado, con cabo 13 x 0,75 kg","Brocoli en rejilla","Forma estable","Bastones clasicos - Sigilo","Bastones clasicos","Forma",9.75,"13 X 0,75 KG",13,0.75,"ab2be01db2336d90876b25f646f81b48",132,4.1,386,286,283,394.2,294.2,291.2,1800,800,1200,6,2,4,48,0.938097888,31242068,33771523.968,1728000000,1.3768,0.08,1200,168.415902140673,0,0,5957995,0,0,0.65,774539.35,0.715,0.715,0.455,0.715,0.715,10,10,-30,10,10,150
"BR0278","5 bolsas de 2,5 kg | Brocoli en rejilla sazonado, con cabo | Ref SEK","Brocoli en rejilla","Forma estable","Bastones clasicos - Sigilo","Bastones clasicos","Forma",12.5,"5 X 2,5 KG",5,2.5,"ab2be01db2336d90876b25f646f81b48",132,4.1,386,286,283,394.2,294.2,291.2,1800,800,1200,6,2,4,48,0.938097888,31242068,33771523.968,1728000000,1.3768,0.08,1200,168.415902140673,0,0,5957995,0,0,0.65,774539.35,0.715,0.715,0.455,0.715,0.715,10,10,-30,10,10,150
"BR0279","13 bolsas de 0,75 kg | Espirales de brocoli sazonado, con cabo","Espirales de brocoli","Forma estable","Bastones clasicos - Sigilo","Bastones clasicos","Forma",9.75,"13 X 0.8 KG",0.75,0.75,"c61dafed9b7d2c7f917d4debf65896c1",158,4.1,386,286,263,394.2,294.2,271.2,1800,800,1200,6,2,4,48,0.873668088,29034148,31452051.168,1728000000,1.3768,0.08,1200,168.415902140673,0,59720,387840,0,963992,0.65,229377.2,0.715,0.715,0.585,0.715,0.52,10,10,-10,10,-20,150
"BR0280","5 bolsas de 2,5 kg | Espirales de brocoli sazonado, con cabo","Espirales de brocoli","Forma estable","Bastones clasicos - Sigilo","Bastones clasicos","Forma",12.5,"5 X 2,5 KG",5,2.5,"ce9d9f5685ddf0df230b3137826b5cde",167,4.1,386,286,256,394.2,294.2,264.2,1800,800,1200,6,2,4,48,0.851117658,28261376,30640235.688,1728000000,1.3768,0.08,1200,168.415902140673,0,0,2340884,0,0,0.65,380393.65,0.715,0.715,0.455,0.715,0.715,10,10,-30,10,10,150
"BR0281","11 bolsas de 1 kg | Tortitas de brocoli | Ref 1Y4","Tortitas de brocoli","Forma estable","Guarniciones - Tortitas","Guarniciones","Forma",11,"11 x 1,0 kg",11,1,"63849e2a342c002e41cdca735b7ffa35",82,4.6,381,283,229,390.2,292.2,238.2,1800,800,1200,7,2,4,56,0.880143574333333,24691467,27158716.008,1728000000,1.3648,0.1,1450,201.728848114169,19900,0,0,0,0,0.7,13930,0.77,0.77,0.77,0.77,0.77,10,10,10,10,10,150
"BR0282","BonsaiVegetales Aros de brocoli crocante 13 x 0,5 kg","Aros de brocoli","Co-produccion","Snacks y aperitivos - Aros y Vegetales","Snacks y aperitivos","Forma",6.5,"13 X 0,5 KG",13,0.5,"1fe6b9010b30d1d429fc0c7a240159aa",22,2.7,395,296,255,400,301.4,260.4,1800,800,1200,6,2,3,36,0.654038,29814600,31393824,1728000000,1.4028,0.06,730,104.387767584098,3121,7105,4650,2342,2766,0.6,11990.4,0.66,0.66,0.66,0.66,0.66,10,10,10,10,10,150
"BR0283","Dippers de brocoli - clasico - Caja de 11 packs de 1 kg","Dippers de brocoli","Forma estable","Bastones clasicos - Sigilo","Bastones clasicos","Forma",11,"11 X 1 KG",11,1,"6e24cdcd39a5b66463bacc58cc283eb7",92,4.1,388,288,227,396.2,296.2,235.2,1800,800,1200,7,2,4,56,0.894501620444444,25365888,27601764.288,1728000000,1.3848,0.08,1200,169.394495412844,0,25144,0,0,0,0.65,16343.6,0.715,0.65,0.715,0.715,0.715,10,0,10,10,10,150
"BR0284","Bastones rectos de brocoli 6x6 mm - clasico - Caja de 11 packs de 1 kg | Ref 8CD","Bastones rectos de brocoli","Estacional","Bastones clasicos - Legumes Frites","Bastones clasicos","Fino",11,"11 x 1,0 kg",11,1,"8044f4664ac51a293ecacbd7a3d0fb38",101,4.8,380,282,210,389.6,291.6,219.6,1800,800,1200,8,2,4,64,0.924006528,22503600,24948176.256,1728000000,1.3624,0.1,1550,215.261977573904,57430,0,0,0,0,0.7,40201,0.63,0.77,0.77,0.77,0.77,-10,10,10,10,10,150
"BR0285","BonsaiPremium Gajos de brocoli 11 x 1 kg | Ref 3T5","Gajos de brocoli","Forma estable","Bastones clasicos - Reserva Privada","Bastones clasicos","Forma",11,"11 X 1 KG",11,1,"e740f34d87ef8ba88af8bc4375aaebab",185,4.8,384,286,167,393.6,295.6,176.6,1800,800,1200,10,2,4,80,0.951253937777778,18340608,20547085.056,1728000000,1.3784,0.1,1550,217.79001019368,2630,5986,158904,1974,2330,0.7,60138.4,0.77,0.77,0.63,0.77,0.77,10,10,-10,10,10,150
"BR0286","11 bolsas de 1 kg | Bastones rectos de brocoli 12x12 mm","Bastones rectos de brocoli","Estacional","Bastones clasicos - Legumes Frites","Bastones clasicos","Medio",11,"11 X 1,0kg",11,1,"228ba4e5ea3c7574cbd9ce77434d4525",25,4.8,380,282,185,389.6,291.6,194.6,1800,800,1200,9,2,4,72,0.921166344,19824600,22107992.256,1728000000,1.3624,0.1,1550,215.261977573904,417,950,621,313,370,0.7,1869.7,0.77,0.77,0.77,0.77,0.77,10,10,10,10,10,150
"BR0287","Brocoli en rejilla - sazonado, con cabo - Caja de 5 packs de 2,5 kg","Brocoli en rejilla","Forma estable","Bastones clasicos - Sigilo","Bastones clasicos","Forma",12.5,"5 X 2,5 KG",5,2.5,"ab2be01db2336d90876b25f646f81b48",132,4.1,386,286,283,394.2,294.2,291.2,1800,800,1200,6,2,4,48,0.938097888,31242068,33771523.968,1728000000,1.3768,0.08,1200,168.415902140673,0,0,5957995,0,0,0.65,774539.35,0.715,0.715,0.455,0.715,0.715,10,10,-30,10,10,150
"BR0288","BonsaiVegetales Pure de brocoli 5 x 2,5 kg","Pure de brocoli","Co-produccion","Guarniciones - Pure","Guarniciones","Forma",12.5,"5 X 2,5 KG",5,2.5,"b8f10d20eb7db7428c07c066fa1e4da0",147,2.7,395,245,214,400,250.4,219.4,1800,800,1200,8,2,4,64,0.813892740740741,20709850,21975104,1728000000,1.3008,0.06,730,96.7975535168196,19903,45313,29657,14937,17640,0.6,76470,0.66,0.6,0.6,0.66,0.66,10,0,0,10,10,150
"BR0289","Gajos de brocoli - clasico - Caja de 5 packs de 2,5 kg | Ref 0F7","Gajos de brocoli","Forma estable","Bastones clasicos - Sigilo","Bastones clasicos","Forma",12.5,"5 X 2,5 KG",5,2.5,"fe503fe59c48da80878a0b8f7ad58dcb",202,4.1,383,248,204,391.2,256.2,212.2,1800,800,1200,8,2,4,64,0.787697717333333,19376736,21267838.368,1728000000,1.2948,0.08,1200,158.385321100917,0,0,0,0,46462,0.65,30200.3,0.715,0.715,0.715,0.715,0.65,10,10,10,10,0,150
"BR0290","BonsaiPremium Brocoli en rejilla 5 x 2,5 kg","Brocoli en rejilla","Forma estable","Bastones clasicos - Reserva Privada","Bastones clasicos","Forma",12.5,"5 X 2,5 KG",5,2.5,"02cf77de65b70dd77905e2e33d78478f",1,2.7,395,296,291,400,301.4,296.4,1800,800,1200,6,2,3,36,0.744458,34023720,35733984,1728000000,1.4028,0.06,730,104.387767584098,0,324352,1773376,0,2564276,0.6,504089.4,0.66,0.54,0.48,0.66,0.42,10,-10,-20,10,-30,150
"BR0291","BonsaiGreen Bastones rectos de brocoli 5 x 2,5 kg | Ref BBL","Bastones rectos de brocoli","Estacional","Bastones clasicos - Sigilo","Bastones clasicos","Grueso",12.5,"5 X 2,5 KG",5,2.5,"5a779fb14ea37232001ecf933514d159",71,2.7,395,296,189,400,301.4,194.4,1800,800,1200,9,2,3,54,0.732402,22097880,23436864,1728000000,1.4028,0.06,730,104.387767584098,0,0,0,0,53472,0.6,32083.2,0.66,0.66,0.66,0.66,0.54,10,10,10,10,-10,150
"BR0292","16 bolsas de 0,5 kg | Espirales de brocoli","Espirales de brocoli","Forma estable","Bastones clasicos - Sigilo","Bastones clasicos","Forma",8,"16 X 0,5 KG",16,0.5,"c36eddeb93ed1ad7e063fda32344745b",156,2.7,395,296,275,400,301.4,280.4,1800,800,1200,6,2,3,36,0.704271333333333,32153000,33805024,1728000000,1.4028,0.06,730,104.387767584098,0,61797,0,0,0,0.6,37078.2,0.66,0.54,0.66,0.66,0.66,10,-10,10,10,10,150
"BR0293","Gajos de brocoli - frito - Caja de 16 packs de 0,75 kg","Gajos de brocoli","Forma estable","Bastones clasicos - Sigilo","Bastones clasicos","Forma",12,"16 X 0,75 KG",16,0.75,"79637c70988d89fe3abe191b59c1ed0c",99,4.1,388,288,219,396.2,296.2,227.2,1800,800,1200,7,2,4,56,0.864076395259259,24471936,26662928.768,1728000000,1.3848,0.08,1200,169.394495412844,333915,0,0,122772,196494,0.65,141522.55,0.52,0.715,0.715,0.65,0.585,-20,10,10,0,-10,150
"BR0294","BonsaiGreen Bastones rectos de brocoli sin gluten 13 x 0,75 kg","Bastones rectos de brocoli","Estacional","Bastones clasicos - Sigilo","Bastones clasicos","Grueso",9.75,"13 X 0,75 KG",13,0.75,"3cdb44bb6e06ba2151d665a0c599b894",45,2.7,395,296,173,400,301.4,178.4,1800,800,1200,10,2,3,60,0.746802222222222,20227160,21507904,1728000000,1.4028,0.06,730,104.387767584098,0,0,0,86600,16394,0.6,30898.2,0.66,0.66,0.66,0.6,0.66,10,10,10,0,10,150
"BR0295","Brocoli en rejilla - clasico - Caja de 13 packs de 0,5 kg | Ref XOB","Brocoli en rejilla","Forma estable","Bastones clasicos - Sigilo","Bastones clasicos","Forma",6.5,"13x0,5 kg",13,0.5,"c96df5913565ba35f3e02e744c9a6dde",160,2.7,395,296,224,400,301.4,229.4,1800,800,1200,7,2,3,42,0.672205722222222,26190080,27656464,1728000000,1.4028,0.06,730,104.387767584098,0,1877934,0,0,2492424,0.6,437035.8,0.66,0.48,0.66,0.66,0.48,10,-20,10,10,-20,150
"BR0296","Bastones rectos de brocoli - clasico - Caja de 11 packs de 1,25 kg","Bastones rectos de brocoli","Estacional","Bastones clasicos - Sigilo","Bastones clasicos","Grueso",13.75,"11 X 1,25 KG",11,1.25,"c96df5913565ba35f3e02e744c9a6dde",160,2.7,395,296,224,400,301.4,229.4,1800,800,1200,7,2,3,42,0.672205722222222,26190080,27656464,1728000000,1.4028,0.06,730,104.387767584098,0,1877934,0,0,2492424,0.6,437035.8,0.66,0.48,0.66,0.66,0.48,10,-20,10,10,-20,150
"BR0297","13 bolsas de 0,5 kg | Bastones rectos de brocoli sin gluten, con cabo","Bastones rectos de brocoli","Estacional","Bastones clasicos - Sigilo","Bastones clasicos","Medio",6.5,"13 X 0,5 KG",13,0.5,"3068e6f2a2ce79314e458b7a6ab57b4d",32,4.1,388,288,144,396.2,296.2,152.2,1800,800,1200,11,2,4,88,0.909605571518518,16091136,17861345.768,1728000000,1.3848,0.08,1200,169.394495412844,17481,39798,26049,13119,354204,0.65,97641.05,0.715,0.715,0.715,0.715,0.52,10,10,10,10,-20,150
"BR0298","Bastones rectos de brocoli - sazonado - Caja de 13 packs de 0,5 kg","Bastones rectos de brocoli","Estacional","Bastones clasicos - Sigilo","Bastones clasicos","Medio",6.5,"13 X 0,5 KG",13,0.5,"e86f3262de6efa8372f7a6e317b74e6b",187,4.1,386,286,144,394.2,294.2,152.2,1800,800,1200,11,2,4,88,0.898903093,15897024,17651188.008,1728000000,1.3768,0.08,1200,168.415902140673,0,0,0,0,28852,0.65,18753.8,0.715,0.715,0.715,0.715,0.65,10,10,10,10,0,150
"BR0299","13 bolsas de 1 kg | Bastones rectos de brocoli | Ref B8C","Bastones rectos de brocoli","Estacional","Bastones clasicos - Sigilo","Bastones clasicos","Grueso",13,"13 X 1 KG",13,1,"600cd59259a79d7fa6a1bffb6451bb8a",76,4.1,386,286,219,394.2,294.2,227.2,1800,800,1200,7,2,4,56,0.853909616,24176724,26349211.008,1728000000,1.3768,0.08,1200,168.415902140673,0,0,0,0,10947,0.65,7115.55,0.715,0.715,0.715,0.715,0.715,10,10,10,10,10,150
"BR0300","13 bolsas de 0,75 kg | Bastones rectos de brocoli 9x9 mm sin gluten, horneado","Bastones rectos de brocoli","Estacional","Bastones clasicos - Sigilo","Bastones clasicos","Medio",9.75,"13X 0,8 KG",13,0.75,"a231d37bbfd765b2d130853c472c6f8c",121,4.8,379,246,212,388.6,255.6,221.6,1800,800,1200,8,2,4,64,0.815210261333333,19765608,22010677.056,1728000000,1.2884,0.1,1550,203.569826707441,0,166453,370721,0,0,0.7,376021.8,0.77,0.56,0.56,0.77,0.77,10,-20,-20,10,10,150
"BR0301","Bastones rectos de brocoli 6x6 mm - clasico - Caja de 11 packs de 1 kg | Ref 4YH","Bastones rectos de brocoli","Estacional","Bastones clasicos - Reserva Privada","Bastones clasicos","Fino",11,"11 X 1 KG",11,1,"d8d0e4bd0a27b5d4b00b32f474a5923a",177,4.8,379,246,251,388.6,255.6,260.6,1800,800,1200,6,2,4,48,0.719011036,23401734,25884397.296,1728000000,1.2884,0.1,1550,203.569826707441,0,0,0,84080,0,0.7,58856,0.77,0.77,0.77,0.63,0.77,10,10,10,-10,10,150
"BR0302","Bastones rectos de brocoli 10x10 mm - clasico - Caja de 5 packs de 1,75 kg","Bastones rectos de brocoli","Estacional","Bastones clasicos - Legumes Frites","Bastones clasicos","Medio",8.75,"5 X 1,75 KG",5,1.75,"d26d5d6c9610627f969c12fa3f73a697",171,4.8,379,246,207,388.6,255.6,216.6,1800,800,1200,8,2,4,64,0.796816528,19299438,21514046.256,1728000000,1.2884,0.1,1550,203.569826707441,662841,80368,0,0,0,0.7,520246.3,0.49,0.63,0.77,0.77,0.77,-30,-10,10,10,10,150
"BR0303","BonsaiVegetales Rosti de brocoli 2 x 3 kg","Rosti de brocoli","Forma estable","Guarniciones - Legumes Croquetas","Guarniciones","Forma",6,"2 X 3 KG",2,3,"25b51ca97d24c6dd7fdc2fd6f9551dac",29,4.6,380,252,144,389.2,261.2,153.2,1800,800,1200,11,2,4,88,0.793128769481481,13789440,15574164.928,1728000000,1.3008,0.1,1450,192.269113149847,217344,0,0,0,0,0.7,25356.8,0.7,0.77,0.77,0.77,0.77,0,10,10,10,10,150
"BR0304","Bocados de brocoli con mozzarella - clasico - Caja de 5 packs de 1 kg | Ref 3D8","Bocados de brocoli con mozzarella","Co-produccion","Snacks y aperitivos - Queso","Snacks y aperitivos","Forma",5,"5 X 1,0 kg",5,1,"4b244c7cfb71e51bf24fcc396d19c509",55,2.7,393,250,168,398.4,255.4,173.4,1800,800,1200,10,2,4,80,0.816837306666667,16506000,17643685.824,1728000000,1.3076,0.06,730,97.3035677879714,70836,161274,105552,53162,62786,0.6,136083,0.6,0.54,0.54,0.6,0.6,0,-10,-10,0,0,150
"BR0305","Bastones rectos de brocoli 11x11 mm - clasico - Caja de 5 packs de 2,5 kg | Ref F3B","Bastones rectos de brocoli","Estacional","Bastones clasicos - Sigilo","Bastones clasicos","Medio",12.5,"5 X 2,5 KG",5,2.5,"125888817c4da192ce9335454b8d4432",8,4.8,379,281,271,388.6,290.6,280.6,1800,800,1200,6,2,4,48,0.880204474888889,28861229,31687361.096,1728000000,1.3584,0.1,1550,214.62996941896,0,0,28870,0,0,0.7,20209,0.77,0.77,0.7,0.77,0.77,10,10,0,10,10,150
"BR0306","Bastones rectos de brocoli 12x12 mm - clasico - Caja de 5 packs de 2,5 kg","Bastones rectos de brocoli","Estacional","Bastones clasicos - Reserva Privada","Bastones clasicos","Medio",12.5,"5 X 2,5 KG",5,2.5,"bf05ab5b9fe071ca604f12617c73c3ec",154,4.1,386,286,258,394.2,294.2,266.2,1800,800,1200,6,2,4,48,0.857560638,28482168,30872182.968,1728000000,1.3768,0.08,1200,168.415902140673,890712,0,0,0,0,0.65,578962.8,0.455,0.715,0.715,0.715,0.715,-30,10,10,10,10,150
"BR0307","Bastones rectos de brocoli 6x6 mm - clasico - Caja de 5 packs de 2,5 kg | Ref 5W7","Bastones rectos de brocoli","Estacional","Bastones clasicos - Legumes Frites","Bastones clasicos","Fino",12.5,"5 X 2,5 KG",5,2.5,"3ee40e049bab5e95db9b552be527cd7d",46,4.8,380,282,261,389.6,291.6,270.6,1800,800,1200,6,2,4,48,0.853948656,27968760,30742151.616,1728000000,1.3624,0.1,1550,215.261977573904,36192,0,0,0,0,0.7,25334.4,0.7,0.77,0.77,0.77,0.77,0,10,10,10,10,150
"BR0308","BonsaiGreen Bastones rectos de brocoli 6x6 mm 11 x 1 kg","Bastones rectos de brocoli","Estacional","Bastones clasicos - Legumes Frites","Bastones clasicos","Fino",11,"11 X 1 KG",11,1,"3665e3bea9deb6de2f6ad8e308473be4",39,4.8,380,282,212,389.6,291.6,221.6,1800,800,1200,8,2,4,64,0.932421888,22717920,25175390.976,1728000000,1.3624,0.1,1550,215.261977573904,64034,92572,23584,0,0,0.7,63066.5,0.7,0.7,0.77,0.77,0.77,0,0,10,10,10,150
"BR0309","BonsaiPremium Gajos de brocoli 11 x 1 kg | Ref RF0","Gajos de brocoli","Forma estable","Bastones clasicos - Reserva Privada","Bastones clasicos","Forma",11,"11 X 1 KG",11,1,"e740f34d87ef8ba88af8bc4375aaebab",185,4.8,384,286,167,393.6,295.6,176.6,1800,800,1200,10,2,4,80,0.951253937777778,18340608,20547085.056,1728000000,1.3784,0.1,1550,217.79001019368,2630,5986,158904,1974,2330,0.7,60138.4,0.77,0.77,0.63,0.77,0.77,10,10,-10,10,10,150
"BR0310","5 bolsas de 1 kg | Aros de brocoli","Aros de brocoli","Co-produccion","Snacks y aperitivos - Aros y Vegetales","Snacks y aperitivos","Forma",5,"5X 1,0 KG",5,1,"e743e947473252606cfa14519dbf593b",186,2.7,393,255,291,398.4,260.4,296.4,1800,800,1200,6,2,4,48,0.854153664,29162565,30749531.904,1728000000,1.3176,0.06,730,98.0477064220183,55052,566424,1005084,39472,46616,0.6,256897.2,0.66,0.48,0.48,0.66,0.66,10,-20,-20,10,10,150
"BR0310XL","5 bolsas de 1 kg | Aros de brocoli XL","Aros de brocoli","Co-produccion","Snacks y aperitivos - Aros y Vegetales","Snacks y aperitivos","Forma",5,"5 x 1,0 kg",5,1,"76707310f2a6b601d4f7815c21f6e7bd",97,2.7,393,297,257,398.4,302.4,262.4,1800,800,1200,6,2,3,36,0.658603008,29997297,31612944.384,1728000000,1.4016,0.06,730,104.298470948012,14550,33125,21680,10920,12896,0.6,55902.6,0.66,0.6,0.6,0.66,0.66,10,0,0,10,10,150
"BR0311","Aros de brocoli - crocante - Caja de 5 packs de 1 kg","Aros de brocoli","Co-produccion","Snacks y aperitivos - Aros y Vegetales","Snacks y aperitivos","Forma",5,"5 X 1 KG",5,1,"25a862538c3d2488d1284dc2bd9244f3",28,2.7,395,296,204,400,301.4,209.4,1800,800,1200,8,2,3,48,0.701257333333333,23851680,25245264,1728000000,1.4028,0.06,730,104.387767584098,99480,226488,148236,74661,88176,0.6,127408.2,0.6,0.54,0.6,0.6,0.6,0,-10,0,0,0,150
"BR0312","BonsaiVegetales Aros de brocoli 5 x 1 kg","Aros de brocoli","Co-produccion","Snacks y aperitivos - Aros y Vegetales","Snacks y aperitivos","Forma",5,"5X 1,0 KG",5,1,"25a862538c3d2488d1284dc2bd9244f3",28,2.7,395,296,204,400,301.4,209.4,1800,800,1200,8,2,3,48,0.701257333333333,23851680,25245264,1728000000,1.4028,0.06,730,104.387767584098,99480,226488,148236,74661,88176,0.6,127408.2,0.6,0.54,0.6,0.6,0.6,0,-10,0,0,0,150
"BR0313","Aros de brocoli - crocante - Caja de 5 packs de 1 kg","Aros de brocoli","Co-produccion","Snacks y aperitivos - Aros y Vegetales","Snacks y aperitivos","Forma",5,"5 X 1 KG",5,1,"25a862538c3d2488d1284dc2bd9244f3",28,2.7,395,296,204,400,301.4,209.4,1800,800,1200,8,2,3,48,0.701257333333333,23851680,25245264,1728000000,1.4028,0.06,730,104.387767584098,99480,226488,148236,74661,88176,0.6,127408.2,0.6,0.54,0.6,0.6,0.6,0,-10,0,0,0,150
"BR0314","Bastones rectos de brocoli 9x9 mm - clasico - Caja de 5 packs de 2,5 kg | Ref CIH","Bastones rectos de brocoli","Estacional","Bastones clasicos - Sigilo","Bastones clasicos","Medio",12.5,"5 X 2,5 KG",5,2.5,"bbc4a9c702728931b676523ffd513a75",149,4.1,384,284,179,392.2,292.2,187.2,1800,800,1200,9,2,4,72,0.893886552,19521024,21453277.248,1728000000,1.3688,0.08,1200,167.437308868502,5848,13316,32256,4390,880334,0.65,304246.8,0.715,0.715,0.715,0.715,0.52,10,10,10,10,-20,150
"BR0314XL","Bastones rectos de brocoli 9x9 mm - clasico - Caja de 5 packs de 2,5 kg | Ref CIH XL","Bastones rectos de brocoli","Estacional","Bastones clasicos - Sigilo","Bastones clasicos","Medio",12.5,"5 X 2,5 KG",5,2.5,"9bad717e71278467a7e45ca1001c12ee",113,4.1,384,286,179,392.2,294.2,187.2,1800,800,1200,9,2,4,72,0.900004872,19658496,21600116.928,1728000000,1.3728,0.08,1200,167.926605504587,0,0,11477,0,426676,0.65,284799.45,0.715,0.715,0.715,0.715,0.52,10,10,10,10,-20,150
"BR0315","5 bolsas de 2,5 kg | Bastones rectos de brocoli 11x11 mm | Ref CIA","Bastones rectos de brocoli","Estacional","Bastones clasicos - Sigilo","Bastones clasicos","Medio",12.5,"5 X 2,5kg",5,2.5,"5de73c5764aabd7851aff9fdd3125d98",73,4.7,385,285,170,394.4,294.4,179.4,1800,800,1200,10,2,4,80,0.964369351111111,18653250,20830377.984,1728000000,1.3776,0.1,1500,210.642201834862,0,0,76559,0,0,0.7,53591.3,0.77,0.77,0.63,0.77,0.77,10,10,-10,10,10,150
"BR0316","5 bolsas de 2,5 kg | Bastones rectos de brocoli 9x9 mm | Ref AAM","Bastones rectos de brocoli","Estacional","Bastones clasicos - Legumes Frites","Bastones clasicos","Medio",12.5,"5 X 2,5 kg",5,2.5,"f152ca1c81c447e9f47aac4e934dc6fc",195,4.8,380,282,163,389.6,291.6,172.6,1800,800,1200,10,2,4,80,0.90780696,17467080,19608630.336,1728000000,1.3624,0.1,1550,215.261977573904,186428,0,0,32162,13948,0.7,81388.3,0.63,0.77,0.77,0.77,0.77,-10,10,10,10,10,150
"BR0317","BonsaiGreen Bastones rectos de brocoli 11x11 mm 5 x 2,5 kg | Ref JZT","Bastones rectos de brocoli","Estacional","Bastones clasicos - Legumes Frites","Bastones clasicos","Medio",12.5,"5 X 2,5 KG",5,2.5,"f152ca1c81c447e9f47aac4e934dc6fc",195,4.8,380,282,163,389.6,291.6,172.6,1800,800,1200,10,2,4,80,0.90780696,17467080,19608630.336,1728000000,1.3624,0.1,1550,215.261977573904,186428,0,0,32162,13948,0.7,81388.3,0.63,0.77,0.77,0.77,0.77,-10,10,10,10,10,150
"BR0318","BonsaiGreen Bastones rectos de brocoli 9x9 mm con cabo 5 x 2,5 kg | Ref GLD","Bastones rectos de brocoli","Estacional","Bastones clasicos - Sigilo","Bastones clasicos","Medio",12.5,"5 X 2,5 KG",5,2.5,"8850d576186653964c356b848cd2153a",104,4.1,386,286,194,394.2,294.2,202.2,1800,800,1200,8,2,4,64,0.868513704,21416824,23449870.008,1728000000,1.3768,0.08,1200,168.415902140673,7456,23438,16442,5596,6610,0.65,19351.15,0.715,0.715,0.715,0.715,0.715,10,10,10,10,10,150
"BR0319","Bastones rectos de brocoli 13x13 mm - clasico - Caja de 5 packs de 2,5 kg | Ref DHZ","Bastones rectos de brocoli","Estacional","Bastones clasicos - Legumes Frites","Bastones clasicos","Grueso",12.5,"5 X 2,5 KG",5,2.5,"ec50ec2078db5c1fbf57db09049b95f3",192,4.8,380,282,158,389.6,291.6,167.6,1800,800,1200,10,2,4,80,0.88150896,16931280,19040593.536,1728000000,1.3624,0.1,1550,215.261977573904,19886,0,0,0,4510,0.7,17077.2,0.77,0.77,0.77,0.77,0.77,10,10,10,10,10,150
"BR0320","BonsaiGreen Bastones rectos de brocoli 6x6 mm 5 x 2,5 kg | Ref OI4","Bastones rectos de brocoli","Estacional","Bastones clasicos - Sigilo","Bastones clasicos","Fino",12.5,"5 X 2,5 KG",5,2.5,"beea47cc5f637c6fde9604c5cdd6c572",153,4.7,387,287,214,396.4,296.4,223.4,1800,800,1200,8,2,4,64,0.972145454222222,23768766,26247927.264,1728000000,1.3856,0.1,1500,211.865443425076,0,10948,0,0,0,0.7,7663.6,0.77,0.77,0.77,0.77,0.77,10,10,10,10,10,150
"BR0321","BonsaiPremium Bastones rectos de brocoli 6x6 mm 5 x 2,5 kg | Ref 59E","Bastones rectos de brocoli","Estacional","Bastones clasicos - Reserva Privada","Bastones clasicos","Fino",12.5,"5 X 2,5 KG",5,2.5,"d85b31778b741c8bdb462d9f332e56d2",176,4.1,383,248,244,391.2,256.2,252.2,1800,800,1200,7,2,4,56,0.819157369333333,23176096,25276855.968,1728000000,1.2948,0.08,1200,158.385321100917,0,77278,0,559350,0,0.65,206904.1,0.715,0.65,0.715,0.52,0.715,10,0,10,-20,10,150
"BR0322","Bastones rectos de brocoli 6x6 mm - picante - Caja de 5 packs de 2,5 kg","Bastones rectos de brocoli","Estacional","Bastones clasicos - Sigilo","Bastones clasicos","Fino",12.5,"5 X 2,5 KG",5,2.5,"414d4cf5c1bc8a346f7e4445ede7acbd",49,4.1,386,286,229,394.2,294.2,237.2,1800,800,1200,7,2,4,56,0.891493666,25280684,27508947.408,1728000000,1.3768,0.08,1200,168.415902140673,2412,410136,5138148,1914,1944,0.65,601743.35,0.715,0.585,0.455,0.715,0.715,10,-10,-30,10,10,150
"BR0323","Bastones rectos de brocoli 6x6 mm - picante - Caja de 5 packs de 2,5 kg","Bastones rectos de brocoli","Estacional","Bastones clasicos - Sigilo","Bastones clasicos","Fino",12.5,"5 X 2,5 KG",5,2.5,"32afd4b4cbf80746743543d141a1b52c",35,2.7,395,296,235,400,301.4,240.4,1800,800,1200,7,2,3,42,0.704438777777778,27476200,28982624,1728000000,1.4028,0.06,730,104.387767584098,0,0,12817,0,0,0.6,7690.2,0.66,0.66,0.66,0.66,0.66,10,10,10,10,10,150
"BR0324","Cubos de brocoli - sazonado - Caja de 5 packs de 2,5 kg","Cubos de brocoli","Forma estable","Guarniciones - Cubos","Guarniciones","Forma",12.5,"5 X 2,5 KG",5,2.5,"082c1cdb42b1abd201403ca33ca11ef0",2,4.1,383,248,189,391.2,256.2,197.2,1800,800,1200,9,2,4,72,0.823519032,17951976,19764456.768,1728000000,1.2948,0.08,1200,158.385321100917,0,617012,0,0,118368,0.65,238998.5,0.715,0.52,0.715,0.715,0.585,10,-20,10,10,-10,150
"BR0325","BonsaiGreen Espirales de brocoli 13 x 0,5 kg | Ref V23","Espirales de brocoli","Forma estable","Bastones clasicos - Sigilo","Bastones clasicos","Forma",6.5,"13 X 0,5 KG",13,0.5,"457aead6b645a6fdaad21f23a4e8ca12",51,2.7,393,255,265,398.4,260.4,270.4,1800,800,1200,6,2,4,48,0.779227904,26556975,28052204.544,1728000000,1.3176,0.06,730,98.0477064220183,0,0,593992,0,0,0.6,89098.8,0.66,0.66,0.48,0.66,0.66,10,10,-20,10,10,150
"BR0326","13 bolsas de 0,5 kg | Espirales de brocoli sazonado | Ref 8LT","Espirales de brocoli","Forma estable","Bastones clasicos - Sigilo","Bastones clasicos","Forma",6.5,"13 X 0,5 KG",13,0.5,"ab79baee2357a91142d0c868d05f3c31",133,4.1,383,248,258,391.2,256.2,266.2,1800,800,1200,6,2,4,48,0.741111448,24505872,26680012.128,1728000000,1.2948,0.08,1200,158.385321100917,0,65147,0,0,0,0.65,42345.55,0.715,0.585,0.715,0.715,0.715,10,-10,10,10,10,150
"BR0327","BonsaiGreen Brocoli en rejilla sazonado 13 x 0,5 kg | Ref TWE","Brocoli en rejilla","Forma estable","Bastones clasicos - Sigilo","Bastones clasicos","Forma",6.5,"13 X 0,5 kg",13,0.5,"8ff369b05ce8c21076793bc345e6ec1e",109,4.1,383,248,268,391.2,256.2,276.2,1800,800,1200,6,2,4,48,0.768951848,25455712,27682266.528,1728000000,1.2948,0.08,1200,158.385321100917,0,58364,0,0,0,0.65,37936.6,0.715,0.585,0.715,0.715,0.715,10,-10,10,10,10,150
"BR0328","BonsaiGreen Espirales de brocoli 9 x 0,75 kg","Espirales de brocoli","Forma estable","Bastones clasicos - Sigilo","Bastones clasicos","Forma",6.75,"9 X 0,75 KG",9,0.75,"1c01c33ced1f5bfdb36a399ac98e0c68",16,4.1,383,248,214,391.2,256.2,222.2,1800,800,1200,8,2,4,64,0.824818250666666,20326576,22270092.768,1728000000,1.2948,0.08,1200,158.385321100917,0,441395,4119055,265900,1061915,0.65,431284.75,0.715,0.585,0.455,0.585,0.52,10,-10,-30,-10,-20,150
"BR0329","Brocoli en rejilla - clasico - Caja de 9 packs de 0,75 kg | Ref JOY","Brocoli en rejilla","Forma estable","Bastones clasicos - Sigilo","Bastones clasicos","Forma",6.75,"9 X 0,75 KG",9,0.75,"1cbc364190e4feb6cfbe064584c400ab",17,4.1,383,248,224,391.2,256.2,232.2,1800,800,1200,7,2,4,56,0.754196436,21276416,23272347.168,1728000000,1.2948,0.08,1200,158.385321100917,0,334398,39939,0,0,0.65,81106.35,0.715,0.52,0.715,0.715,0.715,10,-20,10,10,10,150
"BR0330","9 bolsas de 0,75 kg | Espirales de brocoli","Espirales de brocoli","Forma estable","Bastones clasicos - Sigilo","Bastones clasicos","Forma",6.75,"9 X 0,75 KG",9,0.75,"1c01c33ced1f5bfdb36a399ac98e0c68",16,4.1,383,248,214,391.2,256.2,222.2,1800,800,1200,8,2,4,64,0.824818250666666,20326576,22270092.768,1728000000,1.2948,0.08,1200,158.385321100917,0,441395,4119055,265900,1061915,0.65,431284.75,0.715,0.585,0.455,0.585,0.52,10,-10,-30,-10,-20,150
"BR0331","Brocoli en rejilla - clasico - Caja de 9 packs de 0,75 kg | Ref TP4","Brocoli en rejilla","Forma estable","Bastones clasicos - Sigilo","Bastones clasicos","Forma",6.75,"9 X 0,75 KG",9,0.75,"1cbc364190e4feb6cfbe064584c400ab",17,4.1,383,248,224,391.2,256.2,232.2,1800,800,1200,7,2,4,56,0.754196436,21276416,23272347.168,1728000000,1.2948,0.08,1200,158.385321100917,0,334398,39939,0,0,0.65,81106.35,0.715,0.52,0.715,0.715,0.715,10,-20,10,10,10,150
"BR0332","Bastones rectos de brocoli 6x6 mm - clasico - Caja de 5 packs de 2,5 kg | Ref VDD","Bastones rectos de brocoli","Estacional","Bastones clasicos - Sigilo","Bastones clasicos","Fino",12.5,"5 X 2,5 KG",5,2.5,"e67976152cc42ec69a300f4522f58632",183,2.7,393,255,255,398.4,260.4,260.4,1800,800,1200,6,2,4,48,0.750410304,25554825,27014770.944,1728000000,1.3176,0.06,730,98.0477064220183,0,1029501,439264,0,0,0.6,443700.6,0.66,0.42,0.48,0.66,0.66,10,-30,-20,10,10,150
"BR0333","5 bolsas de 2,5 kg | Bastones rectos de brocoli 6x6 mm | Ref VXL","Bastones rectos de brocoli","Estacional","Bastones clasicos - Sigilo","Bastones clasicos","Fino",12.5,"5 X 2,5 KG",5,2.5,"3665e3bea9deb6de2f6ad8e308473be4",39,4.8,380,282,212,389.6,291.6,221.6,1800,800,1200,8,2,4,64,0.932421888,22717920,25175390.976,1728000000,1.3624,0.1,1550,215.261977573904,64034,92572,23584,0,0,0.7,63066.5,0.7,0.7,0.77,0.77,0.77,0,0,10,10,10,150
"BR0334","5 bolsas de 2,5 kg | Bastones rectos de brocoli 9x9 mm | Ref TYH","Bastones rectos de brocoli","Estacional","Bastones clasicos - Sigilo","Bastones clasicos","Medio",12.5,"5 X 2,5 KG",5,2.5,"fa8da38322149b23e14a120e71d38975",200,2.7,393,255,235,398.4,260.4,240.4,1800,800,1200,7,2,4,56,0.808237621333333,23550525,24939903.744,1728000000,1.3176,0.06,730,98.0477064220183,0,19759330,6277130,0,5971450,0.6,1538329.8,0.66,0.42,0.42,0.66,0.42,10,-30,-30,10,30,150
"BR0335","Bastones rectos de brocoli 9x9 mm - clasico - Caja de 5 packs de 2,5 kg | Ref 5G6","Bastones rectos de brocoli","Estacional","Bastones clasicos - Sigilo","Bastones clasicos","Medio",12.5,"5 X 2,5 KG",5,2.5,"fa8da38322149b23e14a120e71d38975",200,2.7,393,255,235,398.4,260.4,240.4,1800,800,1200,7,2,4,56,0.808237621333333,23550525,24939903.744,1728000000,1.3176,0.06,730,98.0477064220183,0,19759330,6277130,0,5971450,0.6,1538329.8,0.66,0.42,0.42,0.66,0.42,10,-30,-30,10,30,150
"BR0336","5 bolsas de 2,5 kg | Bastones rectos de brocoli 9x9 mm | Ref TYH","Bastones rectos de brocoli","Estacional","Bastones clasicos - Sigilo","Bastones clasicos","Medio",12.5,"5 X 2,5 KG",5,2.5,"cf4c068dfec055bf302e658d71c9c942",169,4.8,380,282,192,389.6,291.6,201.6,1800,800,1200,8,2,4,64,0.848268288,20574720,22903243.776,1728000000,1.3624,0.1,1550,215.261977573904,0,26422,3679,0,0,0.7,21070.7,0.77,0.7,0.77,0.77,0.77,10,0,10,10,10,150
"BR0337","Bastones rectos de brocoli 11x11 mm - clasico - Caja de 5 packs de 2,5 kg | Ref 9O7","Bastones rectos de brocoli","Estacional","Bastones clasicos - Sigilo","Bastones clasicos","Medio",12.5,"5 X 2,5 KG",5,2.5,"b104736a19fe0c796651c18805508482",142,4.1,383,248,209,391.2,256.2,217.2,1800,800,1200,8,2,4,64,0.806257984,19851656,21768965.568,1728000000,1.2948,0.08,1200,158.385321100917,0,0,41260,70120,0,0.65,36198.5,0.715,0.715,0.65,0.65,0.715,10,10,0,0,10,150
"BR0338","5 bolsas de 2,5 kg | Bastones rectos de brocoli 13x13 mm","Bastones rectos de brocoli","Estacional","Bastones clasicos - Sigilo","Bastones clasicos","Grueso",12.5,"5 x 2,5 kg",5,2.5,"0b72571a5bb7429ce7de424547e8d27d",4,4.1,386,286,174,394.2,294.2,182.2,1800,800,1200,9,2,4,72,0.880433217,19208904,21130397.208,1728000000,1.3768,0.08,1200,168.415902140673,0,2144,71772,0,32428,0.65,34561.8,0.715,0.715,0.65,0.715,0.715,10,10,0,10,10,150
"BR0339","Bastones rectos de brocoli 6x6 mm - con cabo - Caja de 5 packs de 2,5 kg","Bastones rectos de brocoli","Estacional","Bastones clasicos - Sigilo","Bastones clasicos","Fino",12.5,"5 X 2,5 KG",5,2.5,"3479d784dc4ed4c42784cabde22ac149",36,4.1,383,248,248,391.2,256.2,256.2,1800,800,1200,7,2,4,56,0.832149556,23556032,25677757.728,1728000000,1.2948,0.08,1200,158.385321100917,0,407639,254197,0,0,0.65,430193.4,0.715,0.52,0.52,0.715,0.715,10,-20,-20,10,10,150
"BR0340","Bastones rectos de brocoli 9x9 mm - con cabo - Caja de 5 packs de 2,5 kg","Bastones rectos de brocoli","Estacional","Bastones clasicos - Sigilo","Bastones clasicos","Medio",12.5,"5 X 2,5 KG",5,2.5,"3826faf22304dbe5bef22f8c36155874",42,2.7,393,255,224,398.4,260.4,229.4,1800,800,1200,7,2,4,56,0.771255034666667,22448160,23798726.784,1728000000,1.3176,0.06,730,98.0477064220183,0,15447030,2627646,20043672,9200934,0.6,3198445.2,0.66,0.42,0.48,0.42,0.42,10,-30,-20,-30,-30,150
"BR0340XL","Bastones rectos de brocoli 9x9 mm - con cabo - Caja de 5 packs de 2,5 kg XL","Bastones rectos de brocoli","Estacional","Bastones clasicos - Sigilo","Bastones clasicos","Medio",12.5,"5 X 2,5 KG",5,2.5,"fa8da38322149b23e14a120e71d38975",200,2.7,393,255,235,398.4,260.4,240.4,1800,800,1200,7,2,4,56,0.808237621333333,23550525,24939903.744,1728000000,1.3176,0.06,730,98.0477064220183,0,19759330,6277130,0,5971450,0.6,1538329.8,0.66,0.42,0.42,0.66,0.42,10,-30,-30,10,30,150
"BR0341","5 bolsas de 2,5 kg | Bastones rectos de brocoli 11x11 mm con cabo | Ref EBK","Bastones rectos de brocoli","Estacional","Bastones clasicos - Sigilo","Bastones clasicos","Medio",12.5,"5 X 2,5 KG",5,2.5,"1c01c33ced1f5bfdb36a399ac98e0c68",16,4.1,383,248,214,391.2,256.2,222.2,1800,800,1200,8,2,4,64,0.824818250666666,20326576,22270092.768,1728000000,1.2948,0.08,1200,158.385321100917,0,441395,4119055,265900,1061915,0.65,431284.75,0.715,0.585,0.455,0.585,0.52,10,-10,-30,-10,-20,150
"BR0342","Bastones rectos de brocoli 9x9 mm - con cabo - Caja de 5 packs de 2,5 kg","Bastones rectos de brocoli","Estacional","Bastones clasicos - Sigilo","Bastones clasicos","Medio",12.5,"5 X 2,5 KG",5,2.5,"fa8da38322149b23e14a120e71d38975",200,2.7,393,255,235,398.4,260.4,240.4,1800,800,1200,7,2,4,56,0.808237621333333,23550525,24939903.744,1728000000,1.3176,0.06,730,98.0477064220183,0,19759330,6277130,0,5971450,0.6,1538329.8,0.66,0.42,0.42,0.66,0.42,10,-30,-30,10,30,150
"BR0343","5 bolsas de 2,5 kg | Bastones rectos de brocoli 6x6 mm | Ref DUF","Bastones rectos de brocoli","Estacional","Bastones clasicos - Sigilo","Bastones clasicos","Fino",12.5,"5 X 2,5 KG",5,2.5,"b1561453f5edf808c1c92eb2d0f45d38",143,2.7,393,255,321,398.4,260.4,326.4,1800,800,1200,5,2,4,40,0.78383872,32169015,33861832.704,1728000000,1.3176,0.06,730,98.0477064220183,0,91907,194266,0,0,0.6,171703.8,0.66,0.54,0.48,0.66,0.66,10,-10,-20,10,10,150
"BR0344","Bastones rectos de brocoli 9x9 mm - clasico - Caja de 5 packs de 2,5 kg | Ref HKF","Bastones rectos de brocoli","Estacional","Bastones clasicos - Sigilo","Bastones clasicos","Medio",12.5,"5 X 2,5 KG",5,2.5,"e743e947473252606cfa14519dbf593b",186,2.7,393,255,291,398.4,260.4,296.4,1800,800,1200,6,2,4,48,0.854153664,29162565,30749531.904,1728000000,1.3176,0.06,730,98.0477064220183,55052,566424,1005084,39472,46616,0.6,256897.2,0.66,0.48,0.48,0.66,0.66,10,-20,-20,10,10,150
"BR0345","Bastones rectos de brocoli 9x9 mm - clasico - Caja de 5 packs de 2,5 kg | Ref PII","Bastones rectos de brocoli","Estacional","Bastones clasicos - Sigilo","Bastones clasicos","Medio",12.5,"5 X 2,5 KG",5,2.5,"5e55b0f0e0122b55ba8d4d91fb921c5a",75,4.5,391,292,316,400,301,325,1800,800,1200,5,2,3,30,0.679340277777778,36078352,39130000,1728000000,1.402,0.08,1400,200.081549439348,0,94198,431487,0,0,0.65,341695.25,0.715,0.585,0.52,0.715,0.715,10,-10,-20,10,10,150
"BR0346","Bastones rectos de brocoli 9x9 mm - clasico - Caja de 5 packs de 2,5 kg | Ref HKF","Bastones rectos de brocoli","Estacional","Bastones clasicos - Sigilo","Bastones clasicos","Medio",12.5,"5 X 2,5 KG",5,2.5,"5914abeae491eab8612131985b15994f",70,4.1,386,286,239,394.2,294.2,247.2,1800,800,1200,7,2,4,56,0.929077716,26384644,28668683.808,1728000000,1.3768,0.08,1200,168.415902140673,0,1044045,1330340,0,1918650,0.65,558094.55,0.715,0.52,0.52,0.715,0.52,10,-20,-20,10,-20,150
"BR0347","Bastones rectos de brocoli 9x9 mm - clasico - Caja de 5 packs de 2,5 kg | Ref HKF","Bastones rectos de brocoli","Estacional","Bastones clasicos - Sigilo","Bastones clasicos","Medio",12.5,"5X 2,5 KG",5,2.5,"5914abeae491eab8612131985b15994f",70,4.1,386,286,239,394.2,294.2,247.2,1800,800,1200,7,2,4,56,0.929077716,26384644,28668683.808,1728000000,1.3768,0.08,1200,168.415902140673,0,1044045,1330340,0,1918650,0.65,558094.55,0.715,0.52,0.52,0.715,0.52,10,-20,-20,10,-20,150
"BR0348","Bastones rectos de brocoli 9x9 mm - clasico - Caja de 5 packs de 2,5 kg | Ref PII","Bastones rectos de brocoli","Estacional","Bastones clasicos - Sigilo","Bastones clasicos","Medio",12.5,"5 X 2,5 KG",5,2.5,"4e08f8e3d25dca0ebe2ef18b5cff3f24",58,4.8,380,282,305,389.6,291.6,314.6,1800,800,1200,5,2,4,40,0.82733508,32683800,35740875.456,1728000000,1.3624,0.1,1550,215.261977573904,0,64906,77756,0,0,0.7,99863.4,0.77,0.63,0.63,0.77,0.77,10,-10,-10,10,10,150
"BR0349","Bastones rectos de brocoli 9x9 mm - clasico - Caja de 5 packs de 2,5 kg | Ref HKF","Bastones rectos de brocoli","Estacional","Bastones clasicos - Sigilo","Bastones clasicos","Medio",12.5,"5 X 2,5 KG",5,2.5,"6d5c1314ab281dbdd56dc5dde84579b9",91,2.7,395,296,245,400,301.4,250.4,1800,800,1200,7,2,3,42,0.733741555555556,28645400,30188224,1728000000,1.4028,0.06,730,104.387767584098,0,141228,369444,0,63984,0.6,86198.4,0.66,0.6,0.54,0.66,0.66,10,0,-10,10,10,150
"BR0350","11 bolsas de 1 kg | Tortitas de brocoli | Ref G03","Tortitas de brocoli","Forma estable","Guarniciones - Tortitas","Guarniciones","Forma",11,"11 X 1 KG",11,1,"1f3654aef5539d7393e1c6a4a8be552f",21,4.6,383,285,206,392.2,294.2,215.2,1800,800,1200,8,2,4,64,0.919663098074074,22485930,24830903.648,1728000000,1.3728,0.1,1450,202.911314984709,150730,0,0,0,0,0.7,52755.5,0.63,0.77,0.77,0.77,0.77,-10,10,10,10,10,150
"BR0351","11 bolsas de 1 kg | Tortitas de brocoli | Ref G03","Tortitas de brocoli","Forma estable","Guarniciones - Tortitas","Guarniciones","Forma",11,"11 X 1 KG",11,1,"1f3654aef5539d7393e1c6a4a8be552f",21,4.6,383,285,206,392.2,294.2,215.2,1800,800,1200,8,2,4,64,0.919663098074074,22485930,24830903.648,1728000000,1.3728,0.1,1450,202.911314984709,150730,0,0,0,0,0.7,52755.5,0.63,0.77,0.77,0.77,0.77,-10,10,10,10,10,150
"BR0352","BonsaiGreen Bastones rectos de brocoli 9x9 mm 5 x 2,5 kg | Ref KXH","Bastones rectos de brocoli","Estacional","Bastones clasicos - Sigilo","Bastones clasicos","Medio",12.5,"5 X2,5 KG",5,2.5,"e743e947473252606cfa14519dbf593b",186,2.7,393,255,291,398.4,260.4,296.4,1800,800,1200,6,2,4,48,0.854153664,29162565,30749531.904,1728000000,1.3176,0.06,730,98.0477064220183,55052,566424,1005084,39472,46616,0.6,256897.2,0.66,0.48,0.48,0.66,0.66,10,-20,-20,10,10,150
"BR0353","BonsaiVegetales Croquetas de brocoli 13 x 0,75 kg","Croquetas de brocoli","Forma estable","Guarniciones - Legumes Croquetas","Guarniciones","Forma",9.75,"13 X 0,75 KG",13,0.75,"ea6403e25e3a52198dad19251c207a47",189,4.6,380,252,245,389.2,261.2,254.2,1800,800,1200,7,2,4,56,0.83746340637037,23461200,25841727.968,1728000000,1.3008,0.1,1450,192.269113149847,437365,0,0,0,0,0.7,61231.1,0.63,0.77,0.77,0.77,0.77,-10,10,10,10,10,150
"BR0354","BonsaiGreen Brocoli en rejilla sazonado, con cabo 13 x 0,5 kg","Brocoli en rejilla","Forma estable","Bastones clasicos - Sigilo","Bastones clasicos","Forma",6.5,"13 X 0,5 KG",13,0.5,"6a29db0cef2137d2bb15a27d61f064bd",86,2.7,393,255,270,398.4,260.4,275.4,1800,800,1200,6,2,4,48,0.793636704,27058050,28570921.344,1728000000,1.3176,0.06,730,98.0477064220183,0,6198,270957,0,0,0.6,55431,0.66,0.66,0.54,0.66,0.66,10,10,-10,10,10,150
"BR0355","BonsaiGreen Dippers de brocoli 13 x 0,5 kg","Dippers de brocoli","Forma estable","Bastones clasicos - Sigilo","Bastones clasicos","Forma",6.5,"13 X 0,5 KG",13,0.5,"a130566667d4be7bb38053adaefea0af",119,2.7,393,255,204,398.4,260.4,209.4,1800,800,1200,8,2,4,64,0.804587392,20443860,21723859.584,1728000000,1.3176,0.06,730,98.0477064220183,422280,1385562,0,4166136,0,0.6,597397.8,0.54,0.48,0.66,0.42,0.66,-10,-20,10,-30,10,150
"BR0356","Espirales de brocoli - sazonado - Caja de 13 packs de 0,5 kg","Espirales de brocoli","Forma estable","Bastones clasicos - Sigilo","Bastones clasicos","Forma",6.5,"13 X 0,5 KG",13,0.5,"457aead6b645a6fdaad21f23a4e8ca12",51,2.7,393,255,265,398.4,260.4,270.4,1800,800,1200,6,2,4,48,0.779227904,26556975,28052204.544,1728000000,1.3176,0.06,730,98.0477064220183,0,0,593992,0,0,0.6,89098.8,0.66,0.66,0.48,0.66,0.66,10,10,-20,10,10,150
"BR0357","BonsaiGreen Bastones rectos de brocoli 6x6 mm 13 x 0,75 kg","Bastones rectos de brocoli","Estacional","Bastones clasicos - Sigilo","Bastones clasicos","Fino",9.75,"13 X 0,75 KG",13,0.75,"ad23381bab48bad4640990fdc6a27c9b",136,4.1,383,248,229,391.2,256.2,237.2,1800,800,1200,7,2,4,56,0.770436669333333,21751336,23773474.368,1728000000,1.2948,0.08,1200,158.385321100917,0,30320,81010,0,0,0.65,36182.25,0.715,0.715,0.65,0.715,0.715,10,10,0,10,10,150
"BR0358","BonsaiGreen Espirales de brocoli 13 x 0,75 kg","Espirales de brocoli","Forma estable","Bastones clasicos - Sigilo","Bastones clasicos","Forma",9.75,"13 X 0,75 KG",13,0.75,"6d5c1314ab281dbdd56dc5dde84579b9",91,2.7,395,296,245,400,301.4,250.4,1800,800,1200,7,2,3,42,0.733741555555556,28645400,30188224,1728000000,1.4028,0.06,730,104.387767584098,0,141228,369444,0,63984,0.6,86198.4,0.66,0.6,0.54,0.66,0.66,10,0,-10,10,10,150
"BR0359","Brocoli zigzag - clasico - Caja de 13 packs de 0,75 kg | Ref 6P9","Brocoli zigzag","Forma estable","Bastones clasicos - Legumes Frites","Bastones clasicos","Forma",9.75,"13 X 0,8 kg",13,0.75,"10c5f9edbe2c87186bcdeb991fe8d902",5,4.6,380,252,228,389.2,261.2,237.2,1800,800,1200,7,2,4,56,0.78145680562963,21833280,24113524.288,1728000000,1.3008,0.1,1450,192.269113149847,424662,480,312,162,186,0.7,49676.9,0.63,0.77,0.77,0.77,0.77,-10,10,10,10,10,150
"BR0360","Bastones rectos de brocoli 9x9 mm - crocante - Caja de 5 packs de 2,5 kg | Ref 559","Bastones rectos de brocoli","Estacional","Bastones clasicos - Sigilo","Bastones clasicos","Medio",12.5,"5 X 2,5 KG",5,2.5,"48d2fa87ef6ac189e633680672b6132e",52,4.1,386,286,199,394.2,294.2,207.2,1800,800,1200,8,2,4,64,0.889990304,21968804,24029738.208,1728000000,1.3768,0.08,1200,168.415902140673,0,625956,7992264,0,306132,0.65,966804.8,0.715,0.52,0.455,0.715,0.585,10,-20,-30,10,-10,150
"BR0361","BonsaiGreen Gajos de brocoli sazonado 5 x 2,5 kg | Ref 595","Gajos de brocoli","Forma estable","Bastones clasicos - Sigilo","Bastones clasicos","Forma",12.5,"5 X 2.5 KG",2.5,2.5,"116dda17a7b7fb82c62f462ef4a94218",6,4.1,386,286,164,394.2,294.2,172.2,1800,800,1200,10,2,4,80,0.92456763,18104944,19970660.808,1728000000,1.3768,0.08,1200,168.415902140673,0,5214468,32879,0,0,0.65,487253.65,0.715,0.455,0.715,0.715,0.715,10,-30,10,10,10,150
"BR0362","BonsaiGreen Espirales de brocoli 5 x 2,5 kg","Espirales de brocoli","Forma estable","Bastones clasicos - Sigilo","Bastones clasicos","Forma",12.5,"5 X 2,5 KG",5,2.5,"3256a5fed07b421a92abee44a3d93243",34,2.7,395,296,260,400,301.4,265.4,1800,800,1200,6,2,3,36,0.666596333333333,30399200,31996624,1728000000,1.4028,0.06,730,104.387767584098,0,1124998,9039079,0,349489,0.6,901162.8,0.66,0.48,0.42,0.66,0.6,10,-20,-30,10,0,150
"BR0363","BonsaiPremium Bastones rectos de brocoli 5 x 2,5 kg | Ref XJT","Bastones rectos de brocoli","Estacional","Bastones clasicos - Reserva Privada","Bastones clasicos","Medio",12.5,"5 X 2,5 KG",5,2.5,"a053806f0b23db27a17e90bf971c8a62",117,4.1,386,286,273,394.2,294.2,281.2,1800,800,1200,6,2,4,48,0.905882988,30138108,32611787.568,1728000000,1.3768,0.08,1200,168.415902140673,0,0,0,0,93363,0.65,60685.95,0.715,0.715,0.715,0.715,0.585,10,10,10,10,-10,150
"BR0364","BonsaiPremium Bastones rectos de brocoli 5 x 2,5 kg | Ref 8OM","Bastones rectos de brocoli","Estacional","Bastones clasicos - Reserva Privada","Bastones clasicos","Fino",12.5,"5 X 2,5 KG",5,2.5,"5752498adef915345dabc54b32edf146",68,2.7,395,296,219,400,301.4,224.4,1800,800,1200,8,2,3,48,0.751490666666667,25605480,27053664,1728000000,1.4028,0.06,730,104.387767584098,0,194538,0,0,0,0.6,58361.4,0.66,0.54,0.66,0.66,0.66,10,-10,10,10,10,150
"BR0365","Bastones rectos de brocoli - clasico - Caja de 5 packs de 2,5 kg | Ref NW8","Bastones rectos de brocoli","Estacional","Bastones clasicos - Reserva Privada","Bastones clasicos","Grueso",12.5,"5 X 2,5 KG",5,2.5,"55b52b97c05b19dbbbefa191622fe36a",66,4.1,386,286,179,394.2,294.2,187.2,1800,800,1200,9,2,4,72,0.904594392,19760884,21710265.408,1728000000,1.3768,0.08,1200,168.415902140673,4150192,6511048,34760,2059872,20680,0.65,1038094.85,0.455,0.455,0.715,0.52,0.715,-30,-30,10,-20,10,150
"BR0366","Bastones rectos de brocoli 6x6 mm - crocante - Caja de 5 packs de 2,5 kg | Ref JZO","Bastones rectos de brocoli","Estacional","Bastones clasicos - Sigilo","Bastones clasicos","Fino",12.5,"5 X 2,5 KG",5,2.5,"d6e2cbc227acca3455d02367e9bd0b2b",175,2.7,395,294,214,400,299.4,219.4,1800,800,1200,8,2,4,64,0.973160888888889,24851820,26275344,1728000000,1.3988,0.06,730,104.090112130479,0,0,14653,0,0,0.6,8791.8,0.66,0.66,0.66,0.66,0.66,10,10,10,10,10,150
"BR0367","5 bolsas de 2,5 kg | Bastones rectos de brocoli con cabo | Ref AYC","Bastones rectos de brocoli","Estacional","Bastones clasicos - Sigilo","Bastones clasicos","Medio",12.5,"5 X 2,5 KG",5,2.5,"48d2fa87ef6ac189e633680672b6132e",52,4.1,386,286,199,394.2,294.2,207.2,1800,800,1200,8,2,4,64,0.889990304,21968804,24029738.208,1728000000,1.3768,0.08,1200,168.415902140673,0,625956,7992264,0,306132,0.65,966804.8,0.715,0.52,0.455,0.715,0.585,10,-20,-30,10,-10,150
"BR0368","Bastones rectos de brocoli - con cabo - Caja de 5 packs de 2,5 kg","Bastones rectos de brocoli","Estacional","Bastones clasicos - Sigilo","Bastones clasicos","Medio",12.5,"5 X 2,5 KG",5,2.5,"9a88ed4806deaa5c9b3abac82886d23a",112,4.1,386,286,184,394.2,294.2,192.2,1800,800,1200,9,2,4,72,0.928755567,20312864,22290133.608,1728000000,1.3768,0.08,1200,168.415902140673,187029,0,0,131382,302352,0.65,134498.65,0.585,0.715,0.715,0.65,0.52,-10,10,10,0,-20,150
"BR0369","5 bolsas de 2,5 kg | Espirales de brocoli","Espirales de brocoli","Forma estable","Bastones clasicos - Reserva Privada","Bastones clasicos","Forma",12.5,"5 X 2,5 KG",5,2.5,"3256a5fed07b421a92abee44a3d93243",34,2.7,395,296,260,400,301.4,265.4,1800,800,1200,6,2,3,36,0.666596333333333,30399200,31996624,1728000000,1.4028,0.06,730,104.387767584098,0,1124998,9039079,0,349489,0.6,901162.8,0.66,0.48,0.42,0.66,0.6,10,-20,-30,10,0,150
"BR0370","BonsaiGreen Bastones rectos de brocoli 11 x 1,25 kg","Bastones rectos de brocoli","Estacional","Bastones clasicos - Sigilo","Bastones clasicos","Grueso",13.75,"11 X 1,25 KG",11,1.25,"c96df5913565ba35f3e02e744c9a6dde",160,2.7,395,296,224,400,301.4,229.4,1800,800,1200,7,2,3,42,0.672205722222222,26190080,27656464,1728000000,1.4028,0.06,730,104.387767584098,0,1877934,0,0,2492424,0.6,437035.8,0.66,0.48,0.66,0.66,0.48,10,-20,10,10,-20,150
"BR0371","13 bolsas de 1 kg | Bastones rectos de brocoli | Ref PB9","Bastones rectos de brocoli","Estacional","Bastones clasicos - Sigilo","Bastones clasicos","Grueso",13,"13 X 1 KG",13,1,"dcc42a5da445d56728ad8178bf5931e9",179,2.7,395,296,240,400,301.4,245.4,1800,800,1200,7,2,3,42,0.719090166666667,28060800,29585424,1728000000,1.4028,0.06,730,104.387767584098,0,0,0,0,141590,0.6,84954,0.66,0.66,0.66,0.66,0.48,10,10,10,10,-20,150
"BR0372","BonsaiGreen Espirales de brocoli sin gluten 13 x 0,75 kg","Espirales de brocoli","Forma estable","Bastones clasicos - Sigilo","Bastones clasicos","Forma",9.75,"13 X 0,75 KG",13,0.75,"4989f7c44b56191eebb2c0b95763c0db",54,2.7,395,296,250,400,301.4,255.4,1800,800,1200,7,2,3,42,0.748392944444444,29230000,30791024,1728000000,1.4028,0.06,730,104.387767584098,0,990990,0,0,0,0.6,198198,0.66,0.48,0.66,0.66,0.66,10,-20,10,10,10,150
"BR0373","16 bolsas de 0,5 kg | Brocoli en rejilla sin gluten","Brocoli en rejilla","Forma estable","Bastones clasicos - Sigilo","Bastones clasicos","Forma",8,"16 X 0,5 KG",16,0.5,"f1efec47e48187c72213058375afab2c",196,2.7,395,296,286,400,301.4,291.4,1800,800,1200,6,2,3,36,0.731899666666667,33439120,35131184,1728000000,1.4028,0.06,730,104.387767584098,15062,132568,22446,11304,13350,0.6,58419,0.66,0.54,0.66,0.66,0.66,10,-10,10,10,10,150
"BR0374","Bastones rectos de brocoli - clasico - Caja de 13 packs de 1 kg | Ref OVH","Bastones rectos de brocoli","Estacional","Bastones clasicos - Sigilo","Bastones clasicos","Grueso",13,"13 X 1 KG",13,1,"6d5c1314ab281dbdd56dc5dde84579b9",91,2.7,395,296,245,400,301.4,250.4,1800,800,1200,7,2,3,42,0.733741555555556,28645400,30188224,1728000000,1.4028,0.06,730,104.387767584098,0,141228,369444,0,63984,0.6,86198.4,0.66,0.6,0.54,0.66,0.66,10,0,-10,10,10,150
"BR0375","11 bolsas de 1,25 kg | Bastones rectos de brocoli | Ref YF3","Bastones rectos de brocoli","Estacional","Bastones clasicos - Legumes Frites","Bastones clasicos","Corte steak",13.75,"11 X 1,25 KG",11,1.25,"c61dafed9b7d2c7f917d4debf65896c1",158,4.1,386,286,263,394.2,294.2,271.2,1800,800,1200,6,2,4,48,0.873668088,29034148,31452051.168,1728000000,1.3768,0.08,1200,168.415902140673,0,59720,387840,0,963992,0.65,229377.2,0.715,0.715,0.585,0.715,0.52,10,10,-10,10,-20,150
"BR0376","13 bolsas de 0,75 kg | Brocoli zigzag sazonado","Brocoli zigzag","Forma estable","Bastones clasicos - Sigilo","Bastones clasicos","Forma",9.75,"13 X 0,75 KG",13,0.75,"ddc8f0c662924d5b7914ba35ddb1ebe4",181,2.7,395,294,250,400,299.4,255.4,1800,800,1200,7,2,4,56,0.991235777777778,29032500,30586704,1728000000,1.3988,0.06,730,104.090112130479,0,0,0,0,206196,0.6,61858.8,0.66,0.66,0.66,0.66,0.48,10,10,10,10,-20,150
"BR0377","13 bolsas de 0,75 kg | Brocoli zigzag picante | Ref P85","Brocoli zigzag","Forma estable","Bastones clasicos - Sigilo","Bastones clasicos","Forma",9.75,"13 X 0,75 KG",13,0.75,"ddc8f0c662924d5b7914ba35ddb1ebe4",181,2.7,395,294,250,400,299.4,255.4,1800,800,1200,7,2,4,56,0.991235777777778,29032500,30586704,1728000000,1.3988,0.06,730,104.090112130479,0,0,0,0,206196,0.6,61858.8,0.66,0.66,0.66,0.66,0.48,10,10,10,10,-20,150
"BR0378","BonsaiGreen Bastones rectos de brocoli 6x6 mm 5 x 2,5 kg | Ref FVE","Bastones rectos de brocoli","Estacional","Bastones clasicos - Grado B","Bastones clasicos","Fino",12.5,"5 X 2,5 KG",5,2.5,"2361696c0cf9b4a8490d7098c11e6a51",27,2.7,393,255,250,398.4,260.4,255.4,1800,800,1200,7,2,4,56,0.858668421333333,25053750,26496054.144,1728000000,1.3176,0.06,730,98.0477064220183,0,2681718,4182,8775474,3168918,0.6,1463029.2,0.66,0.48,0.66,0.42,0.42,10,-20,10,-30,-30,150
"BR0379","Bastones rectos de brocoli 6x6 mm - clasico - Caja de 5 packs de 2,5 kg | Ref OO7","Bastones rectos de brocoli","Estacional","Bastones clasicos - Grado B","Bastones clasicos","Fino",12.5,"5 X 2,5 KG",5,2.5,"2361696c0cf9b4a8490d7098c11e6a51",27,2.7,393,255,250,398.4,260.4,255.4,1800,800,1200,7,2,4,56,0.858668421333333,25053750,26496054.144,1728000000,1.3176,0.06,730,98.0477064220183,0,2681718,4182,8775474,3168918,0.6,1463029.2,0.66,0.48,0.66,0.42,0.42,10,-20,10,-30,-30,150
"BR0380","Bastones rectos de brocoli 6x6 mm - clasico - Caja de 5 packs de 2,5 kg | Ref OO7","Bastones rectos de brocoli","Estacional","Bastones clasicos - Grado B","Bastones clasicos","Fino",12.5,"5 X 2,5 KG",5,2.5,"edebe6dd9669ec03369694b6dbbd4c54",193,2.5,393,255,250,398,260,255,1800,800,1200,7,2,4,56,0.855147222222222,25053750,26387400,1728000000,1.316,0.06,600,80.4892966360856,53989,43273,16762,8746,0,0.6,73662,0.54,0.6,0.66,0.66,0.66,-10,0,10,10,10,150
"BR0381","Bastones rectos de brocoli 9x9 mm - clasico - Caja de 5 packs de 2,5 kg | Ref XNV","Bastones rectos de brocoli","Estacional","Bastones clasicos - Grado B","Bastones clasicos","Medio",12.5,"5 X 2,5 KG",5,2.5,"9dbb448086386afae3321dda0441c688",116,2.7,393,255,230,398.4,260.4,235.4,1800,800,1200,7,2,4,56,0.791427354666667,23049450,24421186.944,1728000000,1.3176,0.06,730,98.0477064220183,113020,191744,95828,132548,0,0.6,79971,0.6,0.6,0.6,0.6,0.66,0,0,0,0,10,150
"BR0382","BonsaiGreen Bastones rectos de brocoli 9x9 mm 5 x 2,5 kg | Ref 768","Bastones rectos de brocoli","Estacional","Bastones clasicos - Grado B","Bastones clasicos","Medio",12.5,"5 X 2,5 KG",5,2.5,"9dbb448086386afae3321dda0441c688",116,2.7,393,255,230,398.4,260.4,235.4,1800,800,1200,7,2,4,56,0.791427354666667,23049450,24421186.944,1728000000,1.3176,0.06,730,98.0477064220183,113020,191744,95828,132548,0,0.6,79971,0.6,0.6,0.6,0.6,0.66,0,0,0,0,10,150
"BR0383","BonsaiGreen Bastones rectos de brocoli 9x9 mm 5 x 2,5 kg | Ref 768","Bastones rectos de brocoli","Estacional","Bastones clasicos - Grado B","Bastones clasicos","Medio",12.5,"5 X 2,5 KG",5,2.5,"9dbb448086386afae3321dda0441c688",116,2.7,393,255,230,398.4,260.4,235.4,1800,800,1200,7,2,4,56,0.791427354666667,23049450,24421186.944,1728000000,1.3176,0.06,730,98.0477064220183,113020,191744,95828,132548,0,0.6,79971,0.6,0.6,0.6,0.6,0.66,0,0,0,0,10,150
"BR0384","5 bolsas de 2,5 kg | Bastones rectos de brocoli 11x11 mm | Ref UC1","Bastones rectos de brocoli","Estacional","Bastones clasicos - Grado B","Bastones clasicos","Medio",12.5,"5 X 2,5 KG",5,2.5,"d57ede415e9b30ea0e94a15552298aa3",174,2.7,393,255,214,398.4,260.4,219.4,1800,800,1200,8,2,4,64,0.843010858666667,21446010,22761293.184,1728000000,1.3176,0.06,730,98.0477064220183,22989,23781,153,166422,93,0.6,42687.6,0.66,0.66,0.66,0.54,0.66,10,10,10,-10,10,150
"BR0385","5 bolsas de 2,5 kg | Bastones rectos de brocoli 11x11 mm | Ref UC1","Bastones rectos de brocoli","Estacional","Bastones clasicos - Grado B","Bastones clasicos","Medio",12.5,"5 X2,5 KG",5,2.5,"d57ede415e9b30ea0e94a15552298aa3",174,2.7,393,255,214,398.4,260.4,219.4,1800,800,1200,8,2,4,64,0.843010858666667,21446010,22761293.184,1728000000,1.3176,0.06,730,98.0477064220183,22989,23781,153,166422,93,0.6,42687.6,0.66,0.66,0.66,0.54,0.66,10,10,10,-10,10,150
"BR0386","5 bolsas de 2,5 kg | Bastones rectos de brocoli 6x6 mm | Ref WPA","Bastones rectos de brocoli","Estacional","Bastones clasicos - Grado B","Bastones clasicos","Fino",12.5,"5 X 2,5 KG",5,2.5,"414d4cf5c1bc8a346f7e4445ede7acbd",49,4.1,386,286,229,394.2,294.2,237.2,1800,800,1200,7,2,4,56,0.891493666,25280684,27508947.408,1728000000,1.3768,0.08,1200,168.415902140673,2412,410136,5138148,1914,1944,0.65,601743.35,0.715,0.585,0.455,0.715,0.715,10,-10,-30,10,10,150
"BR0387","5 bolsas de 2,5 kg | Bastones rectos de brocoli 9x9 mm | Ref WFG","Bastones rectos de brocoli","Estacional","Bastones clasicos - Grado B","Bastones clasicos","Medio",12.5,"5 X 2,5 KG",5,2.5,"48d2fa87ef6ac189e633680672b6132e",52,4.1,386,286,199,394.2,294.2,207.2,1800,800,1200,8,2,4,64,0.889990304,21968804,24029738.208,1728000000,1.3768,0.08,1200,168.415902140673,0,625956,7992264,0,306132,0.65,966804.8,0.715,0.52,0.455,0.715,0.585,10,-20,-30,10,-10,150
"BR0388","Bastones rectos de brocoli 9x9 mm - clasico - Caja de 5 packs de 2,5 kg | Ref GR7","Bastones rectos de brocoli","Estacional","Bastones clasicos - Grado B","Bastones clasicos","Medio",12.5,"5 X 2,5 KG",5,2.5,"1cbc364190e4feb6cfbe064584c400ab",17,4.1,383,248,224,391.2,256.2,232.2,1800,800,1200,7,2,4,56,0.754196436,21276416,23272347.168,1728000000,1.2948,0.08,1200,158.385321100917,0,334398,39939,0,0,0.65,81106.35,0.715,0.52,0.715,0.715,0.715,10,-20,10,10,10,150
"BR0389","5 bolsas de 2,5 kg | Bastones rectos de brocoli 9x9 mm | Ref BHE","Bastones rectos de brocoli","Estacional","Bastones clasicos - Grado B","Bastones clasicos","Medio",12.5,"5 X 2,5 KG",5,2.5,"fc6931875b8384c7bacd18bb4699795f",201,2.7,393,255,219,398.4,260.4,224.4,1800,800,1200,8,2,4,64,0.862222592,21947085,23280009.984,1728000000,1.3176,0.06,730,98.0477064220183,607155,11475,431850,0,0,0.6,126057.6,0.48,0.66,0.54,0.66,0.66,-20,10,-10,10,10,150
"BR0390","BonsaiGreen Bastones rectos de brocoli 6x6 mm 5 x 2,5 kg | Ref FVE","Bastones rectos de brocoli","Estacional","Bastones clasicos - Sigilo","Bastones clasicos","Fino",12.5,"5 X 2,5 KG",5,2.5,"2361696c0cf9b4a8490d7098c11e6a51",27,2.7,393,255,250,398.4,260.4,255.4,1800,800,1200,7,2,4,56,0.858668421333333,25053750,26496054.144,1728000000,1.3176,0.06,730,98.0477064220183,0,2681718,4182,8775474,3168918,0.6,1463029.2,0.66,0.48,0.66,0.42,0.42,10,-20,10,-30,-30,150
"BR0391","BonsaiGreen Gajos de brocoli sazonado 5 x 2,5 kg | Ref PO5","Gajos de brocoli","Forma estable","Bastones clasicos - Sigilo","Bastones clasicos","Forma",12.5,"5X2,5 KG",5,2.5,"83d3c7c10fbc6fe2e476fd8c600855e2",102,2.7,393,255,194,398.4,260.4,199.4,1800,800,1200,9,2,4,72,0.861934416,19441710,20686425.984,1728000000,1.3176,0.06,730,98.0477064220183,0,6090540,1812800,0,0,0.6,948400.8,0.66,0.42,0.48,0.66,0.66,10,-30,-20,10,10,150
"BR0392","BonsaiGreen Gajos de brocoli sazonado 5 x 2,5 kg | Ref PO5","Gajos de brocoli","Forma estable","Bastones clasicos - Sigilo","Bastones clasicos","Forma",12.5,"5 X 2,5 KG",5,2.5,"dc0b41c3254944ee2f8977c80dc8f455",178,4.5,391,292,172,400,301,181,1800,800,1200,9,2,3,54,0.6810125,19637584,21792400,1728000000,1.402,0.08,1400,200.081549439348,0,33494,4246,0,0,0.65,24531,0.715,0.65,0.715,0.715,0.715,10,0,10,10,10,150
"BR0393","11 bolsas de 1 kg | Gajos de brocoli","Gajos de brocoli","Forma estable","Bastones clasicos - Reserva Privada","Bastones clasicos","Forma",11,"11 X 1 KG",11,1,"83d3c7c10fbc6fe2e476fd8c600855e2",102,2.7,393,255,194,398.4,260.4,199.4,1800,800,1200,9,2,4,72,0.861934416,19441710,20686425.984,1728000000,1.3176,0.06,730,98.0477064220183,0,6090540,1812800,0,0,0.6,948400.8,0.66,0.42,0.48,0.66,0.66,10,-30,-20,10,10,150
"BR0394","Gajos de brocoli - con cabo - Caja de 5 packs de 2,5 kg","Gajos de brocoli","Forma estable","Bastones clasicos - Reserva Privada","Bastones clasicos","Forma",12.5,"5 X 2,5 KG",5,2.5,"b9470f0403af99853ed89bcf86be3235",148,4.1,383,248,194,391.2,256.2,202.2,1800,800,1200,8,2,4,64,0.750577184,18426896,20265583.968,1728000000,1.2948,0.08,1200,158.385321100917,94324,0,55274,0,0,0.65,48619.35,0.65,0.715,0.65,0.715,0.715,0,10,0,10,10,150
"BR0395","Gajos de brocoli - sazonado - Caja de 5 packs de 2,5 kg","Gajos de brocoli","Forma estable","Bastones clasicos - Sigilo","Bastones clasicos","Forma",12.5,"5 X 2,5 KG",5,2.5,"082c1cdb42b1abd201403ca33ca11ef0",2,4.1,383,248,189,391.2,256.2,197.2,1800,800,1200,9,2,4,72,0.823519032,17951976,19764456.768,1728000000,1.2948,0.08,1200,158.385321100917,0,617012,0,0,118368,0.65,238998.5,0.715,0.52,0.715,0.715,0.585,10,-20,10,10,-10,150
"BR0396","5 bolsas de 2,5 kg | Gajos de brocoli sin gluten | Ref EQY","Gajos de brocoli","Forma estable","Bastones clasicos - Sigilo","Bastones clasicos","Forma",12.5,"5 X 2,5 KG",5,2.5,"ac8b5267c6be652bd0aff43408408e79",134,4.1,388,288,209,396.2,296.2,217.2,1800,800,1200,8,2,4,64,0.944051272888889,23354496,25489384.368,1728000000,1.3848,0.08,1200,169.394495412844,0,535950,0,0,0,0.65,348367.5,0.715,0.455,0.715,0.715,0.715,10,-30,10,10,10,150
"BR0397","5 bolsas de 2,5 kg | Gajos de brocoli sin gluten | Ref S62","Gajos de brocoli","Forma estable","Bastones clasicos - Sigilo","Bastones clasicos","Forma",12.5,"5 X 2,5 KG",5,2.5,"162c41fa859810e889efa37f867819bb",12,2.7,395,296,214,400,301.4,219.4,1800,800,1200,8,2,3,48,0.734746222222222,25020880,26450864,1728000000,1.4028,0.06,730,104.387767584098,104493,1453053,0,0,0,0.6,311509.2,0.6,0.48,0.66,0.66,0.66,0,-20,10,10,10,150
"BR0398","Gajos de brocoli - sin gluten - Caja de 5 packs de 2,5 kg","Gajos de brocoli","Forma estable","Bastones clasicos - Sigilo","Bastones clasicos","Forma",12.5,"5 X 2,5 KG",5,2.5,"bdefb2124af27fa9ca0fa5d293a18aa4",150,4.1,386,286,209,394.2,294.2,217.2,1800,800,1200,8,2,4,64,0.932943504,23072764,25189474.608,1728000000,1.3768,0.08,1200,168.415902140673,0,575528,225870,0,0,0.65,260454.35,0.715,0.52,0.52,0.715,0.715,10,-20,-20,10,10,150
"BR0399","Bastones rectos de brocoli 6x9 mm - clasico - Caja de 5 packs de 2,5 kg","Bastones rectos de brocoli","Estacional","Bastones clasicos - Sigilo","Bastones clasicos","Fino",12.5,"5 X 2,5 KG",5,2.5,"170f5916eaeb0e271ae012eedb1ad645",13,4.1,386,286,298,394.2,294.2,306.2,1800,800,1200,5,2,4,40,0.822016865,32898008,35511128.568,1728000000,1.3768,0.08,1200,168.415902140673,0,0,26149,0,0,0.65,16996.85,0.715,0.715,0.65,0.715,0.715,10,10,0,10,10,150
"BR0400","5 bolsas de 2,5 kg | Bastones rectos de brocoli | Ref H44","Bastones rectos de brocoli","Estacional","Bastones clasicos - Legumes Frites","Bastones clasicos","Medio",12.5,"5 X 2,5 KG",5,2.5,"b4d42409ba0a801454f8f3bc60d94ec1",145,4.1,388,288,293,396.2,296.2,301.2,1800,800,1200,5,2,4,40,0.818221234444444,32740992,35347157.328,1728000000,1.3848,0.08,1200,169.394495412844,0,0,0,0,17214,0.65,11189.1,0.715,0.715,0.715,0.715,0.715,10,10,10,10,10,150
"BR0401","5 bolsas de 2,5 kg | Bastones rectos de brocoli 9x9 mm con cabo","Bastones rectos de brocoli","Estacional","Bastones clasicos - Sigilo","Bastones clasicos","Medio",12.5,"5 X 2,5 KG",5,2.5,"6f0bc5eabea0d399e9342acf41bcb33b",93,2.7,395,296,194,400,301.4,199.4,1800,800,1200,9,2,3,54,0.7512395,22682480,24039664,1728000000,1.4028,0.06,730,104.387767584098,0,112260,0,0,26096,0.6,41506.8,0.66,0.54,0.66,0.66,0.66,10,-10,10,10,10,150
"BR0402","BonsaiGreen Gajos de brocoli 13 x 0,75 kg","Gajos de brocoli","Forma estable","Bastones clasicos - Sigilo","Bastones clasicos","Forma",9.75,"13 X 0,75 KG",13,0.75,"0b72571a5bb7429ce7de424547e8d27d",4,4.1,386,286,174,394.2,294.2,182.2,1800,800,1200,9,2,4,72,0.880433217,19208904,21130397.208,1728000000,1.3768,0.08,1200,168.415902140673,0,2144,71772,0,32428,0.65,34561.8,0.715,0.715,0.65,0.715,0.715,10,10,0,10,10,150
"BR0403","BonsaiGreen Bastones rectos de brocoli 6x6 mm con cabo 5 x 2,5 kg","Bastones rectos de brocoli","Estacional","Bastones clasicos - Sigilo","Bastones clasicos","Fino",12.5,"5 X 2,5 KG",5,2.5,"4472825c5f9816d7befa089cf8451878",50,4.1,383,248,318,391.2,256.2,326.2,1800,800,1200,5,2,4,40,0.756794873333333,30204912,32693538.528,1728000000,1.2948,0.08,1200,158.385321100917,33,76,50,25,30,0.65,139.1,0.715,0.715,0.715,0.715,0.715,10,10,10,10,10,150
"BR0404","Bastones rectos de brocoli 9x9 mm - clasico - Caja de 11 packs de 1 kg","Bastones rectos de brocoli","Estacional","Bastones clasicos - Sigilo","Bastones clasicos","Medio",11,"11 X 1 KG",11,1,"563a3fa61d441769163b35905be8987d",67,4.1,383,248,234,391.2,256.2,242.2,1800,800,1200,7,2,4,56,0.786676902666667,22226256,24274601.568,1728000000,1.2948,0.08,1200,158.385321100917,272,616,27216,204,244,0.65,4639.7,0.715,0.715,0.715,0.715,0.715,10,10,10,10,10,150
"BR0405","BonsaiVegetales Bastones rectos de brocoli 10x10 mm 5 x 2,5 kg","Bastones rectos de brocoli","Estacional","Guarniciones - Otros","Guarniciones","Medio",12.5,"5 X 2,5 KG",5,2.5,"55b52b97c05b19dbbbefa191622fe36a",66,4.1,386,286,179,394.2,294.2,187.2,1800,800,1200,9,2,4,72,0.904594392,19760884,21710265.408,1728000000,1.3768,0.08,1200,168.415902140673,4150192,6511048,34760,2059872,20680,0.65,1038094.85,0.455,0.455,0.715,0.52,0.715,-30,-30,10,-20,10,150
"BR0406","BonsaiGreen Brocoli en rejilla sazonado 5 x 2,5 kg","Brocoli en rejilla","Forma estable","Bastones clasicos - Sigilo","Bastones clasicos","Forma",12.5,"5X2,5 KG",5,2.5,"a23eeef1c0cd8cfd40b780d65382034a",122,4.1,386,286,303,394.2,294.2,311.2,1800,800,1200,5,2,4,40,0.83543974,33449988,36090996.768,1728000000,1.3768,0.08,1200,168.415902140673,204,4295703,80055,265005,180,0.65,1005581.85,0.715,0.455,0.65,0.585,0.715,10,30,0,-10,10,150
"BR0407","5 bolsas de 2,5 kg | Espirales de brocoli sazonado","Espirales de brocoli","Forma estable","Bastones clasicos - Sigilo","Bastones clasicos","Forma",12.5,"5 X2,5 KG",5,2.5,"c61dafed9b7d2c7f917d4debf65896c1",158,4.1,386,286,263,394.2,294.2,271.2,1800,800,1200,6,2,4,48,0.873668088,29034148,31452051.168,1728000000,1.3768,0.08,1200,168.415902140673,0,59720,387840,0,963992,0.65,229377.2,0.715,0.715,0.585,0.715,0.52,10,10,-10,10,-20,150
"BR0408","Brocoli en rejilla - clasico - Caja de 11 packs de 1 kg | Ref GM8","Brocoli en rejilla","Forma estable","Bastones clasicos - Sigilo","Bastones clasicos","Forma",11,"11 X 1 KG",11,1,"a23eeef1c0cd8cfd40b780d65382034a",122,4.1,386,286,303,394.2,294.2,311.2,1800,800,1200,5,2,4,40,0.83543974,33449988,36090996.768,1728000000,1.3768,0.08,1200,168.415902140673,204,4295703,80055,265005,180,0.65,1005581.85,0.715,0.455,0.65,0.585,0.715,10,30,0,-10,10,150
"BR0409","5 bolsas de 2,5 kg | Bastones rectos de brocoli 9x9 mm sin gluten, horneado","Bastones rectos de brocoli","Estacional","Bastones clasicos - Sigilo","Bastones clasicos","Medio",12.5,"5 X 2,5 KG",5,2.5,"563a3fa61d441769163b35905be8987d",67,4.1,383,248,234,391.2,256.2,242.2,1800,800,1200,7,2,4,56,0.786676902666667,22226256,24274601.568,1728000000,1.2948,0.08,1200,158.385321100917,272,616,27216,204,244,0.65,4639.7,0.715,0.715,0.715,0.715,0.715,10,10,10,10,10,150
"BR0410","Brocoli en rejilla - clasico - Caja de 5 packs de 1,75 kg","Brocoli en rejilla","Forma estable","Bastones clasicos - Sigilo","Bastones clasicos","Forma",8.75,"5x1,8 kg",5,1.75,"b5ff628fcb5e9885b7d13c5dd1ddd441",146,4.8,380,282,286,389.6,291.6,295.6,1800,800,1200,6,2,4,48,0.932842656,30647760,33582335.616,1728000000,1.3624,0.1,1550,215.261977573904,0,0,4903,0,0,0.7,3432.1,0.77,0.77,0.77,0.77,0.77,10,10,10,10,10,150
"BR0411","5 bolsas de 2,5 kg | Mix crujiente de brocoli","Mix crujiente de brocoli","Forma estable","Bastones clasicos - Sigilo","Bastones clasicos","Forma",12.5,"5 X 2,5 KG",5,2.5,"27cfee279bf2517d910cfab7c0b51213",30,4.1,386,286,204,394.2,294.2,212.2,1800,800,1200,8,2,4,64,0.911466904,22520784,24609606.408,1728000000,1.3768,0.08,1200,168.415902140673,0,224824,796116,0,0,0.65,165902.75,0.715,0.585,0.52,0.715,0.715,10,-10,-20,10,10,150
"BR0412","Dippers de brocoli - clasico - Caja de 5 packs de 2,5 kg","Dippers de brocoli","Forma estable","Bastones clasicos - Sigilo","Bastones clasicos","Forma",12.5,"5 X 2,5 KG",5,2.5,"414d4cf5c1bc8a346f7e4445ede7acbd",49,4.1,386,286,229,394.2,294.2,237.2,1800,800,1200,7,2,4,56,0.891493666,25280684,27508947.408,1728000000,1.3768,0.08,1200,168.415902140673,2412,410136,5138148,1914,1944,0.65,601743.35,0.715,0.585,0.455,0.715,0.715,10,-10,-30,10,10,150
"BR0413","BonsaiPremium Bastones rectos de brocoli 6x6 mm 5 x 2,5 kg | Ref F06","Bastones rectos de brocoli","Estacional","Bastones clasicos - Reserva Privada","Bastones clasicos","Fino",12.5,"5 X 2,5 KG",5,2.5,"5914abeae491eab8612131985b15994f",70,4.1,386,286,239,394.2,294.2,247.2,1800,800,1200,7,2,4,56,0.929077716,26384644,28668683.808,1728000000,1.3768,0.08,1200,168.415902140673,0,1044045,1330340,0,1918650,0.65,558094.55,0.715,0.52,0.52,0.715,0.52,10,-20,-20,10,-20,150
"BR0414","Dippers de brocoli - clasico - Caja de 11 packs de 0,5 kg","Dippers de brocoli","Forma estable","Bastones clasicos - Sigilo","Bastones clasicos","Forma",5.5,"11 X 0,5 KG",11,0.5,"55b52b97c05b19dbbbefa191622fe36a",66,4.1,386,286,179,394.2,294.2,187.2,1800,800,1200,9,2,4,72,0.904594392,19760884,21710265.408,1728000000,1.3768,0.08,1200,168.415902140673,4150192,6511048,34760,2059872,20680,0.65,1038094.85,0.455,0.455,0.715,0.52,0.715,-30,-30,10,-20,10,150
"BR0415","Dippers de brocoli - clasico - Caja de 5 packs de 2,5 kg","Dippers de brocoli","Forma estable","Bastones clasicos - Sigilo","Bastones clasicos","Forma",12.5,"5 X 2,5 KG",5,2.5,"963709ce03639618149be23f8bb82ece",111,4.1,383,248,253,391.2,256.2,261.2,1800,800,1200,6,2,4,48,0.727191248,24030952,26178884.928,1728000000,1.2948,0.08,1200,158.385321100917,105,3830163,1214223,81,93,0.65,1093010.75,0.715,0.455,0.52,0.715,0.715,10,-30,-20,10,10,150
"BR0416","BonsaiVegetales Cubos de brocoli 5 x 2,5 kg","Cubos de brocoli","Forma estable","Guarniciones - Cubos","Guarniciones","Forma",12.5,"5 X 2,5 KG",5,2.5,"55b52b97c05b19dbbbefa191622fe36a",66,4.1,386,286,179,394.2,294.2,187.2,1800,800,1200,9,2,4,72,0.904594392,19760884,21710265.408,1728000000,1.3768,0.08,1200,168.415902140673,4150192,6511048,34760,2059872,20680,0.65,1038094.85,0.455,0.455,0.715,0.52,0.715,-30,-30,10,-20,10,150
"BR0417","Mix crujiente de brocoli - clasico - Caja de 11 packs de 0,75 kg","Mix crujiente de brocoli","Forma estable","Bastones clasicos - Sigilo","Bastones clasicos","Forma",8.25,"11 X 0,75 KG",11,0.75,"563a3fa61d441769163b35905be8987d",67,4.1,383,248,234,391.2,256.2,242.2,1800,800,1200,7,2,4,56,0.786676902666667,22226256,24274601.568,1728000000,1.2948,0.08,1200,158.385321100917,272,616,27216,204,244,0.65,4639.7,0.715,0.715,0.715,0.715,0.715,10,10,10,10,10,150
"BR0418","BonsaiGreen Mix crujiente de brocoli 11 x 0,75 kg","Mix crujiente de brocoli","Forma estable","Bastones clasicos - Sigilo","Bastones clasicos","Forma",8.25,"11X0,8 KG",11,0.8,"563a3fa61d441769163b35905be8987d",67,4.1,383,248,234,391.2,256.2,242.2,1800,800,1200,7,2,4,56,0.786676902666667,22226256,24274601.568,1728000000,1.2948,0.08,1200,158.385321100917,272,616,27216,204,244,0.65,4639.7,0.715,0.715,0.715,0.715,0.715,10,10,10,10,10,150
"BR0419","5 bolsas de 2,5 kg | Bastones rectos de brocoli 9x18 mm | Ref TUA","Bastones rectos de brocoli","Estacional","Bastones clasicos - Reserva Privada","Bastones clasicos","Corte steak",12.5,"5 X 2,5 KG",5,2.5,"3cdb44bb6e06ba2151d665a0c599b894",45,2.7,395,296,173,400,301.4,178.4,1800,800,1200,10,2,3,60,0.746802222222222,20227160,21507904,1728000000,1.4028,0.06,730,104.387767584098,0,0,0,86600,16394,0.6,30898.2,0.66,0.66,0.66,0.6,0.66,10,10,10,0,10,150
"BR0420","5 bolsas de 2,5 kg | Bastones rectos de brocoli 11x11 mm | Ref ADD","Bastones rectos de brocoli","Estacional","Bastones clasicos - Reserva Privada","Bastones clasicos","Medio",12.5,"5 X 2,5 KG",5,2.5,"a130566667d4be7bb38053adaefea0af",119,2.7,393,255,204,398.4,260.4,209.4,1800,800,1200,8,2,4,64,0.804587392,20443860,21723859.584,1728000000,1.3176,0.06,730,98.0477064220183,422280,1385562,0,4166136,0,0.6,597397.8,0.54,0.48,0.66,0.42,0.66,-10,-20,10,-30,10,150
"BR0421","5 bolsas de 2,5 kg | Bastones rectos de brocoli 9x9 mm | Ref 45W","Bastones rectos de brocoli","Estacional","Bastones clasicos - Reserva Privada","Bastones clasicos","Medio",12.5,"5 X 2,5 KG",5,2.5,"3826faf22304dbe5bef22f8c36155874",42,2.7,393,255,224,398.4,260.4,229.4,1800,800,1200,7,2,4,56,0.771255034666667,22448160,23798726.784,1728000000,1.3176,0.06,730,98.0477064220183,0,15447030,2627646,20043672,9200934,0.6,3198445.2,0.66,0.42,0.48,0.42,0.42,10,-30,-20,-30,-30,150
