"codigo_producto","descripcion_producto","ingrediente_forma","tipo_proyecto","subcategoria","categoria","tamaño_corte","peso_neto_caja","tamaño_paquete","cantidad_paquetes","peso_neto_paquete","caja_tipo_id","id_sencillo","caja_grosor_mm","caja_interior_largo","caja_interior_ancho","caja_interior_alto","caja_exterior_largo","caja_exterior_ancho","caja_exterior_alto","pallet_alto","pallet_ancho","pallet_largo","cantidad_cajas_alto","cantidad_cajas_largo","cantidad_cajas_ancho","cantidad_cajas_total","utilizacion","volumen_interior_caja_mm3","volumen_exterior_caja_mm3","volumen_pallet_mm3","perimetro_caja_m","headspace_max_pct","ect_n_m","carga_max_kg","volumen_producto_canal_servicios_comida","volumen_producto_canal_minorista","volumen_producto_canal_cadenas_corporativas","volumen_producto_canal_otros","volumen_producto_total","volumen_producto_planta_buenos_aires","volumen_producto_planta_curitiba","volumen_producto_planta_santiago","volumen_producto_planta_monterrey","volumen_producto_planta_bakersfield","cantidad_pallets_planta_buenos_aires","cantidad_pallets_planta_curitiba","cantidad_pallets_planta_santiago","cantidad_pallets_planta_monterrey","cantidad_pallets_planta_bakersfield","cantidad_pallets_total","costo_total_planta_buenos_aires","costo_total_planta_curitiba","costo_total_planta_santiago","costo_total_planta_monterrey","costo_total_planta_bakersfield","costo_pallets_planta_buenos_aires","costo_pallets_planta_curitiba","costo_pallets_planta_santiago","costo_pallets_planta_monterrey","costo_pallets_planta_bakersfield","costo_pallets_total","costo_total","capas_apiladas","peso_capas_superiores_kg","cumple_resistencia","utilizacion_cajas"
"BR0001","5 bolsas de 2,5 kg | Bastones rectos de brocoli 6x6 mm | Ref HQ3","Bastones rectos de brocoli","Estacional","Bastones clasicos - Reserva Privada","Bastones clasicos","Fino",12.5,"5 X 2,5 KG",5,2.5,"a23eeef1c0cd8cfd40b780d65382034a",122,4.1,386,286,303,394.2,294.2,311.2,1800,800,1200,5,2,4,40,0.83543974,33449988,36090996.768,1728000000,1.3768,0.08,1200,168.415902140673,1537892,0,0,8721,1546613,0,1431746,26583,88284,0,0,35794,665,2208,0,38667,0,651444.43,17278.95,51646.14,0,0,5369100,99750,331200,0,5800050,720369.52,5,50,TRUE,0.0462365786199983
"BR0002","Espirales de brocoli - clasico - Caja de 13 packs de 0,75 kg | Ref QTH","Espirales de brocoli","Forma estable","Bastones clasicos - Sigilo","Bastones clasicos","Forma",9.75,"13 X 0,75 KG",13,0.75,"3256a5fed07b421a92abee44a3d93243",34,2.7,395,296,260,400,301.4,265.4,1800,800,1200,6,2,3,36,0.666596333333333,30399200,31996624,1728000000,1.4028,0.06,730,104.387767584098,0,139211,0,0,139211,0,139211,0,0,0,0,3867,0,0,0,3867,0,66821.28,0,0,0,0,580050,0,0,0,580050,66821.28,6,48.75,TRUE,0.00457942972183478
"BR0003","Gajos de brocoli - sazonado - Caja de 13 packs de 0,75 kg | Ref SOZ","Gajos de brocoli","Forma estable","Bastones clasicos - Sigilo","Bastones clasicos","Forma",9.75,"13 X 0,75 KG",13,0.75,"4f08f853cf7f9be28571df66a50bc322",60,4.1,388,288,164,396.2,296.2,172.2,1800,800,1200,10,2,4,80,0.935575674444444,18326016,20208434.568,1728000000,1.3848,0.08,1200,169.394495412844,0,172506,0,0,172506,0,0,0,0,172506,0,0,0,0,2157,2157,0,0,0,0,89703.12,0,0,0,0,323550,323550,89703.12,10,87.75,TRUE,0.00941317523677814
"BR0004","Bastones rectos de brocoli - crocante - Caja de 9 packs de 1,25 kg","Bastones rectos de brocoli","Estacional","Bastones clasicos - Sigilo","Bastones clasicos","Grueso",11.25,"9 X 1,25 KG",9,1.25,"c96df5913565ba35f3e02e744c9a6dde",160,2.7,395,296,224,400,301.4,229.4,1800,800,1200,7,2,3,42,0.672205722222222,26190080,27656464,1728000000,1.4028,0.06,730,104.387767584098,0,271715,0,0,271715,0,0,0,0,271715,0,0,0,0,6470,6470,0,0,0,0,130423.2,0,0,0,0,970500,970500,130423.2,7,67.5,TRUE,0.0103747296686379
"BR0005","13 bolsas de 0,75 kg | Espirales de brocoli sin gluten","Espirales de brocoli","Forma estable","Bastones clasicos - Sigilo","Bastones clasicos","Forma",9.75,"13 X 0,75 KG",13,0.75,"eb4895380ccaa410da0fefb6f12b197b",190,4.1,386,286,253,394.2,294.2,261.2,1800,800,1200,6,2,4,48,0.841453188,27930188,30292314.768,1728000000,1.3768,0.08,1200,168.415902140673,0,7586,0,0,7586,0,7586,0,0,0,0,159,0,0,0,159,0,3944.72,0,0,0,0,23850,0,0,0,23850,3944.72,6,48.75,TRUE,0.000271605762195371
"BR0006","Brocoli en rejilla - picante - Caja de 5 packs de 2,5 kg","Brocoli en rejilla","Forma estable","Bastones clasicos - Sigilo","Bastones clasicos","Forma",12.5,"5 X 2,5 KG",5,2.5,"6d3c3bcdfc4034e3424078243e7668a1",90,4.1,386,286,286,394.2,294.2,294.2,1800,800,1200,6,2,4,48,0.947762358,31573256,34119444.888,1728000000,1.3768,0.08,1200,168.415902140673,0,6901,0,0,6901,0,6901,0,0,0,0,144,0,0,0,144,0,4934.215,0,0,0,0,21600,0,0,0,21600,4934.215,6,62.5,TRUE,0.00021857105900006
"BR0007","13 bolsas de 0,75 kg | Brocoli en rejilla","Brocoli en rejilla","Forma estable","Bastones clasicos - Sigilo","Bastones clasicos","Forma",9.75,"13 X 0,75 KG",13,0.75,"02cf77de65b70dd77905e2e33d78478f",1,2.7,395,296,291,400,301.4,296.4,1800,800,1200,6,2,3,36,0.744458,34023720,35733984,1728000000,1.4028,0.06,730,104.387767584098,0,46847,0,0,46847,0,46847,0,0,0,0,1302,0,0,0,1302,0,25297.38,0,0,0,0,195300,0,0,0,195300,25297.38,6,48.75,TRUE,0.0013768923562738
"BR0008","11 bolsas de 1 kg | Bastones rectos de brocoli 9x9 mm | Ref YDL","Bastones rectos de brocoli","Estacional","Bastones clasicos - Legumes Frites","Bastones clasicos","Medio",11,"11 X 1 KG",11,1,"9a88ed4806deaa5c9b3abac82886d23a",112,4.1,386,286,184,394.2,294.2,192.2,1800,800,1200,9,2,4,72,0.928755567,20312864,22290133.608,1728000000,1.3768,0.08,1200,168.415902140673,14639,0,0,0,14639,14639,0,0,0,0,204,0,0,0,0,204,8563.815,0,0,0,0,30600,0,0,0,0,30600,8563.815,9,88,TRUE,0.000720676316249644
"BR0009","BonsaiGreen Bastones rectos de brocoli 9x9 mm 5 x 2,5 kg | Ref K4O","Bastones rectos de brocoli","Estacional","Bastones clasicos - Legumes Frites","Bastones clasicos","Medio",12.5,"5 X 2,5 KG",5,2.5,"55b52b97c05b19dbbbefa191622fe36a",66,4.1,386,286,179,394.2,294.2,187.2,1800,800,1200,9,2,4,72,0.904594392,19760884,21710265.408,1728000000,1.3768,0.08,1200,168.415902140673,18019,0,0,0,18019,2814,6406,4193,2112,2494,40,89,59,30,35,253,1280.37,2914.73,2997.995,1098.24,1783.21,6000,13350,8850,4500,5250,37950,10074.545,9,100,TRUE,0.000911851919175276
"BR0010","BonsaiGreen Gajos de brocoli sazonado 13 x 0,75 kg","Gajos de brocoli","Forma estable","Bastones clasicos - Sigilo","Bastones clasicos","Forma",9.75,"13 X 0,75 KG",13,0.75,"116dda17a7b7fb82c62f462ef4a94218",6,4.1,386,286,164,394.2,294.2,172.2,1800,800,1200,10,2,4,80,0.92456763,18104944,19970660.808,1728000000,1.3768,0.08,1200,168.415902140673,24339,0,0,0,24339,0,24339,0,0,0,0,305,0,0,0,305,0,11074.245,0,0,0,0,45750,0,0,0,45750,11074.245,10,87.75,TRUE,0.00134432893026347
"BR0011","Brocoli en rejilla - sazonado - Caja de 13 packs de 0,75 kg","Brocoli en rejilla","Forma estable","Bastones clasicos - Sigilo","Bastones clasicos","Forma",9.75,"13 X 0,75 KG",13,0.75,"9d44d480026dfab07731a73d1d0c6539",115,4.1,388,288,283,396.2,296.2,291.2,1800,800,1200,6,2,4,48,0.949267025777778,31623552,34173612.928,1728000000,1.3848,0.08,1200,169.394495412844,13433,0,0,0,13433,0,0,13433,0,0,0,0,280,0,0,280,0,0,9604.595,0,0,0,0,42000,0,0,42000,9604.595,6,48.75,TRUE,0.000424778342420232
"BR0012","Bastones rectos de brocoli - clasico - Caja de 9 packs de 1,25 kg","Bastones rectos de brocoli","Estacional","Bastones clasicos - Sigilo","Bastones clasicos","Grueso",11.25,"9 X 1,25 KG",9,1.25,"ad99ed562d5d808977b10fa512bfde8b",138,4.1,386,286,214,394.2,294.2,222.2,1800,800,1200,8,2,4,64,0.954420104,23624744,25769342.808,1728000000,1.3768,0.08,1200,168.415902140673,1,281874,0,0,281875,0,0,0,0,281875,0,0,0,0,4405,4405,0,0,0,0,146575,0,0,0,0,660750,660750,146575,8,78.75,TRUE,0.011931346219032
"BR0013","13 bolsas de 0,5 kg | Brocoli en rejilla | Ref 9WZ","Brocoli en rejilla","Forma estable","Bastones clasicos - Sigilo","Bastones clasicos","Forma",6.5,"13 X 0,5 KG",13,0.5,"c96df5913565ba35f3e02e744c9a6dde",160,2.7,395,296,224,400,301.4,229.4,1800,800,1200,7,2,3,42,0.672205722222222,26190080,27656464,1728000000,1.4028,0.06,730,104.387767584098,1,153251,0,0,153252,0,153252,0,0,0,0,3649,0,0,0,3649,0,73560.96,0,0,0,0,547350,0,0,0,547350,73560.96,7,39,TRUE,0.00585152851766776
"BR0014","Brocoli zigzag - clasico - Caja de 13 packs de 0,75 kg | Ref LE4","Brocoli zigzag","Forma estable","Bastones clasicos - Sigilo","Bastones clasicos","Forma",9.75,"13 X 0,75 KG",13,0.75,"6bd5fa9e984e7243519003fc969aa30d",87,4.1,386,286,244,394.2,294.2,252.2,1800,800,1200,7,2,4,56,0.947869741,26936624,29248552.008,1728000000,1.3768,0.08,1200,168.415902140673,1,56318,0,0,56319,0,0,0,0,56319,0,0,0,0,1006,1006,0,0,0,0,29285.88,0,0,0,0,150900,150900,29285.88,7,58.5,TRUE,0.00209079653040411
"BR0015","Brocoli zigzag - con sal - Caja de 13 packs de 0,75 kg","Brocoli zigzag","Forma estable","Bastones clasicos - Sigilo","Bastones clasicos","Forma",9.75,"13 X 0,75 KG",13,0.75,"6bd5fa9e984e7243519003fc969aa30d",87,4.1,386,286,244,394.2,294.2,252.2,1800,800,1200,7,2,4,56,0.947869741,26936624,29248552.008,1728000000,1.3768,0.08,1200,168.415902140673,0,30861,0,50,30911,0,0,0,0,30911,0,0,0,0,552,552,0,0,0,0,16073.72,0,0,0,0,82800,82800,16073.72,7,58.5,TRUE,0.00114754543850781
"BR0016","13 bolsas de 0,75 kg | Brocoli zigzag picante | Ref 1Y1","Brocoli zigzag","Forma estable","Bastones clasicos - Sigilo","Bastones clasicos","Forma",9.75,"13 X 0,75 KG",13,0.75,"6bd5fa9e984e7243519003fc969aa30d",87,4.1,386,286,244,394.2,294.2,252.2,1800,800,1200,7,2,4,56,0.947869741,26936624,29248552.008,1728000000,1.3768,0.08,1200,168.415902140673,0,30466,0,0,30466,0,0,0,0,30466,0,0,0,0,545,545,0,0,0,0,15842.32,0,0,0,0,81750,81750,15842.32,7,58.5,TRUE,0.00113102517969587
"BR0017","Tiras para dip de brocoli - con sal - Caja de 13 packs de 0,75 kg","Tiras para dip de brocoli","Forma estable","Bastones clasicos - Sigilo","Bastones clasicos","Forma",9.75,"13 X 0,75 KG",13,0.75,"c96df5913565ba35f3e02e744c9a6dde",160,2.7,395,296,224,400,301.4,229.4,1800,800,1200,7,2,3,42,0.672205722222222,26190080,27656464,1728000000,1.4028,0.06,730,104.387767584098,1,131798,0,0,131799,0,131799,0,0,0,0,3139,0,0,0,3139,0,63263.52,0,0,0,0,470850,0,0,0,470850,63263.52,7,58.5,TRUE,0.00503240158105664
"BR0018","Bastones rectos de brocoli - clasico - Caja de 13 packs de 1 kg | Ref 8QS","Bastones rectos de brocoli","Estacional","Bastones clasicos - Sigilo","Bastones clasicos","Grueso",13,"13 X 1 KG",13,1,"2060590a59a5c59ff1bb32dbffe1028b",23,4.1,386,286,288,394.2,294.2,296.2,1800,800,1200,6,2,4,48,0.954205338,31794048,34351392.168,1728000000,1.3768,0.08,1200,168.415902140673,1,181570,0,0,181571,0,0,0,0,181571,0,0,0,0,3783,3783,0,0,0,0,94416.92,0,0,0,0,567450,567450,94416.92,6,65,TRUE,0.0057108487727011
"BR0019","Espirales de brocoli - clasico - Caja de 13 packs de 0,5 kg | Ref G0M","Espirales de brocoli","Forma estable","Bastones clasicos - Sigilo","Bastones clasicos","Forma",6.5,"13x0,5 kg",13,0.5,"af25ed4a56d3b3317fc10fd23b427cc4",140,2.7,393,255,260,398.4,260.4,265.4,1800,800,1200,6,2,4,48,0.764819104,26055900,27533487.744,1728000000,1.3176,0.06,730,98.0477064220183,0,1447,0,0,1447,0,1447,0,0,0,0,31,0,0,0,31,0,955.02,0,0,0,0,4650,0,0,0,4650,955.02,6,32.5,TRUE,5.55344470925971e-05
"BR0020","Bastones rectos de brocoli 9x9 mm - clasico - Caja de 5 packs de 2,5 kg | Ref MI1","Bastones rectos de brocoli","Estacional","Bastones clasicos - Legumes Frites","Bastones clasicos","Medio",12.5,"5 X 2,5 KG",5,2.5,"a130566667d4be7bb38053adaefea0af",119,2.7,393,255,204,398.4,260.4,209.4,1800,800,1200,8,2,4,64,0.804587392,20443860,21723859.584,1728000000,1.3176,0.06,730,98.0477064220183,91699,0,0,0,91699,70380,0,0,21319,0,1100,0,0,334,0,1434,38005.2,0,0,8953.98,0,165000,0,0,50100,0,215100,46959.18,8,87.5,TRUE,0.00448540539800214
"BR0021","5 bolsas de 2,5 kg | Bastones rectos de brocoli | Ref J9N","Bastones rectos de brocoli","Estacional","Bastones clasicos - Legumes Frites","Bastones clasicos","Corte steak",12.5,"5 X 2,5 KG",5,2.5,"1a3ffa8018de4637afcdd1e390e2602a",14,4.1,383,248,199,391.2,256.2,207.2,1800,800,1200,8,2,4,64,0.769137450666667,18901816,20766711.168,1728000000,1.2948,0.08,1200,158.385321100917,40184,0,0,0,40184,40184,0,0,0,0,628,0,0,0,0,628,20895.68,0,0,0,0,94200,0,0,0,0,94200,20895.68,8,87.5,TRUE,0.00212593329656791
"BR0022","BonsaiGreen Bastones rectos de brocoli 7x7 mm 5 x 2,5 kg","Bastones rectos de brocoli","Estacional","Bastones clasicos - Legumes Frites","Bastones clasicos","Fino",12.5,"5 X 2,5 KG",5,2.5,"9dbb448086386afae3321dda0441c688",116,2.7,393,255,230,398.4,260.4,235.4,1800,800,1200,7,2,4,56,0.791427354666667,23049450,24421186.944,1728000000,1.3176,0.06,730,98.0477064220183,14747,0,0,0,14747,14747,0,0,0,0,264,0,0,0,0,264,8848.2,0,0,0,0,39600,0,0,0,0,39600,8848.2,7,75,TRUE,0.000639798346598292
"BR0023","5 bolsas de 2,5 kg | Cubos de brocoli","Cubos de brocoli","Forma estable","Guarniciones - Cubos","Guarniciones","Forma",12.5,"5 X 2,5 KG",5,2.5,"8f61ca662a88d3f0432d0d6a0cfbf2ee",107,4.1,383,248,179,391.2,256.2,187.2,1800,800,1200,9,2,4,72,0.781758432,17002136,18762202.368,1728000000,1.2948,0.08,1200,158.385321100917,13807,0,0,0,13807,0,13807,0,0,0,0,192,0,0,0,192,0,8077.095,0,0,0,0,28800,0,0,0,28800,8077.095,9,100,TRUE,0.000812074435823828
"BR0024","Bastones rectos de brocoli 9x9 mm - clasico - Caja de 5 packs de 2,5 kg | Ref T5P","Bastones rectos de brocoli","Estacional","Bastones clasicos - Sigilo","Bastones clasicos","Medio",12.5,"5 X 2,5 KG",5,2.5,"fa8da38322149b23e14a120e71d38975",200,2.7,393,255,235,398.4,260.4,240.4,1800,800,1200,7,2,4,56,0.808237621333333,23550525,24939903.744,1728000000,1.3176,0.06,730,98.0477064220183,3004,0,0,0,3004,0,0,3004,0,0,0,0,54,0,0,54,0,0,1261.68,0,0,0,0,8100,0,0,8100,1261.68,7,75,TRUE,0.000127555542816986
"BR0025","BonsaiGreen Bastones rectos de brocoli 9x9 mm 5 x 2,5 kg | Ref KX3","Bastones rectos de brocoli","Estacional","Bastones clasicos - Mayordomo","Bastones clasicos","Medio",12.5,"5 X 2,5 KG",5,2.5,"55b52b97c05b19dbbbefa191622fe36a",66,4.1,386,286,179,394.2,294.2,187.2,1800,800,1200,9,2,4,72,0.904594392,19760884,21710265.408,1728000000,1.3768,0.08,1200,168.415902140673,59324,78002,1926,639,139891,44072,0,0,95819,0,613,0,0,1331,0,1944,20052.76,0,0,49825.88,0,91950,0,0,199650,0,291600,69878.64,9,100,TRUE,0.00707918734809637
"BR0026","BonsaiGreen Bastones rectos de brocoli 9x9 mm 5 x 2,5 kg | Ref 85V","Bastones rectos de brocoli","Estacional","Bastones clasicos - Mayordomo","Bastones clasicos","Medio",12.5,"5 X 2.5 KG",2.5,2.5,"79637c70988d89fe3abe191b59c1ed0c",99,4.1,388,288,219,396.2,296.2,227.2,1800,800,1200,7,2,4,56,0.864076395259259,24471936,26662928.768,1728000000,1.3848,0.08,1200,169.394495412844,109226,0,0,0,109226,68302,0,0,40924,0,1220,0,0,731,0,1951,35517.04,0,0,26600.6,0,183000,0,0,109650,0,292650,62117.64,7,75,TRUE,0.00446331667425086
"BR0027","BonsaiGreen Bastones rectos de brocoli 11x11 mm 5 x 2,5 kg | Ref WKQ","Bastones rectos de brocoli","Estacional","Bastones clasicos - Mayordomo","Bastones clasicos","Medio",12.5,"5 X 2,5 KG",5,2.5,"ad02b3d41b4467a5a65a742951a80e72",135,4.1,386,286,171,394.2,294.2,179.2,1800,800,1200,10,2,4,80,0.96215168,18877716,20782476.288,1728000000,1.3768,0.08,1200,168.415902140673,82289,0,0,0,82289,82289,0,0,0,0,1029,0,0,0,0,1029,42790.28,0,0,0,0,154350,0,0,0,0,154350,42790.28,10,112.5,TRUE,0.00435905487718959
"BR0028","5 bolsas de 2,5 kg | Bastones rectos de brocoli 11x11 mm | Ref VER","Bastones rectos de brocoli","Estacional","Bastones clasicos - Mayordomo","Bastones clasicos","Medio",12.5,"5 X 2.5 KG",2.5,2.5,"4910b652fb2cf1c609d243a1e78d1919",53,4.1,386,286,217,394.2,294.2,225.2,1800,800,1200,7,2,4,56,0.846392806,23955932,26117263.728,1728000000,1.3768,0.08,1200,168.415902140673,3136,0,0,0,3136,3136,0,0,0,0,56,0,0,0,0,56,2242.24,0,0,0,0,8400,0,0,0,0,8400,2242.24,7,75,TRUE,0.00013090703379856
"BR0029","Bastones rectos de brocoli 13x13 mm - clasico - Caja de 5 packs de 2,5 kg | Ref H50","Bastones rectos de brocoli","Estacional","Bastones clasicos - Mayordomo","Bastones clasicos","Grueso",12.5,"5 X 2,5 KG",5,2.5,"ad02b3d41b4467a5a65a742951a80e72",135,4.1,386,286,171,394.2,294.2,179.2,1800,800,1200,10,2,4,80,0.96215168,18877716,20782476.288,1728000000,1.3768,0.08,1200,168.415902140673,86631,0,0,0,86631,86631,0,0,0,0,1083,0,0,0,0,1083,45048.12,0,0,0,0,162450,0,0,0,0,162450,45048.12,10,112.5,TRUE,0.00458906151570455
"BR0030","Gajos de brocoli - sazonado, con cabo - Caja de 5 packs de 2,5 kg","Gajos de brocoli","Forma estable","Bastones clasicos - Mayordomo","Bastones clasicos","Forma",12.5,"5 X 2,5 KG",5,2.5,"6317bf81cd9d3fe0f209963e7fd234f7",80,4.8,380,282,172,389.6,291.6,181.6,1800,800,1200,9,2,4,72,0.859629024,18431520,20631096.576,1728000000,1.3624,0.1,1550,215.261977573904,0,22233,0,6900,29133,0,29133,0,0,0,0,405,0,0,0,405,0,20393.1,0,0,0,0,60750,0,0,0,60750,20393.1,9,100,TRUE,0.00158060756790541
"BR0031","5 bolsas de 2,5 kg | Bastones rectos de brocoli 11x11 mm | Ref 54T","Bastones rectos de brocoli","Estacional","Bastones clasicos - Mayordomo","Bastones clasicos","Medio",12.5,"5 X 2,5 KG",5,2.5,"cb9988b0557e22e3abc2bbe0a56967d0",163,4.1,386,286,169,394.2,294.2,177.2,1800,800,1200,10,2,4,80,0.95141338,18656924,20550529.008,1728000000,1.3768,0.08,1200,168.415902140673,13965,0,0,0,13965,13965,0,0,0,0,175,0,0,0,0,175,9984.975,0,0,0,0,26250,0,0,0,0,26250,9984.975,10,112.5,TRUE,0.00074851567171523
"BR0032","BonsaiGreen Bastones rectos de brocoli 13x13 mm 5 x 2,5 kg","Bastones rectos de brocoli","Estacional","Bastones clasicos - Mayordomo","Bastones clasicos","Grueso",12.5,"5 x 2,5 kg",5,2.5,"bfcb33e665554321d0a93ce891eadb54",155,4.1,386,286,159,394.2,294.2,167.2,1800,800,1200,10,2,4,80,0.89772188,17552964,19390792.608,1728000000,1.3768,0.08,1200,168.415902140673,14194,0,0,0,14194,14194,0,0,0,0,178,0,0,0,0,178,10148.71,0,0,0,0,26700,0,0,0,0,26700,10148.71,10,112.5,TRUE,0.000808638358741008
"BR0033","11 bolsas de 1 kg | Bastones rectos de brocoli 9x9 mm | Ref LUJ","Bastones rectos de brocoli","Estacional","Bastones clasicos - Mayordomo","Bastones clasicos","Medio",11,"11 X1,0 KG",11,1,"a12aea41ad9864b83129274495d5d5b2",118,4.1,388,288,184,396.2,296.2,192.2,1800,800,1200,9,2,4,72,0.939813473666667,20560896,22555523.368,1728000000,1.3848,0.08,1200,169.394495412844,41585,23378,0,0,64963,64963,0,0,0,0,903,0,0,0,0,903,38003.355,0,0,0,0,135450,0,0,0,0,135450,38003.355,9,88,TRUE,0.00315954129625479
"BR0034","13 bolsas de 0,75 kg | Gajos de brocoli | Ref 5WO","Gajos de brocoli","Forma estable","Bastones clasicos - Reserva Privada","Bastones clasicos","Forma",9.75,"13 X 0,75 KG",13,0.75,"d3d0a6587d8f983d383e032e2b9acacc",173,4.8,379,246,182,388.6,255.6,191.6,1800,800,1200,9,2,4,72,0.792953844,16968588,19030892.256,1728000000,1.2884,0.1,1550,203.569826707441,0,730326,0,0,730326,0,617364,112962,0,0,0,8575,1569,0,0,10144,0,302508.36,63258.72,0,0,0,1286250,235350,0,0,1521600,365767.08,9,78,TRUE,0.0430398805133344
"BR0035","5 bolsas de 2,5 kg | Bastones rectos de brocoli 9x18 mm | Ref 9WE","Bastones rectos de brocoli","Estacional","Bastones clasicos - Mayordomo","Bastones clasicos","Corte steak",12.5,"5 X 2,5 KG",5,2.5,"162c41fa859810e889efa37f867819bb",12,2.7,395,296,214,400,301.4,219.4,1800,800,1200,8,2,3,48,0.734746222222222,25020880,26450864,1728000000,1.4028,0.06,730,104.387767584098,15862,0,0,0,15862,15862,0,0,0,0,331,0,0,0,0,331,9517.2,0,0,0,0,49650,0,0,0,0,49650,9517.2,8,87.5,TRUE,0.000633950524521919
"BR0036","BonsaiGreen Bastones rectos de brocoli 9x9 mm 5 x 2,5 kg | Ref X7N","Bastones rectos de brocoli","Estacional","Bastones clasicos - Legumes Frites","Bastones clasicos","Medio",12.5,"5X 2,5 KG",5,2.5,"ceda63d824383fb94ca5e9bd08701d70",168,4.8,384,286,163,393.6,295.6,172.6,1800,800,1200,10,2,4,80,0.929707982222222,17901312,20081692.416,1728000000,1.3784,0.1,1550,217.79001019368,27685,0,0,0,27685,11088,0,0,16597,0,139,0,0,208,0,347,8537.76,0,0,12779.69,0,20850,0,0,31200,0,52050,21317.45,10,112.5,TRUE,0.00154653468974788
"BR0037","Bastones rectos de brocoli 9x9 mm - sazonado - Caja de 5 packs de 2,5 kg","Bastones rectos de brocoli","Estacional","Bastones clasicos - Sigilo","Bastones clasicos","Medio",12.5,"5 x 2,5 kg",5,2.5,"37070e9f43f02e356af14131f16a3112",40,2.7,393,255,245,398.4,260.4,250.4,1800,800,1200,7,2,4,56,0.841858154666667,24552675,25977337.344,1728000000,1.3176,0.06,730,98.0477064220183,3201,0,62939,0,66140,0,0,66140,0,0,0,0,1182,0,0,1182,0,0,35715.6,0,0,0,0,177300,0,0,177300,35715.6,7,75,TRUE,0.00269380016637698
"BR0038","BonsaiGreen Tiras para dip de brocoli 6x21 mm 5 x 2,5 kg","Tiras para dip de brocoli","Forma estable","Bastones clasicos - Sigilo","Bastones clasicos","Forma",12.5,"5 X 2,5 KG",5,2.5,"fa8da38322149b23e14a120e71d38975",200,2.7,393,255,235,398.4,260.4,240.4,1800,800,1200,7,2,4,56,0.808237621333333,23550525,24939903.744,1728000000,1.3176,0.06,730,98.0477064220183,31584,0,0,0,31584,0,31584,0,0,0,0,564,0,0,0,564,0,13265.28,0,0,0,0,84600,0,0,0,84600,13265.28,7,75,TRUE,0.00134111659931148
"BR0039","Tiras para dip de brocoli - clasico - Caja de 5 packs de 2,5 kg","Tiras para dip de brocoli","Forma estable","Bastones clasicos - Sigilo","Bastones clasicos","Forma",12.5,"5 X 2,5 KG",5,2.5,"37070e9f43f02e356af14131f16a3112",40,2.7,393,255,245,398.4,260.4,250.4,1800,800,1200,7,2,4,56,0.841858154666667,24552675,25977337.344,1728000000,1.3176,0.06,730,98.0477064220183,23517,0,6,0,23523,0,23523,0,0,0,0,421,0,0,0,421,0,9879.66,0,0,0,0,63150,0,0,0,63150,9879.66,7,75,TRUE,0.000958062614358721
"BR0040","BonsaiGreen Tiras para dip de brocoli sin gluten 5 x 2,5 kg","Tiras para dip de brocoli","Forma estable","Bastones clasicos - Sigilo","Bastones clasicos","Forma",12.5,"5 X 2,5 KG",5,2.5,"fa8da38322149b23e14a120e71d38975",200,2.7,393,255,235,398.4,260.4,240.4,1800,800,1200,7,2,4,56,0.808237621333333,23550525,24939903.744,1728000000,1.3176,0.06,730,98.0477064220183,0,0,12725,0,12725,0,12725,0,0,0,0,228,0,0,0,228,0,5344.5,0,0,0,0,34200,0,0,0,34200,5344.5,7,75,TRUE,0.000540327657239064
"BR0041","5 bolsas de 2,5 kg | Tiras para dip de brocoli sin gluten","Tiras para dip de brocoli","Forma estable","Bastones clasicos - Sigilo","Bastones clasicos","Forma",12.5,"5 X 2,5 KG",5,2.5,"fa8da38322149b23e14a120e71d38975",200,2.7,393,255,235,398.4,260.4,240.4,1800,800,1200,7,2,4,56,0.808237621333333,23550525,24939903.744,1728000000,1.3176,0.06,730,98.0477064220183,0,0,43428,0,43428,0,43428,0,0,0,0,776,0,0,0,776,0,18239.76,0,0,0,0,116400,0,0,0,116400,18239.76,7,75,TRUE,0.00184403532405329
"BR0042","Gajos de brocoli - clasico - Caja de 5 packs de 2,5 kg | Ref 84F","Gajos de brocoli","Forma estable","Bastones clasicos - Reserva Privada","Bastones clasicos","Forma",12.5,"5 X 2,5 KG",5,2.5,"83d3c7c10fbc6fe2e476fd8c600855e2",102,2.7,393,255,194,398.4,260.4,199.4,1800,800,1200,9,2,4,72,0.861934416,19441710,20686425.984,1728000000,1.3176,0.06,730,98.0477064220183,31809,0,0,0,31809,0,31809,0,0,0,0,442,0,0,0,442,0,13359.78,0,0,0,0,66300,0,0,0,66300,13359.78,9,100,FALSE,0.00163612151400263
"BR0043","2 bolsas de 2,5 kg | Tortitas de brocoli","Tortitas de brocoli","Forma estable","Guarniciones - Legumes Croquetas","Guarniciones","Forma",5,"2 X 2,5 KG",2,2.5,"25b51ca97d24c6dd7fdc2fd6f9551dac",29,4.6,380,252,144,389.2,261.2,153.2,1800,800,1200,11,2,4,88,0.793128769481481,13789440,15574164.928,1728000000,1.3008,0.1,1450,192.269113149847,11771,0,0,0,11771,11771,0,0,0,0,134,0,0,0,0,134,8239.7,0,0,0,0,20100,0,0,0,0,20100,8239.7,11,50,TRUE,0.000853624222593521
"BR0044","Tortitas de brocoli - clasico - Caja de 2 packs de 2,5 kg","Tortitas de brocoli","Forma estable","Guarniciones - Legumes Croquetas","Guarniciones","Forma",5,"2 X 2,5 KG",2,2.5,"25b51ca97d24c6dd7fdc2fd6f9551dac",29,4.6,380,252,144,389.2,261.2,153.2,1800,800,1200,11,2,4,88,0.793128769481481,13789440,15574164.928,1728000000,1.3008,0.1,1450,192.269113149847,2256,0,0,0,2256,2256,0,0,0,0,26,0,0,0,0,26,1579.2,0,0,0,0,3900,0,0,0,0,3900,1579.2,11,50,TRUE,0.000163603453077137
"BR0045","BonsaiVegetales Rosti de brocoli 2 x 2,5 kg","Rosti de brocoli","Forma estable","Guarniciones - Legumes Croquetas","Guarniciones","Forma",5,"2 X 2,5 KG",2,2.5,"f201c0669374a768669461ddff1643e4",197,4.6,375,182,152,384.2,191.2,161.2,1800,800,1200,11,2,6,132,0.904566456444444,10374000,11841597.248,1728000000,1.1508,0.1,1450,170.097859327217,13225,0,0,0,13225,13225,0,0,0,0,101,0,0,0,0,101,9257.5,0,0,0,0,15150,0,0,0,0,15150,9257.5,11,50,TRUE,0.00127482166955851
"BR0046","BonsaiVegetales Rosti de brocoli 2 x 2,5 kg","Rosti de brocoli","Forma estable","Guarniciones - Legumes Croquetas","Guarniciones","Forma",5,"2 X 2,5 KG",2,2.5,"25b51ca97d24c6dd7fdc2fd6f9551dac",29,4.6,380,252,144,389.2,261.2,153.2,1800,800,1200,11,2,4,88,0.793128769481481,13789440,15574164.928,1728000000,1.3008,0.1,1450,192.269113149847,8665,0,0,0,8665,8665,0,0,0,0,99,0,0,0,0,99,6065.5,0,0,0,0,14850,0,0,0,0,14850,6065.5,11,50,TRUE,0.000628379397567994
"BR0047","Rosti de brocoli - clasico - Caja de 2 packs de 2,5 kg","Rosti de brocoli","Forma estable","Guarniciones - Legumes Croquetas","Guarniciones","Forma",5,"2 X 2,5 KG",2,2.5,"25b51ca97d24c6dd7fdc2fd6f9551dac",29,4.6,380,252,144,389.2,261.2,153.2,1800,800,1200,11,2,4,88,0.793128769481481,13789440,15574164.928,1728000000,1.3008,0.1,1450,192.269113149847,2166,0,0,0,2166,2166,0,0,0,0,25,0,0,0,0,25,1516.2,0,0,0,0,3750,0,0,0,0,3750,1516.2,11,50,TRUE,0.00015707671957672
"BR0048","11 bolsas de 1 kg | Bastones rectos de brocoli 9x9 mm | Ref MIX","Bastones rectos de brocoli","Estacional","Bastones clasicos - Legumes Frites","Bastones clasicos","Medio",11,"11 X 1 KG",11,1,"a7d151b83674a2f9c36356597a93821c",128,4.6,380,252,235,389.2,261.2,244.2,1800,800,1200,7,2,4,56,0.804518347111111,22503600,24825137.568,1728000000,1.3008,0.1,1450,192.269113149847,133,28,59,2,222,35,79,51,26,31,1,2,1,1,1,6,19.6,60.83,39.27,20.02,23.87,150,300,150,150,150,900,163.59,7,66,TRUE,9.86508825254626e-06
"BR0049","13 bolsas de 1 kg | Bastones rectos de brocoli 9x9 mm","Bastones rectos de brocoli","Estacional","Bastones clasicos - Legumes Frites","Bastones clasicos","Medio",13,"13 X 1,0 kg",13,1,"ea6403e25e3a52198dad19251c207a47",189,4.6,380,252,245,389.2,261.2,254.2,1800,800,1200,7,2,4,56,0.83746340637037,23461200,25841727.968,1728000000,1.3008,0.1,1450,192.269113149847,4328,0,0,0,4328,4328,0,0,0,0,78,0,0,0,0,78,2726.64,0,0,0,0,11700,0,0,0,0,11700,2726.64,7,78,TRUE,0.000184474792423235
"BR0050","Rodajas de brocoli - clasico - Caja de 5 packs de 2,5 kg","Rodajas de brocoli","Forma estable","Bastones clasicos - Sigilo","Bastones clasicos","Forma",12.5,"5 X 2,5 KG",5,2.5,"8b92b5a6728066959f3f11c35d1cd62f",105,4.6,380,252,218,389.2,261.2,227.2,1800,800,1200,7,2,4,56,0.74851174637037,20875680,23096933.888,1728000000,1.3008,0.1,1450,192.269113149847,9242,0,0,0,9242,9242,0,0,0,0,166,0,0,0,0,166,7116.34,0,0,0,0,24900,0,0,0,0,24900,7116.34,7,75,TRUE,0.000442716117510903
"BR0051","BonsaiGreen Rodajas de brocoli 13 x 0,75 kg","Rodajas de brocoli","Forma estable","Bastones clasicos - Sigilo","Bastones clasicos","Forma",9.75,"13 X 0,75 KG",13,0.75,"10c5f9edbe2c87186bcdeb991fe8d902",5,4.6,380,252,228,389.2,261.2,237.2,1800,800,1200,7,2,4,56,0.78145680562963,21833280,24113524.288,1728000000,1.3008,0.1,1450,192.269113149847,135,28,60,2,225,35,80,52,27,31,1,2,1,1,1,6,22.05,61.6,40.04,20.79,23.87,150,300,150,150,150,900,168.35,7,58.5,TRUE,1.03053686848701e-05
"BR0052","5 bolsas de 2,5 kg | Brocoli zigzag 9x9 mm","Brocoli zigzag","Forma estable","Bastones clasicos - Legumes Frites","Bastones clasicos","Forma",12.5,"5 X 2,5 KG",5,2.5,"a7d151b83674a2f9c36356597a93821c",128,4.6,380,252,235,389.2,261.2,244.2,1800,800,1200,7,2,4,56,0.804518347111111,22503600,24825137.568,1728000000,1.3008,0.1,1450,192.269113149847,68844,0,0,0,68844,68844,0,0,0,0,1230,0,0,0,0,1230,38552.64,0,0,0,0,184500,0,0,0,0,184500,38552.64,7,75,TRUE,0.00305924385431664
"BR0053","Gajos de brocoli - clasico - Caja de 5 packs de 2,5 kg | Ref 5PP","Gajos de brocoli","Forma estable","Bastones clasicos - Reserva Privada","Bastones clasicos","Forma",12.5,"5 X 2,5 KG",5,2.5,"8b92b5a6728066959f3f11c35d1cd62f",105,4.6,380,252,218,389.2,261.2,227.2,1800,800,1200,7,2,4,56,0.74851174637037,20875680,23096933.888,1728000000,1.3008,0.1,1450,192.269113149847,2320,0,0,0,2320,2320,0,0,0,0,42,0,0,0,0,42,1786.4,0,0,0,0,6300,0,0,0,0,6300,1786.4,7,75,TRUE,0.000111134104374085
"BR0054","Bastones rectos de brocoli 6x6 mm - clasico - Caja de 5 packs de 2,5 kg | Ref Y5K","Bastones rectos de brocoli","Estacional","Bastones clasicos - Legumes Frites","Bastones clasicos","Fino",12.5,"5 X 2,5 KG",5,2.5,"ea6403e25e3a52198dad19251c207a47",189,4.6,380,252,245,389.2,261.2,254.2,1800,800,1200,7,2,4,56,0.83746340637037,23461200,25841727.968,1728000000,1.3008,0.1,1450,192.269113149847,42687,0,0,0,42687,42687,0,0,0,0,763,0,0,0,0,763,26892.81,0,0,0,0,114450,0,0,0,0,114450,26892.81,7,75,TRUE,0.00181947214976216
"BR0055","5 bolsas de 2,5 kg | Bastones rectos de brocoli 9x9 mm | Ref MKJ","Bastones rectos de brocoli","Estacional","Bastones clasicos - Legumes Frites","Bastones clasicos","Medio",12.5,"5 X 2,5 KG",5,2.5,"a7d151b83674a2f9c36356597a93821c",128,4.6,380,252,235,389.2,261.2,244.2,1800,800,1200,7,2,4,56,0.804518347111111,22503600,24825137.568,1728000000,1.3008,0.1,1450,192.269113149847,74368,0,0,0,74368,74368,0,0,0,0,1328,0,0,0,0,1328,41646.08,0,0,0,0,199200,0,0,0,0,199200,41646.08,7,75,TRUE,0.00330471568993405
"BR0056","BonsaiGreen Bastones rectos de brocoli 9x18 mm 5 x 2,5 kg | Ref NYY","Bastones rectos de brocoli","Estacional","Bastones clasicos - Legumes Frites","Bastones clasicos","Corte steak",12.5,"5 X 2,5 KG",5,2.5,"a7d151b83674a2f9c36356597a93821c",128,4.6,380,252,235,389.2,261.2,244.2,1800,800,1200,7,2,4,56,0.804518347111111,22503600,24825137.568,1728000000,1.3008,0.1,1450,192.269113149847,15355,0,0,0,15355,15355,0,0,0,0,275,0,0,0,0,275,8598.8,0,0,0,0,41250,0,0,0,0,41250,8598.8,7,75,TRUE,0.000682335270801116
"BR0057","BonsaiGreen Bastones rectos de brocoli 12x12 mm 5 x 2,5 kg","Bastones rectos de brocoli","Estacional","Bastones clasicos - Legumes Frites","Bastones clasicos","Medio",12.5,"5 X 2,5 KG",5,2.5,"5291917030874f6b0d887d1710a073f8",64,4.6,380,252,226,389.2,261.2,235.2,1800,800,1200,7,2,4,56,0.774867793777778,21641760,23910206.208,1728000000,1.3008,0.1,1450,192.269113149847,23499,0,0,0,23499,23499,0,0,0,0,420,0,0,0,0,420,16449.3,0,0,0,0,63000,0,0,0,0,63000,16449.3,7,75,TRUE,0.00108581741965533
"BR0058","Croquetas de brocoli - clasico - Caja de 2 packs de 2,5 kg","Croquetas de brocoli","Forma estable","Guarniciones - Legumes Croquetas","Guarniciones","Forma",5,"2 X 2,5 KG",2,2.5,"f201c0669374a768669461ddff1643e4",197,4.6,375,182,152,384.2,191.2,161.2,1800,800,1200,11,2,6,132,0.904566456444444,10374000,11841597.248,1728000000,1.1508,0.1,1450,170.097859327217,7710,0,0,0,7710,7710,0,0,0,0,59,0,0,0,0,59,5397,0,0,0,0,8850,0,0,0,0,8850,5397,11,50,TRUE,0.000743204164256796
"BR0059","BonsaiVegetales Croquetas de brocoli 5 x 2,5 kg","Croquetas de brocoli","Forma estable","Guarniciones - Legumes Croquetas","Guarniciones","Forma",12.5,"5 X 2,5 KG",5,2.5,"ea6403e25e3a52198dad19251c207a47",189,4.6,380,252,245,389.2,261.2,254.2,1800,800,1200,7,2,4,56,0.83746340637037,23461200,25841727.968,1728000000,1.3008,0.1,1450,192.269113149847,4286,0,0,0,4286,4286,0,0,0,0,77,0,0,0,0,77,2700.18,0,0,0,0,11550,0,0,0,0,11550,2700.18,7,75,TRUE,0.00018268460266312
"BR0060","Brocoli zigzag - clasico - Caja de 13 packs de 0,75 kg | Ref H3U","Brocoli zigzag","Forma estable","Bastones clasicos - Legumes Frites","Bastones clasicos","Forma",9.75,"13 X 0,75 KG",13,0.75,"10c5f9edbe2c87186bcdeb991fe8d902",5,4.6,380,252,228,389.2,261.2,237.2,1800,800,1200,7,2,4,56,0.78145680562963,21833280,24113524.288,1728000000,1.3008,0.1,1450,192.269113149847,28971,0,0,0,28971,28971,0,0,0,0,518,0,0,0,0,518,18251.73,0,0,0,0,77700,0,0,0,0,77700,18251.73,7,58.5,TRUE,0.00132691927186387
"BR0061","13 bolsas de 0,75 kg | Gajos de brocoli | Ref 2R1","Gajos de brocoli","Forma estable","Bastones clasicos - Reserva Privada","Bastones clasicos","Forma",9.75,"13 X 0,75 KG",13,0.75,"10c5f9edbe2c87186bcdeb991fe8d902",5,4.6,380,252,228,389.2,261.2,237.2,1800,800,1200,7,2,4,56,0.78145680562963,21833280,24113524.288,1728000000,1.3008,0.1,1450,192.269113149847,4504,0,0,0,4504,4504,0,0,0,0,81,0,0,0,0,81,2837.52,0,0,0,0,12150,0,0,0,0,12150,2837.52,7,58.5,TRUE,0.000206290580251799
"BR0062","13 bolsas de 0,75 kg | Bastones rectos de brocoli","Bastones rectos de brocoli","Estacional","Bastones clasicos - Legumes Frites","Bastones clasicos","Corte steak",9.75,"13 X 0,75 KG",13,0.75,"10c5f9edbe2c87186bcdeb991fe8d902",5,4.6,380,252,228,389.2,261.2,237.2,1800,800,1200,7,2,4,56,0.78145680562963,21833280,24113524.288,1728000000,1.3008,0.1,1450,192.269113149847,6025,0,0,0,6025,6025,0,0,0,0,108,0,0,0,0,108,3795.75,0,0,0,0,16200,0,0,0,0,16200,3795.75,7,58.5,TRUE,0.000275954872561521
"BR0063","13 bolsas de 0,75 kg | Bastones rectos de brocoli 6x6 mm","Bastones rectos de brocoli","Estacional","Bastones clasicos - Legumes Frites","Bastones clasicos","Fino",9.75,"13 X 0,75 KG",13,0.75,"10c5f9edbe2c87186bcdeb991fe8d902",5,4.6,380,252,228,389.2,261.2,237.2,1800,800,1200,7,2,4,56,0.78145680562963,21833280,24113524.288,1728000000,1.3008,0.1,1450,192.269113149847,11555,0,0,0,11555,11555,0,0,0,0,207,0,0,0,0,207,7279.65,0,0,0,0,31050,0,0,0,0,31050,7279.65,7,58.5,TRUE,0.000529237934016327
"BR0064","Croquetas de brocoli - clasico - Caja de 13 packs de 0,75 kg","Croquetas de brocoli","Forma estable","Guarniciones - Legumes Croquetas","Guarniciones","Forma",9.75,"13 X 0,75 KG",13,0.75,"ea6403e25e3a52198dad19251c207a47",189,4.6,380,252,245,389.2,261.2,254.2,1800,800,1200,7,2,4,56,0.83746340637037,23461200,25841727.968,1728000000,1.3008,0.1,1450,192.269113149847,14837,0,0,0,14837,14837,0,0,0,0,265,0,0,0,0,265,9347.31,0,0,0,0,39750,0,0,0,0,39750,9347.31,7,58.5,TRUE,0.000632405844543331
"BR0065","Bastones rectos de brocoli - clasico - Caja de 5 packs de 2,5 kg | Ref F75","Bastones rectos de brocoli","Estacional","Bastones clasicos - Sigilo","Bastones clasicos","Grueso",12.5,"5X 2,5 KG",5,2.5,"67894c5a8355ca9b7e57b96362fa45f1",84,4.1,388,288,169,396.2,296.2,177.2,1800,800,1200,10,2,4,80,0.962741054074074,18884736,20795206.768,1728000000,1.3848,0.08,1200,169.394495412844,96294,0,0,0,96294,0,0,0,0,96294,0,0,0,0,1204,1204,0,0,0,0,50072.88,0,0,0,0,180600,180600,50072.88,10,112.5,TRUE,0.00509903871571199
"BR0066","Cubos de brocoli - sazonado, crocante - Caja de 5 packs de 2,5 kg","Cubos de brocoli","Forma estable","Guarniciones - Cubos","Guarniciones","Forma",12.5,"5 X 2,5 KG",5,2.5,"27f597341f2223c1757e942d65f52be3",31,4.1,386,286,162,394.2,294.2,170.2,1800,800,1200,10,2,4,80,0.91382933,17884152,19738713.528,1728000000,1.3768,0.08,1200,168.415902140673,59101,0,0,0,59101,0,0,0,0,59101,0,0,0,0,739,739,0,0,0,0,34574.085,0,0,0,0,110850,110850,34574.085,10,112.5,TRUE,0.00330465766562485
"BR0067","13 bolsas de 0,5 kg | Tiras para dip de brocoli con sal","Tiras para dip de brocoli","Forma estable","Bastones clasicos - Sigilo","Bastones clasicos","Forma",6.5,"13X0,5 KG",13,0.5,"2361696c0cf9b4a8490d7098c11e6a51",27,2.7,393,255,250,398.4,260.4,255.4,1800,800,1200,7,2,4,56,0.858668421333333,25053750,26496054.144,1728000000,1.3176,0.06,730,98.0477064220183,0,17211,0,0,17211,0,17211,0,0,0,0,308,0,0,0,308,0,8261.28,0,0,0,0,46200,0,0,0,46200,8261.28,7,39,TRUE,0.000686963029486604
"BR0068","BonsaiGreen Espirales de brocoli 13 x 0,5 kg | Ref E18","Espirales de brocoli","Forma estable","Bastones clasicos - Sigilo","Bastones clasicos","Forma",6.5,"13 X 0,5 KG",13,0.5,"ad99ed562d5d808977b10fa512bfde8b",138,4.1,386,286,214,394.2,294.2,222.2,1800,800,1200,8,2,4,64,0.954420104,23624744,25769342.808,1728000000,1.3768,0.08,1200,168.415902140673,0,40139,0,0,40139,0,0,40139,0,0,0,0,628,0,0,628,0,0,26090.35,0,0,0,0,94200,0,0,94200,26090.35,8,45.5,TRUE,0.00169902370159016
"BR0069","Bastones rectos de brocoli - clasico - Caja de 5 packs de 2,5 kg | Ref 90Y","Bastones rectos de brocoli","Estacional","Bastones clasicos - Reserva Privada","Bastones clasicos","Medio",12.5,"5 X 2,5 KG",5,2.5,"d57ede415e9b30ea0e94a15552298aa3",174,2.7,393,255,214,398.4,260.4,219.4,1800,800,1200,8,2,4,64,0.843010858666667,21446010,22761293.184,1728000000,1.3176,0.06,730,98.0477064220183,50453,0,0,0,50453,0,7848,0,42605,0,0,123,0,666,0,789,0,5179.68,0,23006.7,0,0,18450,0,99900,0,118350,28186.38,8,87.5,TRUE,0.00235255882096483
"BR0070","BonsaiPremium Bastones rectos de brocoli 11x11 mm 5 x 2,5 kg","Bastones rectos de brocoli","Estacional","Bastones clasicos - Reserva Privada","Bastones clasicos","Medio",12.5,"5 X 2,5 KG",5,2.5,"a130566667d4be7bb38053adaefea0af",119,2.7,393,255,204,398.4,260.4,209.4,1800,800,1200,8,2,4,64,0.804587392,20443860,21723859.584,1728000000,1.3176,0.06,730,98.0477064220183,34374,0,0,0,34374,0,11465,0,22909,0,0,180,0,358,0,538,0,5503.2,0,9621.78,0,0,27000,0,53700,0,80700,15124.98,8,87.5,TRUE,0.00168138502220227
"BR0071","Bastones rectos de brocoli 11x11 mm - clasico - Caja de 11 packs de 1 kg","Bastones rectos de brocoli","Estacional","Bastones clasicos - Legumes Frites","Bastones clasicos","Medio",11,"11 X1,0 KG",11,1,"fc6931875b8384c7bacd18bb4699795f",201,2.7,393,255,219,398.4,260.4,224.4,1800,800,1200,8,2,4,64,0.862222592,21947085,23280009.984,1728000000,1.3176,0.06,730,98.0477064220183,0,38905,0,0,38905,38905,0,0,0,0,608,0,0,0,0,608,18674.4,0,0,0,0,91200,0,0,0,0,91200,18674.4,8,77,TRUE,0.00177267277180546
"BR0072","Bastones rectos de brocoli 11x11 mm - clasico - Caja de 11 packs de 1 kg","Bastones rectos de brocoli","Estacional","Bastones clasicos - Legumes Frites","Bastones clasicos","Medio",11,"11 X 1 KG",11,1,"fc6931875b8384c7bacd18bb4699795f",201,2.7,393,255,219,398.4,260.4,224.4,1800,800,1200,8,2,4,64,0.862222592,21947085,23280009.984,1728000000,1.3176,0.06,730,98.0477064220183,0,41795,0,0,41795,41795,0,0,0,0,654,0,0,0,0,654,20061.6,0,0,0,0,98100,0,0,0,0,98100,20061.6,8,77,TRUE,0.00190435312935636
"BR0073","BonsaiGreen Bastones rectos de brocoli 13 x 0,75 kg","Bastones rectos de brocoli","Estacional","Bastones clasicos - Sigilo","Bastones clasicos","Grueso",9.75,"13 X 0,75 KG",13,0.75,"4f08f853cf7f9be28571df66a50bc322",60,4.1,388,288,164,396.2,296.2,172.2,1800,800,1200,10,2,4,80,0.935575674444444,18326016,20208434.568,1728000000,1.3848,0.08,1200,169.394495412844,0,28834,0,0,28834,0,0,0,0,28834,0,0,0,0,361,361,0,0,0,0,14993.68,0,0,0,0,54150,54150,14993.68,10,87.75,TRUE,0.00157339161986981
"BR0074","Brocoli en rejilla - sin gluten - Caja de 13 packs de 0,5 kg","Brocoli en rejilla","Forma estable","Bastones clasicos - Sigilo","Bastones clasicos","Forma",6.5,"13 X 0,5 KG",13,0.5,"6d5c1314ab281dbdd56dc5dde84579b9",91,2.7,395,296,245,400,301.4,250.4,1800,800,1200,7,2,3,42,0.733741555555556,28645400,30188224,1728000000,1.4028,0.06,730,104.387767584098,0,26579,0,0,26579,0,26579,0,0,0,0,633,0,0,0,633,0,15947.4,0,0,0,0,94950,0,0,0,94950,15947.4,7,39,TRUE,0.000927862763305801
"BR0075","Espirales de brocoli - clasico - Caja de 13 packs de 0,75 kg | Ref QYX","Espirales de brocoli","Forma estable","Bastones clasicos - Sigilo","Bastones clasicos","Forma",9.75,"13 X 0,8 kg",13,0.75,"3256a5fed07b421a92abee44a3d93243",34,2.7,395,296,260,400,301.4,265.4,1800,800,1200,6,2,3,36,0.666596333333333,30399200,31996624,1728000000,1.4028,0.06,730,104.387767584098,0,21503,0,0,21503,0,21503,0,0,0,0,598,0,0,0,598,0,10321.44,0,0,0,0,89700,0,0,0,89700,10321.44,6,48.75,TRUE,0.000707354140898445
"BR0076","Bocados de brocoli con queso crema - picante - Caja de 5 packs de 1 kg","Bocados de brocoli con queso crema","Co-produccion","Snacks y aperitivos - Queso","Snacks y aperitivos","Forma",5,"5 X 1 KG",5,1,"1e4959b0a5703ba491bdc303578ad11c",19,2.7,393,255,168,398.4,260.4,173.4,1800,800,1200,10,2,4,80,0.83282864,16836120,17989098.624,1728000000,1.3176,0.06,730,98.0477064220183,34665,0,0,0,34665,5413,12325,8066,4063,4798,68,155,101,51,60,435,3572.58,6655.5,4839.6,2681.58,3166.68,10200,23250,15150,7650,9000,65250,20915.94,10,45,TRUE,0.00205896608007071
"BR0077","Espirales de brocoli - sazonado - Caja de 5 packs de 2,5 kg | Ref KQC","Espirales de brocoli","Forma estable","Bastones clasicos - Sigilo","Bastones clasicos","Forma",12.5,"5 X 2,5 KG",5,2.5,"eb4895380ccaa410da0fefb6f12b197b",190,4.1,386,286,253,394.2,294.2,261.2,1800,800,1200,6,2,4,48,0.841453188,27930188,30292314.768,1728000000,1.3768,0.08,1200,168.415902140673,668048,0,214076,0,882124,0,0,882124,0,0,0,0,18378,0,0,18378,0,0,401366.42,0,0,0,0,2756700,0,0,2756700,401366.42,6,62.5,TRUE,0.0315831744490943
"BR0078","BonsaiGreen Espirales de brocoli sazonado 5 x 2,5 kg","Espirales de brocoli","Forma estable","Bastones clasicos - Sigilo","Bastones clasicos","Forma",12.5,"5 X 2,5 KG",5,2.5,"3256a5fed07b421a92abee44a3d93243",34,2.7,395,296,260,400,301.4,265.4,1800,800,1200,6,2,3,36,0.666596333333333,30399200,31996624,1728000000,1.4028,0.06,730,104.387767584098,9556,0,1144369,0,1153925,0,0,1153925,0,0,0,0,32054,0,0,32054,0,0,484648.5,0,0,0,0,4808100,0,0,4808100,484648.5,6,62.5,TRUE,0.0379590581331088
"BR0079","13 bolsas de 0,5 kg | Espirales de brocoli sazonado | Ref 6FZ","Espirales de brocoli","Forma estable","Bastones clasicos - Sigilo","Bastones clasicos","Forma",6.5,"13 X 0,5 KG",13,0.5,"457aead6b645a6fdaad21f23a4e8ca12",51,2.7,393,255,265,398.4,260.4,270.4,1800,800,1200,6,2,4,48,0.779227904,26556975,28052204.544,1728000000,1.3176,0.06,730,98.0477064220183,0,34751,0,0,34751,0,0,34751,0,0,0,0,724,0,0,724,0,0,16680.48,0,0,0,0,108600,0,0,108600,16680.48,6,32.5,TRUE,0.00130854511856113
"BR0080","BonsaiGreen Brocoli en rejilla sazonado 13 x 0,5 kg | Ref 0S2","Brocoli en rejilla","Forma estable","Bastones clasicos - Sigilo","Bastones clasicos","Forma",6.5,"13 X 0,5 KG",13,0.5,"6a29db0cef2137d2bb15a27d61f064bd",86,2.7,393,255,270,398.4,260.4,275.4,1800,800,1200,6,2,4,48,0.793636704,27058050,28570921.344,1728000000,1.3176,0.06,730,98.0477064220183,0,25092,0,0,25092,0,0,25092,0,0,0,0,523,0,0,523,0,0,13549.68,0,0,0,0,78450,0,0,78450,13549.68,6,32.5,TRUE,0.000927339553293752
"BR0081","19 bolsas de 0,5 kg | Tiras para dip de brocoli sin gluten","Tiras para dip de brocoli","Forma estable","Bastones clasicos - Sigilo","Bastones clasicos","Forma",9.5,"19X 0,5 KG",19,0.5,"689d55a5924317429c37f70116fcf10b",85,2.7,393,255,275,398.4,260.4,280.4,1800,800,1200,6,2,4,48,0.808045504,27559125,29089638.144,1728000000,1.3176,0.06,730,98.0477064220183,0,4121,0,0,4121,0,4121,0,0,0,0,86,0,0,0,86,0,2719.86,0,0,0,0,12900,0,0,0,12900,2719.86,6,47.5,TRUE,0.000149533049398339
"BR0082","BonsaiGreen Brocoli en rejilla 13 x 0,5 kg","Brocoli en rejilla","Forma estable","Bastones clasicos - Sigilo","Bastones clasicos","Forma",6.5,"13 X 0,5 KG",13,0.5,"b1fa69af5a250262387efec5b10a19ae",144,2.7,395,296,280,400,301.4,285.4,1800,800,1200,6,2,3,36,0.716829666666667,32737600,34407824,1728000000,1.4028,0.06,730,104.387767584098,0,39328,0,0,39328,0,4555,34773,0,0,0,127,966,0,0,1093,0,3006.3,20863.8,0,0,0,19050,144900,0,0,163950,23870.1,6,32.5,TRUE,0.00120130980890475
"BR0083","Espirales de brocoli - clasico - Caja de 13 packs de 0,5 kg | Ref BMF","Espirales de brocoli","Forma estable","Bastones clasicos - Sigilo","Bastones clasicos","Forma",6.5,"13 X 0,5 KG",13,0.5,"3256a5fed07b421a92abee44a3d93243",34,2.7,395,296,260,400,301.4,265.4,1800,800,1200,6,2,3,36,0.666596333333333,30399200,31996624,1728000000,1.4028,0.06,730,104.387767584098,0,70617,0,0,70617,0,0,70617,0,0,0,0,1962,0,0,1962,0,0,29659.14,0,0,0,0,294300,0,0,294300,29659.14,6,32.5,TRUE,0.00232298876286218
"BR0084","13 bolsas de 0,5 kg | Espirales de brocoli","Espirales de brocoli","Forma estable","Bastones clasicos - Sigilo","Bastones clasicos","Forma",6.5,"13 X 0,5 KG",13,0.5,"457aead6b645a6fdaad21f23a4e8ca12",51,2.7,393,255,265,398.4,260.4,270.4,1800,800,1200,6,2,4,48,0.779227904,26556975,28052204.544,1728000000,1.3176,0.06,730,98.0477064220183,0,24454,0,0,24454,0,0,24454,0,0,0,0,510,0,0,510,0,0,11737.92,0,0,0,0,76500,0,0,76500,11737.92,6,32.5,TRUE,0.000920812705513335
"BR0085","Brocoli en rejilla - clasico - Caja de 13 packs de 0,5 kg | Ref E78","Brocoli en rejilla","Forma estable","Bastones clasicos - Sigilo","Bastones clasicos","Forma",6.5,"13 X 0,5 KG",13,0.5,"6a29db0cef2137d2bb15a27d61f064bd",86,2.7,393,255,270,398.4,260.4,275.4,1800,800,1200,6,2,4,48,0.793636704,27058050,28570921.344,1728000000,1.3176,0.06,730,98.0477064220183,0,17199,0,0,17199,0,2066,15133,0,0,0,44,316,0,0,360,0,1363.56,8171.82,0,0,0,6600,47400,0,0,54000,9535.38,6,32.5,TRUE,0.000635633388215337
"BR0086","BonsaiGreen Bastones rectos de brocoli 9x9 mm 13 x 0,75 kg","Bastones rectos de brocoli","Estacional","Bastones clasicos - Sigilo","Bastones clasicos","Medio",9.75,"13 X 0,75 KG",13,0.75,"ad23381bab48bad4640990fdc6a27c9b",136,4.1,383,248,229,391.2,256.2,237.2,1800,800,1200,7,2,4,56,0.770436669333333,21751336,23773474.368,1728000000,1.2948,0.08,1200,158.385321100917,0,32651,0,0,32651,0,0,32651,0,0,0,0,584,0,0,584,0,0,21223.15,0,0,0,0,87600,0,0,87600,21223.15,7,58.5,TRUE,0.00150110319660365
"BR0087","13 bolsas de 0,5 kg | Tiras para dip de brocoli","Tiras para dip de brocoli","Forma estable","Bastones clasicos - Sigilo","Bastones clasicos","Forma",6.5,"13 X 0,5 KG",13,0.5,"1c01c33ced1f5bfdb36a399ac98e0c68",16,4.1,383,248,214,391.2,256.2,222.2,1800,800,1200,8,2,4,64,0.824818250666666,20326576,22270092.768,1728000000,1.2948,0.08,1200,158.385321100917,0,16019,0,0,16019,0,16019,0,0,0,0,251,0,0,0,251,0,9371.115,0,0,0,0,37650,0,0,0,37650,9371.115,8,45.5,TRUE,0.000788081573600984
"BR0088","BonsaiGreen Bastones rectos de brocoli 9x9 mm sazonado 13 x 0,75 kg","Bastones rectos de brocoli","Estacional","Bastones clasicos - Sigilo","Bastones clasicos","Medio",9.75,"13 X 0,75 KG",13,0.75,"fa8da38322149b23e14a120e71d38975",200,2.7,393,255,235,398.4,260.4,240.4,1800,800,1200,7,2,4,56,0.808237621333333,23550525,24939903.744,1728000000,1.3176,0.06,730,98.0477064220183,0,10654,0,0,10654,0,0,10654,0,0,0,0,191,0,0,191,0,0,4474.68,0,0,0,0,28650,0,0,28650,4474.68,7,58.5,TRUE,0.000452389065636541
"BR0089","BonsaiGreen Corte rustico de brocoli 5 x 2,5 kg","Corte rustico de brocoli","Forma estable","Bastones clasicos - Sigilo","Bastones clasicos","Forma",12.5,"5 X 2,5 KG",5,2.5,"1416893384452893b004453859dc1ae4",10,4.1,383,248,239,391.2,256.2,247.2,1800,800,1200,7,2,4,56,0.802917136,22701176,24775728.768,1728000000,1.2948,0.08,1200,158.385321100917,33240,0,0,0,33240,0,33240,0,0,0,0,594,0,0,0,594,0,21606,0,0,0,0,89100,0,0,0,89100,21606,7,75,TRUE,0.0014642413238856
"BR0090","BonsaiPremium Bastones rectos de brocoli 9x9 mm 5 x 2,5 kg | Ref NL0","Bastones rectos de brocoli","Estacional","Bastones clasicos - Reserva Privada","Bastones clasicos","Medio",12.5,"5 X2,5 KG",5,2.5,"1c01c33ced1f5bfdb36a399ac98e0c68",16,4.1,383,248,214,391.2,256.2,222.2,1800,800,1200,8,2,4,64,0.824818250666666,20326576,22270092.768,1728000000,1.2948,0.08,1200,158.385321100917,53180,0,0,0,53180,0,0,0,53180,0,0,0,0,831,0,831,0,0,0,31110.3,0,0,0,0,124650,0,124650,31110.3,8,87.5,TRUE,0.0026162792985892
"BR0091","5 bolsas de 2,5 kg | Bastones rectos de brocoli 11x11 mm con cabo | Ref 212","Bastones rectos de brocoli","Estacional","Bastones clasicos - Reserva Privada","Bastones clasicos","Medio",12.5,"5 X 2,5 KG",5,2.5,"b104736a19fe0c796651c18805508482",142,4.1,383,248,209,391.2,256.2,217.2,1800,800,1200,8,2,4,64,0.806257984,19851656,21768965.568,1728000000,1.2948,0.08,1200,158.385321100917,35060,0,0,0,35060,0,0,0,35060,0,0,0,0,548,0,548,0,0,0,22789,0,0,0,0,82200,0,82200,22789,8,87.5,TRUE,0.00176609951331012
"BR0092","5 bolsas de 2,5 kg | Bastones rectos de brocoli 6x6 mm | Ref RXH","Bastones rectos de brocoli","Estacional","Bastones clasicos - Reserva Privada","Bastones clasicos","Fino",12.5,"5 X 2,5 KG",5,2.5,"2361696c0cf9b4a8490d7098c11e6a51",27,2.7,393,255,250,398.4,260.4,255.4,1800,800,1200,7,2,4,56,0.858668421333333,25053750,26496054.144,1728000000,1.3176,0.06,730,98.0477064220183,994936,2,29,352,995319,0,367465,0,99701,528153,0,6562,0,1781,9432,17775,0,176383.2,0,41874.42,221824.26,0,984300,0,267150,1414800,2666250,440081.88,7,75,TRUE,0.0397273462056578
"BR0092XL","5 bolsas de 2,5 kg | Bastones rectos de brocoli 6x6 mm | Ref RXH XL","Bastones rectos de brocoli","Estacional","Bastones clasicos - Reserva Privada","Bastones clasicos","Fino",12.5,"5 X 2,5 KG",5,2.5,"225c1760c0e9639bbb73f58d280b7a0e",24,2.7,393,294,224,398.4,299.4,229.4,1800,800,1200,7,2,4,56,0.886765581333333,25881408,27363052.224,1728000000,1.3956,0.06,730,103.851987767584,975733,2,29,345,976109,0,360373,0,97776,517960,0,6436,0,1746,9250,17432,0,172979.04,0,52799.04,217543.2,0,965400,0,261900,1387500,2614800,443321.28,7,75,TRUE,0.0377146792013788
"BR0093","5 bolsas de 2,5 kg | Bastones rectos de brocoli 6x6 mm | Ref BKP","Bastones rectos de brocoli","Estacional","Bastones clasicos - Reserva Privada","Bastones clasicos","Fino",12.5,"5 X 2,5 KG",5,2.5,"2361696c0cf9b4a8490d7098c11e6a51",27,2.7,393,255,250,398.4,260.4,255.4,1800,800,1200,7,2,4,56,0.858668421333333,25053750,26496054.144,1728000000,1.3176,0.06,730,98.0477064220183,1344858,1,0,771,1345630,0,0,0,1345630,0,0,0,0,24030,0,24030,0,0,0,565164.6,0,0,0,0,3604500,0,3604500,565164.6,7,75,TRUE,0.0537097240931996
"BR0094","BonsaiPremium Bastones rectos de brocoli 9x9 mm 5 x 2,5 kg | Ref AS7","Bastones rectos de brocoli","Estacional","Bastones clasicos - Reserva Privada","Bastones clasicos","Medio",12.5,"5 X 2,5 KG",5,2.5,"3826faf22304dbe5bef22f8c36155874",42,2.7,393,255,224,398.4,260.4,229.4,1800,800,1200,7,2,4,56,0.771255034666667,22448160,23798726.784,1728000000,1.3176,0.06,730,98.0477064220183,2580970,0,391,11548,2592909,0,789405,52684,1173993,576827,0,14097,941,20965,10301,46304,0,331550.1,25288.32,493077.06,242267.34,0,2114550,141150,3144750,1545150,6945600,1092182.82,7,75,TRUE,0.115506527038296
"BR0095","5 bolsas de 2,5 kg | Bastones rectos de brocoli 9x9 mm | Ref LZG","Bastones rectos de brocoli","Estacional","Bastones clasicos - Reserva Privada","Bastones clasicos","Medio",12.5,"5 X 2,5 KG",5,2.5,"3826faf22304dbe5bef22f8c36155874",42,2.7,393,255,224,398.4,260.4,229.4,1800,800,1200,7,2,4,56,0.771255034666667,22448160,23798726.784,1728000000,1.3176,0.06,730,98.0477064220183,654373,0,0,6544,660917,0,0,0,660917,0,0,0,0,11803,0,11803,0,0,0,277585.14,0,0,0,0,1770450,0,1770450,277585.14,7,75,TRUE,0.0294419230796644
"BR0096","5 bolsas de 2,5 kg | Bastones rectos de brocoli 11x11 mm | Ref 9PB","Bastones rectos de brocoli","Estacional","Bastones clasicos - Reserva Privada","Bastones clasicos","Medio",12.5,"5 X 2,5 KG",5,2.5,"a130566667d4be7bb38053adaefea0af",119,2.7,393,255,204,398.4,260.4,209.4,1800,800,1200,8,2,4,64,0.804587392,20443860,21723859.584,1728000000,1.3176,0.06,730,98.0477064220183,421303,0,0,4226,425529,0,123907,0,301622,0,0,1937,0,4713,0,6650,0,59475.36,0,126681.24,0,0,290550,0,706950,0,997500,186156.6,8,87.5,TRUE,0.0208145135018534
"BR0097","5 bolsas de 2,5 kg | Bastones rectos de brocoli 11x11 mm | Ref 34F","Bastones rectos de brocoli","Estacional","Bastones clasicos - Reserva Privada","Bastones clasicos","Medio",12.5,"5 X 2,5 KG",5,2.5,"e70cd62d04659cbda3f1df24c7140e35",184,4.8,379,246,197,388.6,255.6,206.6,1800,800,1200,8,2,4,64,0.760029061333333,18367098,20520784.656,1728000000,1.2884,0.1,1550,203.569826707441,137695,0,0,0,137695,0,22469,0,115226,0,0,352,0,1801,0,2153,0,15728.3,0,64526.56,0,0,52800,0,270150,0,322950,80254.86,8,87.5,TRUE,0.00749682938480537
"BR0098","Bastones rectos de brocoli 9x18 mm - clasico - Caja de 5 packs de 2,5 kg","Bastones rectos de brocoli","Estacional","Bastones clasicos - Reserva Privada","Bastones clasicos","Corte steak",12.5,"5 X 2,5 KG",5,2.5,"f95687311339e4b9b0ef5622b26fd941",199,2.7,393,255,209,398.4,260.4,214.4,1800,800,1200,8,2,4,64,0.823799125333333,20944935,22242576.384,1728000000,1.3176,0.06,730,98.0477064220183,342718,0,0,0,342718,0,85883,0,256835,0,0,1342,0,4014,0,5356,0,46376.82,0,107870.7,0,0,201300,0,602100,0,803400,154247.52,8,87.5,TRUE,0.0163628103882872
"BR0099","BonsaiPremium Bastones rectos de brocoli 9x18 mm 5 x 2,5 kg | Ref VTT","Bastones rectos de brocoli","Estacional","Bastones clasicos - Reserva Privada","Bastones clasicos","Corte steak",12.5,"5 X 2,5 KG",5,2.5,"1a3ffa8018de4637afcdd1e390e2602a",14,4.1,383,248,199,391.2,256.2,207.2,1800,800,1200,8,2,4,64,0.769137450666667,18901816,20766711.168,1728000000,1.2948,0.08,1200,158.385321100917,64345,0,0,0,64345,0,0,0,64345,0,0,0,0,1006,0,1006,0,0,0,33459.4,0,0,0,0,150900,0,150900,33459.4,8,87.5,TRUE,0.0034041702659681
"BR0100","5 bolsas de 2,5 kg | Bastones rectos de brocoli 9x9 mm | Ref BJP","Bastones rectos de brocoli","Estacional","Bastones clasicos - Legumes Frites","Bastones clasicos","Medio",12.5,"5 X 2,5 KG",5,2.5,"bdfc62c15432bf98daa6314e01c97f4b",151,4.8,380,282,181,389.6,291.6,190.6,1800,800,1200,9,2,4,72,0.902231784,19395960,21653562.816,1728000000,1.3624,0.1,1550,215.261977573904,78594,0,0,0,78594,78594,0,0,0,0,1092,0,0,0,0,1092,49514.22,0,0,0,0,163800,0,0,0,0,163800,49514.22,9,100,TRUE,0.00405208094881615
"BR0101","BonsaiGreen Bastones rectos de brocoli 11x11 mm 5 x 2,5 kg | Ref UO0","Bastones rectos de brocoli","Estacional","Bastones clasicos - Legumes Frites","Bastones clasicos","Medio",12.5,"5 X 2,5 KG",5,2.5,"a864dfb999785d464e7867269d6489cb",130,4.8,380,282,175,389.6,291.6,184.6,1800,800,1200,9,2,4,72,0.873829944,18753000,20971918.656,1728000000,1.3624,0.1,1550,215.261977573904,22584,0,0,0,22584,22584,0,0,0,0,314,0,0,0,0,314,15808.8,0,0,0,0,47100,0,0,0,0,47100,15808.8,9,100,TRUE,0.00120428731402976
"BR0102","BonsaiGreen Bastones rectos de brocoli 11x11 mm 5 x 2,5 kg | Ref UO0","Bastones rectos de brocoli","Estacional","Bastones clasicos - Legumes Frites","Bastones clasicos","Medio",12.5,"5 X 2,5 KG",5,2.5,"5e09543a8b7a6614f447c98559a39851",74,2.7,395,296,178,400,301.4,183.4,1800,800,1200,9,2,3,54,0.6909595,20811760,22110704,1728000000,1.4028,0.06,730,104.387767584098,26836,0,0,0,26836,0,26836,0,0,0,0,497,0,0,0,497,0,14491.44,0,0,0,0,74550,0,0,0,74550,14491.44,9,100,TRUE,0.00128946326500017
"BR0103","5 bolsas de 2,5 kg | Bastones rectos de brocoli 6x6 mm | Ref F7E","Bastones rectos de brocoli","Estacional","Bastones clasicos - Legumes Frites","Bastones clasicos","Fino",12.5,"5 X 2,5 KG",5,2.5,"ea4f4880b999f6854b641f68b394c657",188,4.8,380,282,201,389.6,291.6,210.6,1800,800,1200,8,2,4,64,0.886137408,21539160,23925710.016,1728000000,1.3624,0.1,1550,215.261977573904,12945,42798,155,6025,61923,61923,0,0,0,0,968,0,0,0,0,968,39011.49,0,0,0,0,145200,0,0,0,0,145200,39011.49,8,87.5,TRUE,0.00287490319956767
"BR0104","5 bolsas de 2,5 kg | Bastones rectos de brocoli 6x6 mm | Ref F7E","Bastones rectos de brocoli","Estacional","Bastones clasicos - Legumes Frites","Bastones clasicos","Fino",12.5,"5 X 2,5 KG",5,2.5,"a555028b9dc4a080d444d0af6464279d",125,4.1,386,286,201,394.2,294.2,209.2,1800,800,1200,8,2,4,64,0.898580944,22189596,24261685.488,1728000000,1.3768,0.08,1200,168.415902140673,147015,0,0,0,147015,147015,0,0,0,0,2298,0,0,0,0,2298,76447.8,0,0,0,0,344700,0,0,0,0,344700,76447.8,8,87.5,TRUE,0.00662540228312404
"BR0105","BonsaiGreen Bastones rectos de brocoli 9x9 mm 5 x 2,5 kg | Ref TJZ","Bastones rectos de brocoli","Estacional","Bastones clasicos - Legumes Frites","Bastones clasicos","Medio",12.5,"5 X 2,5 KG",5,2.5,"55b52b97c05b19dbbbefa191622fe36a",66,4.1,386,286,179,394.2,294.2,187.2,1800,800,1200,9,2,4,72,0.904594392,19760884,21710265.408,1728000000,1.3768,0.08,1200,168.415902140673,1002414,0,1783,0,1004197,304156,700041,0,0,0,4225,9723,0,0,0,13948,138390.98,318518.655,0,0,0,633750,1458450,0,0,0,2092200,456909.635,9,100,TRUE,0.0508174128242441
"BR0106","Bastones rectos de brocoli 13x13 mm - clasico - Caja de 5 packs de 2,5 kg | Ref TQN","Bastones rectos de brocoli","Estacional","Bastones extra crocantes - Atelier Frites","Bastones extra crocantes","Grueso",12.5,"5 X 2,5 KG",5,2.5,"371bc8e13ebaec61128f288334956fa5",41,4.5,391,255,230,400,264,239,1800,800,1200,7,2,4,56,0.817911111111111,22932150,25238400,1728000000,1.328,0.08,1400,189.520897043833,12591,0,1,0,12592,0,0,12592,0,0,0,0,225,0,0,225,0,0,9003.28,0,0,0,0,33750,0,0,33750,9003.28,7,75,TRUE,0.000549098100265348
"BR0107","Bastones rectos de brocoli - clasico - Caja de 2 packs de 5,25 kg","Bastones rectos de brocoli","Estacional","Bastones clasicos - Legumes Frites","Bastones clasicos","Medio",10.5,"2 X 5,25 KG",2,5.25,"35174969e008414733b7133a380c2f8c",38,4.5,391,255,240,400,264,249,1800,800,1200,7,2,4,56,0.852133333333333,23929200,26294400,1728000000,1.328,0.08,1400,189.520897043833,80644,0,0,922,81566,0,0,81566,0,0,0,0,1457,0,0,1457,0,0,47716.11,0,0,0,0,218550,0,0,218550,47716.11,7,63,TRUE,0.00340863881784598
"BR0108","11 bolsas de 1 kg | Brocoli en rejilla","Brocoli en rejilla","Forma estable","Bastones clasicos - Reserva Privada","Bastones clasicos","Forma",11,"11 X 1 KG",11,1,"a2c4cc4e764be062aaefa64a99695dbe",123,2.7,395,296,301,400,301.4,306.4,1800,800,1200,5,2,3,30,0.641312222222222,35192920,36939584,1728000000,1.4028,0.06,730,104.387767584098,0,11355,0,0,11355,0,11355,0,0,0,0,379,0,0,0,379,0,7494.3,0,0,0,0,56850,0,0,0,56850,7494.3,5,44,TRUE,0.000322650123945384
"BR0109","13 bolsas de 1 kg | Espirales de brocoli","Espirales de brocoli","Forma estable","Bastones clasicos - Sigilo","Bastones clasicos","Forma",13,"13 X 1 KG",13,1,"60eb77c934f99a121f410ec2037a2a46",77,2.7,395,296,306,400,301.4,311.4,1800,800,1200,5,2,3,30,0.6517775,35777520,37542384,1728000000,1.4028,0.06,730,104.387767584098,0,17891,0,0,17891,0,17891,0,0,0,0,597,0,0,0,597,0,11808.06,0,0,0,0,89550,0,0,0,89550,11808.06,5,52,TRUE,0.000500062609146749
"BR0110","5 bolsas de 2,5 kg | Bastones rectos de brocoli 9x9 mm | Ref Y78","Bastones rectos de brocoli","Estacional","Bastones clasicos - Reserva Privada","Bastones clasicos","Medio",12.5,"5 X 2,5 kg",5,2.5,"3826faf22304dbe5bef22f8c36155874",42,2.7,393,255,224,398.4,260.4,229.4,1800,800,1200,7,2,4,56,0.771255034666667,22448160,23798726.784,1728000000,1.3176,0.06,730,98.0477064220183,126269,0,0,0,126269,0,0,0,126269,0,0,0,0,2255,0,2255,0,0,0,53032.98,0,0,0,0,338250,0,338250,53032.98,7,75,TRUE,0.00562491536054625
"BR0111","Bastones rectos de brocoli 11x11 mm - clasico - Caja de 5 packs de 2,5 kg | Ref FLQ","Bastones rectos de brocoli","Estacional","Bastones clasicos - Reserva Privada","Bastones clasicos","Medio",12.5,"5 X 2,5 KG",5,2.5,"a130566667d4be7bb38053adaefea0af",119,2.7,393,255,204,398.4,260.4,209.4,1800,800,1200,8,2,4,64,0.804587392,20443860,21723859.584,1728000000,1.3176,0.06,730,98.0477064220183,214237,0,0,0,214237,0,47356,0,166881,0,0,740,0,2608,0,3348,0,22730.88,0,70090.02,0,0,111000,0,391200,0,502200,92820.9,8,87.5,TRUE,0.0104792832664673
"BR0112","5 bolsas de 2,5 kg | Bastones rectos de brocoli 9x18 mm | Ref 0FC","Bastones rectos de brocoli","Estacional","Bastones clasicos - Reserva Privada","Bastones clasicos","Corte steak",12.5,"5 X 2,5 KG",5,2.5,"f95687311339e4b9b0ef5622b26fd941",199,2.7,393,255,209,398.4,260.4,214.4,1800,800,1200,8,2,4,64,0.823799125333333,20944935,22242576.384,1728000000,1.3176,0.06,730,98.0477064220183,23107,0,0,0,23107,0,0,0,23107,0,0,0,0,362,0,362,0,0,0,9704.94,0,0,0,0,54300,0,54300,9704.94,8,87.5,TRUE,0.00110322614990211
"BR0113","5 bolsas de 2,5 kg | Bastones rectos de brocoli con cabo | Ref C2H","Bastones rectos de brocoli","Estacional","Bastones clasicos - Legumes Frites","Bastones clasicos","Grueso",12.5,"5 X 2,5 KG",5,2.5,"3f4b03b56bb388655f2cb1495b69f5d7",48,4.1,388,288,278,396.2,296.2,286.2,1800,800,1200,6,2,4,48,0.932967798,31064832,33586840.728,1728000000,1.3848,0.08,1200,169.394495412844,7783,0,0,0,7783,0,0,0,0,7783,0,0,0,0,163,163,0,0,0,0,5564.845,0,0,0,0,24450,24450,5564.845,6,62.5,TRUE,0.000250540546943888
"BR0114","5 bolsas de 1,75 kg | Tortitas de brocoli","Tortitas de brocoli","Forma estable","Guarniciones - Tortitas","Guarniciones","Forma",8.75,"5 X 1,75 KG",5,1.75,"d0098765b25906b02fe80a96f1e6e287",170,2.5,395,296,255,400,301,260,1800,800,1200,6,2,3,36,0.652166666666667,29814600,31304000,1728000000,1.402,0.06,600,85.7492354740061,9070,0,0,0,9070,9070,0,0,0,0,252,0,0,0,0,252,5986.2,0,0,0,0,37800,0,0,0,0,37800,5986.2,6,43.75,TRUE,0.000304213371972121
"BR0115","BonsaiGreen Brocoli en rejilla sazonado, picante, crocante 5 x 2,5 kg","Brocoli en rejilla","Forma estable","Bastones clasicos - Sigilo","Bastones clasicos","Forma",12.5,"5 X 2,5 KG",5,2.5,"ab2be01db2336d90876b25f646f81b48",132,4.1,386,286,283,394.2,294.2,291.2,1800,800,1200,6,2,4,48,0.938097888,31242068,33771523.968,1728000000,1.3768,0.08,1200,168.415902140673,51630,0,0,0,51630,0,0,51630,0,0,0,0,1076,0,0,1076,0,0,23491.65,0,0,0,0,161400,0,0,161400,23491.65,6,62.5,TRUE,0.00165257946432995
"BR0116","5 bolsas de 2,5 kg | Gajos de brocoli sazonado, picante, crocante","Gajos de brocoli","Forma estable","Bastones clasicos - Sigilo","Bastones clasicos","Forma",12.5,"5 X 2,5 KG",5,2.5,"116dda17a7b7fb82c62f462ef4a94218",6,4.1,386,286,164,394.2,294.2,172.2,1800,800,1200,10,2,4,80,0.92456763,18104944,19970660.808,1728000000,1.3768,0.08,1200,168.415902140673,6730,0,0,0,6730,0,6730,0,0,0,0,85,0,0,0,85,0,3062.15,0,0,0,0,12750,0,0,0,12750,3062.15,10,112.5,TRUE,0.000371721668954071
"BR0117","BonsaiGreen Espirales de brocoli sazonado, picante, crocante 5 x 2,5 kg","Espirales de brocoli","Forma estable","Bastones clasicos - Sigilo","Bastones clasicos","Forma",12.5,"5 X 2,5 KG",5,2.5,"ce9d9f5685ddf0df230b3137826b5cde",167,4.1,386,286,256,394.2,294.2,264.2,1800,800,1200,6,2,4,48,0.851117658,28261376,30640235.688,1728000000,1.3768,0.08,1200,168.415902140673,28815,0,0,0,28815,0,0,28815,0,0,0,0,601,0,0,601,0,0,13110.825,0,0,0,0,90150,0,0,90150,13110.825,6,62.5,TRUE,0.00101958942126526
"BR0118","Espirales de brocoli - clasico - Caja de 13 packs de 0,5 kg | Ref 57C","Espirales de brocoli","Forma estable","Bastones clasicos - Sigilo","Bastones clasicos","Forma",6.5,"13 X 0,5 KG",13,0.5,"5752498adef915345dabc54b32edf146",68,2.7,395,296,219,400,301.4,224.4,1800,800,1200,8,2,3,48,0.751490666666667,25605480,27053664,1728000000,1.4028,0.06,730,104.387767584098,0,16633,0,0,16633,0,16633,0,0,0,0,347,0,0,0,347,0,8981.82,0,0,0,0,52050,0,0,0,52050,8981.82,8,45.5,TRUE,0.000649587510173603
"BR0119","BonsaiGreen Bastones rectos de brocoli 5 x 2,5 kg | Ref WIX","Bastones rectos de brocoli","Estacional","Bastones clasicos - Sigilo","Bastones clasicos","Medio",12.5,"5 X 2,5 KG",5,2.5,"fea00d6f87d3f80808e9e8d1b501120a",204,2.7,395,296,184,400,301.4,189.4,1800,800,1200,9,2,3,54,0.7135645,21513280,22834064,1728000000,1.4028,0.06,730,104.387767584098,19719,0,15880,0,35599,0,0,35599,0,0,0,0,660,0,0,660,0,0,21359.4,0,0,0,0,99000,0,0,99000,21359.4,9,100,TRUE,0.00165474534798971
"BR0120","Rosti de brocoli - clasico - Caja de 11 packs de 1 kg | Ref MMY","Rosti de brocoli","Forma estable","Guarniciones - Legumes Croquetas","Guarniciones","Forma",11,"11 X 1 KG",11,1,"1333ec917a8a6111a3fac88649307892",9,4.6,380,287,219,389.2,296.2,228.2,1800,800,1200,7,2,4,56,0.852545987481481,23884140,26307133.328,1728000000,1.3708,0.1,1450,202.615698267074,439,0,0,0,439,439,0,0,0,0,8,0,0,0,0,8,338.03,0,0,0,0,1200,0,0,0,0,1200,338.03,7,66,TRUE,1.83803980381961e-05
"BR0121","16 bolsas de 0,75 kg | Brocoli en rejilla","Brocoli en rejilla","Forma estable","Bastones clasicos - Sigilo","Bastones clasicos","Forma",12,"16 X 0,75 KG",16,0.75,"c98f51071fa8c135d7071023f6b23ac0",161,4.1,388,288,348,396.2,296.2,356.2,1800,800,1200,5,2,4,40,0.967630822407407,38886912,41801651.528,1728000000,1.3848,0.08,1200,169.394495412844,0,12373,0,0,12373,0,12373,0,0,0,0,310,0,0,0,310,0,8846.695,0,0,0,0,46500,0,0,0,46500,8846.695,5,48,TRUE,0.000318179031546655
"BR0122","16 bolsas de 0,75 kg | Espirales de brocoli","Espirales de brocoli","Forma estable","Bastones clasicos - Sigilo","Bastones clasicos","Forma",12,"16 X 0,75 KG",16,0.75,"2358aed8ccfb64eb89ff5dcd9e30de7d",26,2.7,395,296,352,400,301.4,357.4,1800,800,1200,5,2,3,30,0.748058055555555,41155840,43088144,1728000000,1.4028,0.06,730,104.387767584098,0,14021,0,0,14021,0,14021,0,0,0,0,468,0,0,0,468,0,8412.6,0,0,0,0,70200,0,0,0,70200,8412.6,5,48,TRUE,0.000340680690759805
"BR0123","BonsaiGreen Brocoli zigzag 13 x 1 kg","Brocoli zigzag","Forma estable","Bastones clasicos - Sigilo","Bastones clasicos","Forma",13,"13 X 1 KG",13,1,"0835ff365412a67b720a19713ec250f3",3,4.1,386,286,278,394.2,294.2,286.2,1800,800,1200,6,2,4,48,0.921990438,30690088,33191655.768,1728000000,1.3768,0.08,1200,168.415902140673,1,9195,0,0,9196,0,0,0,0,9196,0,0,0,0,192,192,0,0,0,0,6575.14,0,0,0,0,28800,28800,6575.14,6,65,TRUE,0.000299640717876078
"BR0124","16 bolsas de 0,75 kg | Espirales de brocoli","Espirales de brocoli","Forma estable","Bastones clasicos - Sigilo","Bastones clasicos","Forma",12,"16 X 0,75 KG",16,0.75,"2358aed8ccfb64eb89ff5dcd9e30de7d",26,2.7,395,296,352,400,301.4,357.4,1800,800,1200,5,2,3,30,0.748058055555555,41155840,43088144,1728000000,1.4028,0.06,730,104.387767584098,0,12307,0,0,12307,0,12307,0,0,0,0,411,0,0,0,411,0,7384.2,0,0,0,0,61650,0,0,0,61650,7384.2,5,48,TRUE,0.000299034110347401
"BR0125","Gajos de brocoli - con cabo - Caja de 13 packs de 1 kg","Gajos de brocoli","Forma estable","Bastones clasicos - Reserva Privada","Bastones clasicos","Forma",13,"13 X 1 KG",13,1,"a699f7e10a026261e599215bbbee0cbc",126,4.8,380,282,202,389.6,291.6,211.6,1800,800,1200,8,2,4,64,0.890345088,21646320,24039317.376,1728000000,1.3624,0.1,1550,215.261977573904,16473,0,0,0,16473,0,4057,12416,0,0,0,64,194,0,0,258,0,3123.89,7822.08,0,0,0,9600,29100,0,0,38700,10945.97,8,91,TRUE,0.000761006951759006
"BR0126","13 bolsas de 1 kg | Bastones rectos de brocoli 6x6 mm","Bastones rectos de brocoli","Estacional","Bastones clasicos - Legumes Frites","Bastones clasicos","Fino",13,"13 X 1 KG",13,1,"aaf392f3c544855a81cee5b4895b3983",131,4.8,380,282,256,389.6,291.6,265.6,1800,800,1200,6,2,4,48,0.838169856,27432960,30174114.816,1728000000,1.3624,0.1,1550,215.261977573904,0,58942,0,0,58942,58942,0,0,0,0,1228,0,0,0,0,1228,37133.46,0,0,0,0,184200,0,0,0,0,184200,37133.46,6,65,TRUE,0.00214858331000373
"BR0127","Gajos de brocoli - clasico - Caja de 13 packs de 1 kg","Gajos de brocoli","Forma estable","Bastones clasicos - Reserva Privada","Bastones clasicos","Forma",13,"13 X 1 KG",13,1,"a699f7e10a026261e599215bbbee0cbc",126,4.8,380,282,202,389.6,291.6,211.6,1800,800,1200,8,2,4,64,0.890345088,21646320,24039317.376,1728000000,1.3624,0.1,1550,215.261977573904,0,67606,0,0,67606,0,0,67606,0,0,0,0,1057,0,0,1057,0,0,42591.78,0,0,0,0,158550,0,0,158550,42591.78,8,91,TRUE,0.00312320985737991
"BR0128","BonsaiPremium Bastones rectos de brocoli 9x18 mm 5 x 2,5 kg | Ref OWN","Bastones rectos de brocoli","Estacional","Bastones clasicos - Reserva Privada","Bastones clasicos","Corte steak",12.5,"5 X 2,5 KG",5,2.5,"f95687311339e4b9b0ef5622b26fd941",199,2.7,393,255,209,398.4,260.4,214.4,1800,800,1200,8,2,4,64,0.823799125333333,20944935,22242576.384,1728000000,1.3176,0.06,730,98.0477064220183,5523,0,0,0,5523,0,0,0,5523,0,0,0,0,87,0,87,0,0,0,2319.66,0,0,0,0,13050,0,13050,2319.66,8,87.5,TRUE,0.000263691436617015
"BR0129","5 bolsas de 2,5 kg | Bastones rectos de brocoli 9x9 mm | Ref EG9","Bastones rectos de brocoli","Estacional","Bastones clasicos - Legumes Frites","Bastones clasicos","Medio",12.5,"5 X 2,5 KG",5,2.5,"f95687311339e4b9b0ef5622b26fd941",199,2.7,393,255,209,398.4,260.4,214.4,1800,800,1200,8,2,4,64,0.823799125333333,20944935,22242576.384,1728000000,1.3176,0.06,730,98.0477064220183,2589,0,0,0,2589,0,0,0,2589,0,0,0,0,41,0,41,0,0,0,1087.38,0,0,0,0,6150,0,6150,1087.38,8,87.5,TRUE,0.00012360983693671
"BR0130","Espirales de brocoli - clasico - Caja de 13 packs de 0,75 kg | Ref G3W","Espirales de brocoli","Forma estable","Bastones clasicos - Sigilo","Bastones clasicos","Forma",9.75,"13 X 0,75 KG",13,0.75,"4989f7c44b56191eebb2c0b95763c0db",54,2.7,395,296,250,400,301.4,255.4,1800,800,1200,7,2,3,42,0.748392944444444,29230000,30791024,1728000000,1.4028,0.06,730,104.387767584098,0,116047,0,0,116047,0,116047,0,0,0,0,2764,0,0,0,2764,0,55702.56,0,0,0,0,414600,0,0,0,414600,55702.56,7,58.5,TRUE,0.0039701334245638
"BR0131","Bastones rectos de brocoli - clasico - Caja de 13 packs de 1,25 kg","Bastones rectos de brocoli","Estacional","Bastones clasicos - Sigilo","Bastones clasicos","Grueso",16.25,"13 X 1,25 KG",13,1.25,"3256a5fed07b421a92abee44a3d93243",34,2.7,395,296,260,400,301.4,265.4,1800,800,1200,6,2,3,36,0.666596333333333,30399200,31996624,1728000000,1.4028,0.06,730,104.387767584098,0,49927,0,0,49927,0,0,0,0,49927,0,0,0,0,1387,1387,0,0,0,0,29956.2,0,0,0,0,208050,208050,29956.2,6,81.25,TRUE,0.00164237874680913
"BR0132","Croquetas de brocoli - clasico - Caja de 11 packs de 1 kg","Croquetas de brocoli","Forma estable","Guarniciones - Legumes Croquetas","Guarniciones","Forma",11,"11 X 1 KG",11,1,"34dbd33aabcf7123c6ee197304f6312d",37,2.7,395,245,230,400,250.4,235.4,1800,800,1200,7,2,4,56,0.764090962962963,22258250,23577664,1728000000,1.3008,0.06,730,96.7975535168196,44079,0,0,0,44079,6883,15672,10257,5166,6101,123,280,184,93,109,789,4542.78,9403.2,6769.62,3409.56,4026.66,18450,42000,27600,13950,16350,118350,28151.82,7,66,TRUE,0.00198034436669549
"BR0133","5 bolsas de 2,5 kg | Croquetas de brocoli","Croquetas de brocoli","Forma estable","Guarniciones - Legumes Croquetas","Guarniciones","Forma",12.5,"5 X 2,5 KG",5,2.5,"34dbd33aabcf7123c6ee197304f6312d",37,2.7,395,245,230,400,250.4,235.4,1800,800,1200,7,2,4,56,0.764090962962963,22258250,23577664,1728000000,1.3008,0.06,730,96.7975535168196,17249,0,117,0,17366,2712,6174,4041,2035,2404,49,111,73,37,43,313,1789.92,3704.4,2667.06,1343.1,1586.64,7350,16650,10950,5550,6450,46950,11091.12,7,75,TRUE,0.000780205092493794
"BR0134","11 bolsas de 1,25 kg | Bastones rectos de brocoli | Ref GRR","Bastones rectos de brocoli","Estacional","Bastones clasicos - Sigilo","Bastones clasicos","Medio",13.75,"11 X 1,25 KG",11,1.25,"b10375e57c7a7f209de7bf3aec5aa29f",141,4.1,386,286,268,394.2,294.2,276.2,1800,800,1200,6,2,4,48,0.889775538,29586128,32031919.368,1728000000,1.3768,0.08,1200,168.415902140673,0,0,913986,1620,915606,827898,0,87708,0,0,17248,0,1828,0,0,19076,376693.59,0,51309.18,0,0,2587200,0,274200,0,0,2861400,428002.77,6,68.75,TRUE,0.0309471384697585
"BR0135","5 bolsas de 2,5 kg | Bastones rectos de brocoli 6x6 mm | Ref WKT","Bastones rectos de brocoli","Estacional","Bastones clasicos - Legumes Frites","Bastones clasicos","Fino",12.5,"5 X 2,5 KG",5,2.5,"e205014ff79e36431f829f1fab46061c",182,4.1,388,288,273,396.2,296.2,281.2,1800,800,1200,6,2,4,48,0.916668570222222,30506112,33000068.528,1728000000,1.3848,0.08,1200,169.394495412844,1,0,46668,0,46669,46669,0,0,0,0,973,0,0,0,0,973,30334.85,0,0,0,0,145950,0,0,0,0,145950,30334.85,6,62.5,TRUE,0.00152982458072664
"BR0136","Bastones rectos de brocoli 9x9 mm - clasico - Caja de 5 packs de 2,5 kg | Ref R5M","Bastones rectos de brocoli","Estacional","Bastones clasicos - Reserva Privada","Bastones clasicos","Medio",12.5,"5 X 2,5 KG",5,2.5,"4d0dc68792c8a76defd00faaff677665",57,4.6,379,281,289,388.2,290.2,298.2,1800,800,1200,6,2,4,48,0.933164218,30778211,33593911.848,1728000000,1.3568,0.1,1450,200.546381243629,2,0,175960,0,175962,101927,74035,0,0,0,2124,1543,0,0,0,3667,57079.12,46642.05,0,0,0,318600,231450,0,0,0,550050,103721.17,6,62.5,TRUE,0.00571709642253086
"BR0136XL","Bastones rectos de brocoli 9x9 mm - clasico - Caja de 5 packs de 2,5 kg | Ref R5M XL","Bastones rectos de brocoli","Estacional","Bastones clasicos - Reserva Privada","Bastones clasicos","Medio",12.5,"5 X 2,5 KG",5,2.5,"584c93c412f45cd05fb6c4c753038aa1",69,4.6,379,285,289,388.2,294.2,298.2,1800,800,1200,6,2,4,48,0.946026578,31216335,34056956.808,1728000000,1.3648,0.1,1450,201.728848114169,2,0,188628,0,188630,109265,79365,0,0,0,2277,1654,0,0,0,3931,61188.4,49999.95,0,0,0,341550,248100,0,0,0,589650,111188.35,6,62.5,TRUE,0.00604266964715749
"BR0137","Bastones rectos de brocoli 6x6 mm - clasico - Caja de 5 packs de 2,5 kg | Ref BLU","Bastones rectos de brocoli","Estacional","Bastones clasicos - Reserva Privada","Bastones clasicos","Fino",12.5,"5 X 2,5 KG",5,2.5,"cd9c1ebb698c60a0d79bc82cf70c2404",165,2.7,393,255,311,398.4,260.4,316.4,1800,800,1200,5,2,4,40,0.759824053333333,31166865,32824399.104,1728000000,1.3176,0.06,730,98.0477064220183,591,0,371434,676,372701,0,347390,25311,0,0,0,8685,633,0,0,9318,0,166747.2,15186.6,0,0,0,1302750,94950,0,0,1397700,181933.8,5,50,TRUE,0.0119582447576938
"BR0138","2 bolsas de 2,5 kg | Rosti de brocoli","Rosti de brocoli","Forma estable","Guarniciones - Legumes Croquetas","Guarniciones","Forma",5,"2 X 2,5 KG",2,2.5,"25b51ca97d24c6dd7fdc2fd6f9551dac",29,4.6,380,252,144,389.2,261.2,153.2,1800,800,1200,11,2,4,88,0.793128769481481,13789440,15574164.928,1728000000,1.3008,0.1,1450,192.269113149847,1754,0,0,0,1754,1754,0,0,0,0,20,0,0,0,0,20,1227.8,0,0,0,0,3000,0,0,0,0,3000,1227.8,11,50,TRUE,0.00012719878399703
"BR0139","BonsaiPremium Rodajas de brocoli con cabo 5 x 1,75 kg","Rodajas de brocoli","Forma estable","Bastones clasicos - Reserva Privada","Bastones clasicos","Forma",8.75,"5 X 1,75 KG",5,1.75,"c9eb200a8d16b9dc82e130d6874c099c",162,2.7,395,296,270,400,301.4,275.4,1800,800,1200,6,2,3,36,0.691713,31568400,33202224,1728000000,1.4028,0.06,730,104.387767584098,68737,640,2371,0,71748,0,71748,0,0,0,0,1993,0,0,0,1993,0,38743.92,0,0,0,0,298950,0,0,0,298950,38743.92,6,43.75,TRUE,0.00227277910822215
"BR0140","Brocoli en rejilla - clasico - Caja de 13 packs de 0,5 kg | Ref SDH","Brocoli en rejilla","Forma estable","Bastones clasicos - Sigilo","Bastones clasicos","Forma",6.5,"13 X 0,5 KG",13,0.5,"5914abeae491eab8612131985b15994f",70,4.1,386,286,239,394.2,294.2,247.2,1800,800,1200,7,2,4,56,0.929077716,26384644,28668683.808,1728000000,1.3768,0.08,1200,168.415902140673,0,16510,0,0,16510,0,16510,0,0,0,0,295,0,0,0,295,0,8585.2,0,0,0,0,44250,0,0,0,44250,8585.2,7,39,TRUE,0.00062574276158511
"BR0141","13 bolsas de 0,5 kg | Brocoli en rejilla | Ref QNX","Brocoli en rejilla","Forma estable","Bastones clasicos - Sigilo","Bastones clasicos","Forma",6.5,"13x0,5 kg",13,0.5,"5914abeae491eab8612131985b15994f",70,4.1,386,286,239,394.2,294.2,247.2,1800,800,1200,7,2,4,56,0.929077716,26384644,28668683.808,1728000000,1.3768,0.08,1200,168.415902140673,0,57749,0,0,57749,0,57749,0,0,0,0,1032,0,0,0,1032,0,30029.48,0,0,0,0,154800,0,0,0,154800,30029.48,7,39,TRUE,0.00218873523554079
"BR0142","Brocoli en rejilla - clasico - Caja de 11 packs de 1 kg | Ref M9P","Brocoli en rejilla","Forma estable","Bastones clasicos - Sigilo","Bastones clasicos","Forma",11,"11X1,0 KG",11,1,"8f26468860664ecfed551104179d7f3e",106,4.1,386,286,318,394.2,294.2,326.2,1800,800,1200,5,2,4,40,0.875708365,35105928,37830601.368,1728000000,1.3768,0.08,1200,168.415902140673,29780,0,0,0,29780,0,29780,0,0,0,0,745,0,0,0,745,0,19357,0,0,0,0,111750,0,0,0,111750,19357,5,44,TRUE,0.000848289781714359
"BR0143","Bastones rectos de brocoli 6x6 mm - clasico - Caja de 5 packs de 2,5 kg | Ref GW8","Bastones rectos de brocoli","Estacional","Bastones clasicos - Reserva Privada","Bastones clasicos","Fino",12.5,"5 X 2,5 KG",5,2.5,"cc0d190e9c91b2ee40868981c9f6d0f6",164,4.8,380,282,266,389.6,291.6,275.6,1800,800,1200,6,2,4,48,0.869727456,28504560,31310188.416,1728000000,1.3624,0.1,1550,215.261977573904,1,0,280408,0,280409,0,0,0,280409,0,0,0,0,5842,0,5842,0,0,0,157029.04,0,0,0,0,876300,0,876300,157029.04,6,62.5,TRUE,0.0098373383065727
"BR0144","5 bolsas de 2,5 kg | Bastones rectos de brocoli 6x6 mm | Ref RXH","Bastones rectos de brocoli","Estacional","Bastones clasicos - Reserva Privada","Bastones clasicos","Fino",12.5,"5 X 2,5 KG",5,2.5,"1e68edd4dd3edf793634e204ec225c3b",20,4.8,380,282,215,389.6,291.6,224.6,1800,800,1200,8,2,4,64,0.945044928,23039400,25516213.056,1728000000,1.3624,0.1,1550,215.261977573904,145057,0,142,0,145199,0,0,0,145199,0,0,0,0,2269,0,2269,0,0,0,81311.44,0,0,0,0,340350,0,340350,81311.44,8,87.5,TRUE,0.0063022040504527
"BR0145","BonsaiPremium Bastones rectos de brocoli 9x9 mm 5 x 2,5 kg | Ref AS7","Bastones rectos de brocoli","Estacional","Bastones clasicos - Reserva Privada","Bastones clasicos","Medio",12.5,"5 X 2,5 KG",5,2.5,"952d7cb277c22fee189451276b46d536",110,4.1,388,288,179,396.2,296.2,187.2,1800,800,1200,9,2,4,72,0.915364632,20002176,21968751.168,1728000000,1.3848,0.08,1200,169.394495412844,75881,0,6659,0,82540,0,54263,4459,23818,0,0,754,62,331,0,1147,0,31743.855,3188.185,15481.7,0,0,113100,9300,49650,0,172050,50413.74,9,100,TRUE,0.0041265510312478
"BR0146","Bastones rectos de brocoli 9x18 mm - clasico - Caja de 5 packs de 2,5 kg","Bastones rectos de brocoli","Estacional","Bastones clasicos - Reserva Privada","Bastones clasicos","Corte steak",12.5,"5 X 2,5 KG",5,2.5,"ddc544b82bb095f53666029f60d7e482",180,4.5,391,296,173,400,305,182,1800,800,1200,9,2,3,54,0.693875,20022328,22204000,1728000000,1.41,0.08,1400,201.223241590214,72723,0,612,0,73335,0,16673,0,56662,0,0,309,0,1050,0,1359,0,11921.195,0,33147.27,0,0,46350,0,157500,0,203850,45068.465,9,100,TRUE,0.00366266100525373
"BR0147","5 bolsas de 2,5 kg | Bastones rectos de brocoli 6x6 mm | Ref VXL","Bastones rectos de brocoli","Estacional","Bastones clasicos - Sigilo","Bastones clasicos","Fino",12.5,"5 X 2,5 KG",5,2.5,"5229dfb764d843b66341f7ca5cdec3dd",63,4.1,388,288,214,396.2,296.2,222.2,1800,800,1200,8,2,4,64,0.965783576592592,23913216,26076156.568,1728000000,1.3848,0.08,1200,169.394495412844,848709,0,5662,521,854892,0,546731,308161,0,0,0,8543,4816,0,0,13359,0,248762.605,160243.72,0,0,0,1281450,722400,0,0,2003850,409006.325,8,87.5,TRUE,0.03574977117256
"BR0148","5 bolsas de 2,5 kg | Bastones rectos de brocoli 9x9 mm | Ref TYH","Bastones rectos de brocoli","Estacional","Bastones clasicos - Sigilo","Bastones clasicos","Medio",12.5,"5 X 2,5 KG",5,2.5,"161332db17a4c8bcba8a5651098cbe91",11,4.1,388,288,189,396.2,296.2,197.2,1800,800,1200,9,2,4,72,0.964262315333333,21119616,23142295.568,1728000000,1.3848,0.08,1200,169.394495412844,270283,0,53794,711,324788,0,192086,132702,0,0,0,2668,1844,0,0,4512,0,99884.72,69005.04,0,0,0,400200,276600,0,0,676800,168889.76,9,100,TRUE,0.015378499306048
"BR0149","5 bolsas de 2,5 kg | Bastones rectos de brocoli 13x13 mm","Bastones rectos de brocoli","Estacional","Bastones clasicos - Sigilo","Bastones clasicos","Grueso",12.5,"5 X 2,5 KG",5,2.5,"fe7802fb3f92b710413a4de88233a3f7",203,4.1,388,288,174,396.2,296.2,182.2,1800,800,1200,9,2,4,72,0.890915790333333,19443456,21381978.968,1728000000,1.3848,0.08,1200,169.394495412844,36155,0,0,0,36155,0,0,36155,0,0,0,0,503,0,0,503,0,0,21150.675,0,0,0,0,75450,0,0,75450,21150.675,9,100,TRUE,0.00185949452607602
"BR0150","Bastones rectos de brocoli 9x9 mm - clasico - Caja de 5 packs de 2,5 kg | Ref XV0","Bastones rectos de brocoli","Estacional","Bastones clasicos - Sigilo","Bastones clasicos","Medio",12.5,"5 X 2,5 kg",5,2.5,"631adf6ff70b5781bcd77a8f20a140e0",81,4.1,386,286,192,394.2,294.2,200.2,1800,800,1200,8,2,4,64,0.859923064,21196032,23217922.728,1728000000,1.3768,0.08,1200,168.415902140673,119670,0,14610,0,134280,0,104569,29711,0,0,0,1634,465,0,0,2099,0,54375.88,19312.15,0,0,0,245100,69750,0,0,314850,73688.03,8,87.5,TRUE,0.00633514801260915
"BR0151","Brocoli zigzag 9x9 mm - clasico - Caja de 5 packs de 2,5 kg | Ref QIL","Brocoli zigzag","Forma estable","Bastones clasicos - Sigilo","Bastones clasicos","Forma",12.5,"5 X 2,5 KG",5,2.5,"414d4cf5c1bc8a346f7e4445ede7acbd",49,4.1,386,286,229,394.2,294.2,237.2,1800,800,1200,7,2,4,56,0.891493666,25280684,27508947.408,1728000000,1.3768,0.08,1200,168.415902140673,9270,0,86155,0,95425,0,0,95425,0,0,0,0,1705,0,0,1705,0,0,43418.375,0,0,0,0,255750,0,0,255750,43418.375,7,75,TRUE,0.00377462097148954
"BR0152","Bastones rectos de brocoli 9x9 mm - sazonado - Caja de 5 packs de 2,5 kg","Bastones rectos de brocoli","Estacional","Bastones clasicos - Sigilo","Bastones clasicos","Medio",12.5,"5 X 2,5 KG",5,2.5,"27cfee279bf2517d910cfab7c0b51213",30,4.1,386,286,204,394.2,294.2,212.2,1800,800,1200,8,2,4,64,0.911466904,22520784,24609606.408,1728000000,1.3768,0.08,1200,168.415902140673,118353,0,0,0,118353,0,0,118353,0,0,0,0,1850,0,0,1850,0,0,61543.56,0,0,0,0,277500,0,0,277500,61543.56,8,87.5,TRUE,0.00525527885707709
"BR0153","Brocoli zigzag 9x9 mm - clasico - Caja de 5 packs de 2,5 kg | Ref V9S","Brocoli zigzag","Forma estable","Bastones clasicos - Sigilo","Bastones clasicos","Forma",12.5,"5 X 2,5 KG",5,2.5,"a81b2225c037d3a9acb4e700a03958ae",129,4.1,386,286,232,394.2,294.2,240.2,1800,800,1200,7,2,4,56,0.902768881,25611872,27856868.328,1728000000,1.3768,0.08,1200,168.415902140673,157859,0,15345,0,173204,0,0,173204,0,0,0,0,3093,0,0,3093,0,0,90066.08,0,0,0,0,463950,0,0,463950,90066.08,7,75,TRUE,0.00676264507334723
"BR0154","Bastones rectos de brocoli 6x6 mm - con cabo - Caja de 5 packs de 2,5 kg","Bastones rectos de brocoli","Estacional","Bastones clasicos - Sigilo","Bastones clasicos","Fino",12.5,"5 X2,5 KG",5,2.5,"5229dfb764d843b66341f7ca5cdec3dd",63,4.1,388,288,214,396.2,296.2,222.2,1800,800,1200,8,2,4,64,0.965783576592592,23913216,26076156.568,1728000000,1.3848,0.08,1200,169.394495412844,172895,0,9735,0,182630,0,106658,75972,0,0,0,1667,1188,0,0,2855,0,48529.39,39505.44,0,0,0,250050,178200,0,0,428250,88034.83,8,87.5,TRUE,0.00763719944653199
"BR0155","Corte rustico de brocoli - clasico - Caja de 5 packs de 2,5 kg","Corte rustico de brocoli","Forma estable","Bastones clasicos - Sigilo","Bastones clasicos","Forma",12.5,"5 X 2.5 KG",2.5,2.5,"27cfee279bf2517d910cfab7c0b51213",30,4.1,386,286,204,394.2,294.2,212.2,1800,800,1200,8,2,4,64,0.911466904,22520784,24609606.408,1728000000,1.3768,0.08,1200,168.415902140673,17826,0,36184,0,54010,0,54010,0,0,0,0,844,0,0,0,844,0,31595.85,0,0,0,0,126600,0,0,0,126600,31595.85,8,87.5,TRUE,0.00239822912026508
"BR0156","5 bolsas de 2,5 kg | Bastones rectos de brocoli 11x11 mm con cabo | Ref MBF","Bastones rectos de brocoli","Estacional","Bastones clasicos - Sigilo","Bastones clasicos","Medio",12.5,"5 X 2,5 KG",5,2.5,"fe7802fb3f92b710413a4de88233a3f7",203,4.1,388,288,174,396.2,296.2,182.2,1800,800,1200,9,2,4,72,0.890915790333333,19443456,21381978.968,1728000000,1.3848,0.08,1200,169.394495412844,7162,0,8786,0,15948,0,0,15948,0,0,0,0,222,0,0,222,0,0,9329.58,0,0,0,0,33300,0,0,33300,9329.58,9,100,TRUE,0.000820224552672118
"BR0157","Espirales de brocoli - sazonado - Caja de 5 packs de 2,5 kg | Ref KQC","Espirales de brocoli","Forma estable","Bastones clasicos - Sigilo","Bastones clasicos","Forma",12.5,"5 X2,5 KG",5,2.5,"ce9d9f5685ddf0df230b3137826b5cde",167,4.1,386,286,256,394.2,294.2,264.2,1800,800,1200,6,2,4,48,0.851117658,28261376,30640235.688,1728000000,1.3768,0.08,1200,168.415902140673,145653,0,311710,0,457363,0,0,457363,0,0,0,0,9529,0,0,9529,0,0,208100.165,0,0,0,0,1429350,0,0,1429350,208100.165,6,62.5,TRUE,0.0161833238409906
"BR0158","Cubos de brocoli - sazonado - Caja de 5 packs de 2,5 kg","Cubos de brocoli","Forma estable","Guarniciones - Cubos","Guarniciones","Forma",12.5,"5 X 2,5 KG",5,2.5,"4f08f853cf7f9be28571df66a50bc322",60,4.1,388,288,164,396.2,296.2,172.2,1800,800,1200,10,2,4,80,0.935575674444444,18326016,20208434.568,1728000000,1.3848,0.08,1200,169.394495412844,14567,0,3885,0,18452,0,18452,0,0,0,0,231,0,0,0,231,0,10794.42,0,0,0,0,34650,0,0,0,34650,10794.42,10,112.5,TRUE,0.00100687459838516
"BR0159","BonsaiGreen Gajos de brocoli sazonado 5 x 2,5 kg | Ref PO5","Gajos de brocoli","Forma estable","Bastones clasicos - Sigilo","Bastones clasicos","Forma",12.5,"5x2,5 kg",5,2.5,"116dda17a7b7fb82c62f462ef4a94218",6,4.1,386,286,164,394.2,294.2,172.2,1800,800,1200,10,2,4,80,0.92456763,18104944,19970660.808,1728000000,1.3768,0.08,1200,168.415902140673,210670,0,116562,0,327232,0,327232,0,0,0,0,4091,0,0,0,4091,0,148890.56,0,0,0,0,613650,0,0,0,613650,148890.56,10,112.5,TRUE,0.0180741790750637
"BR0160","Gajos de brocoli - sazonado - Caja de 5 packs de 2,5 kg","Gajos de brocoli","Forma estable","Bastones clasicos - Sigilo","Bastones clasicos","Forma",12.5,"5 X 2,5 KG",5,2.5,"116dda17a7b7fb82c62f462ef4a94218",6,4.1,386,286,164,394.2,294.2,172.2,1800,800,1200,10,2,4,80,0.92456763,18104944,19970660.808,1728000000,1.3768,0.08,1200,168.415902140673,83389,0,76978,0,160367,0,160367,0,0,0,0,2005,0,0,0,2005,0,72966.985,0,0,0,0,300750,0,0,0,300750,72966.985,10,112.5,TRUE,0.00885763579274258
"BR0161","BonsaiPremium Bastones rectos de brocoli 5 x 2,5 kg | Ref F6I","Bastones rectos de brocoli","Estacional","Brocoli especial - Bastones Especiales","Brocoli especial","Corte steak",12.5,"5 X 2,5 KG",5,2.5,"161332db17a4c8bcba8a5651098cbe91",11,4.1,388,288,189,396.2,296.2,197.2,1800,800,1200,9,2,4,72,0.964262315333333,21119616,23142295.568,1728000000,1.3848,0.08,1200,169.394495412844,20307,0,3310,0,23617,3688,8397,5495,2768,3269,52,117,77,39,46,331,2636.92,4366.44,2857.4,1979.12,2337.335,7800,17550,11550,5850,6900,49650,14177.215,9,100,TRUE,0.00111824949847573
"BR0162","11 bolsas de 1 kg | Tortitas de brocoli | Ref 1Y4","Tortitas de brocoli","Forma estable","Guarniciones - Tortitas","Guarniciones","Forma",11,"11 X 1 KG",11,1,"4e4ab9c5dd0e741b2d59dd243d6a270a",59,4.6,383,285,226,392.2,294.2,235.2,1800,800,1200,7,2,4,56,0.879491940444444,24669030,27138608.448,1728000000,1.3728,0.1,1450,202.911314984709,25936,0,85023,0,110959,110959,0,0,0,0,1982,0,0,0,0,1982,62137.04,0,0,0,0,297300,0,0,0,0,297300,62137.04,7,66,TRUE,0.00449790688973178
"BR0163","Dippers de brocoli - clasico - Caja de 5 packs de 2,5 kg","Dippers de brocoli","Forma estable","Bastones clasicos - Sigilo","Bastones clasicos","Forma",12.5,"5 X 2,5 KG",5,2.5,"ad99ed562d5d808977b10fa512bfde8b",138,4.1,386,286,214,394.2,294.2,222.2,1800,800,1200,8,2,4,64,0.954420104,23624744,25769342.808,1728000000,1.3768,0.08,1200,168.415902140673,54508,0,1126,0,55634,0,55634,0,0,0,0,870,0,0,0,870,0,32545.89,0,0,0,0,130500,0,0,0,130500,32545.89,8,87.5,TRUE,0.00235490382456631
"BR0164","Cubos de brocoli - clasico - Caja de 5 packs de 2,5 kg","Cubos de brocoli","Forma estable","Guarniciones - Cubos","Guarniciones","Forma",12.5,"5 X 2,5 KG",5,2.5,"eb8c91d6266d086a541d9c7411a9d92f",191,4.1,388,288,149,396.2,296.2,157.2,1800,800,1200,11,2,4,88,0.939487489111111,16649856,18448117.968,1728000000,1.3848,0.08,1200,169.394495412844,8674,0,173,0,8847,0,8847,0,0,0,0,101,0,0,0,101,0,6325.605,0,0,0,0,15150,0,0,0,15150,6325.605,11,125,TRUE,0.000531355946862243
"BR0165","Mini tortitas de brocoli - clasico - Caja de 5 packs de 2,5 kg","Mini tortitas de brocoli","Forma estable","Guarniciones - Tortitas","Guarniciones","Forma",12.5,"5 X 2,5 KG",5,2.5,"6d3b65a1af8cc152d64aed67c4b13230",89,4.6,383,285,191,392.2,294.2,200.2,1800,800,1200,8,2,4,64,0.855560186962963,20848605,23100125.048,1728000000,1.3728,0.1,1450,202.911314984709,202,0,12284,0,12486,12486,0,0,0,0,196,0,0,0,0,196,9614.22,0,0,0,0,29400,0,0,0,0,29400,9614.22,8,87.5,TRUE,0.000598888990414467
"BR0166","Bocados de brocoli con mozzarella - clasico - Caja de 5 packs de 1 kg | Ref JW3","Bocados de brocoli con mozzarella","Co-produccion","Snacks y aperitivos - Queso","Snacks y aperitivos","Forma",5,"5 X 1 KG",5,1,"3068e6f2a2ce79314e458b7a6ab57b4d",32,4.1,388,288,144,396.2,296.2,152.2,1800,800,1200,11,2,4,88,0.909605571518518,16091136,17861345.768,1728000000,1.3848,0.08,1200,169.394495412844,20501,0,9443,0,29944,4676,10646,6968,3509,4145,54,121,80,40,48,343,3343.34,7611.89,4982.12,2508.935,2155.4,8100,18150,12000,6000,7200,51450,20601.685,11,50,TRUE,0.00186090031182385
"BR0167","Bocados de brocoli con queso cheddar - picante - Caja de 5 packs de 1 kg","Bocados de brocoli con queso cheddar","Co-produccion","Snacks y aperitivos - Queso","Snacks y aperitivos","Forma",5,"5 X 1 KG",5,1,"4c00c9ca639e09b29ebaf3d4ce15c111",56,2.7,395,296,148,400,301.4,153.4,1800,800,1200,11,2,3,66,0.706364388888889,17304160,18493904,1728000000,1.4028,0.06,730,104.387767584098,3705,0,0,0,3705,579,1317,862,434,513,9,20,14,7,8,58,382.14,869.22,568.92,286.44,338.58,1350,3000,2100,1050,1200,8700,2445.3,11,50,TRUE,0.000214110364212998
"BR0168","Aros de brocoli - crocante - Caja de 5 packs de 1 kg","Aros de brocoli","Co-produccion","Snacks y aperitivos - Aros y Vegetales","Snacks y aperitivos","Forma",5,"5 X 1 KG",5,1,"7a36a62f118b7544b9313b676a30ea35",100,4.1,388,288,199,396.2,296.2,207.2,1800,800,1200,8,2,4,64,0.900586665481481,22237056,24315839.968,1728000000,1.3848,0.08,1200,169.394495412844,43270,0,2963,3548,49781,7774,17699,11584,5834,6890,122,277,181,92,108,780,5558.41,12654.785,8282.56,4171.31,4926.35,18300,41550,27150,13800,16200,117000,35593.415,8,35,TRUE,0.00223865065591416
"BR0169","Rosti de brocoli - clasico - Caja de 11 packs de 1 kg | Ref OB2","Rosti de brocoli","Forma estable","Guarniciones - Tortitas","Guarniciones","Forma",11,"11 X 1 KG",11,1,"be032c6684b548fff0bd0e094da34f35",152,4.6,383,285,211,392.2,294.2,220.2,1800,800,1200,8,2,4,64,0.941030735111111,23031705,25407829.848,1728000000,1.3728,0.1,1450,202.911314984709,20013,0,910,0,20923,20923,0,0,0,0,327,0,0,0,0,327,14646.1,0,0,0,0,49050,0,0,0,0,49050,14646.1,8,77,TRUE,0.000908443382719603
"BR0170","5 bolsas de 1 kg | Bocados de brocoli con queso cheddar picante","Bocados de brocoli con queso cheddar","Co-produccion","Snacks y aperitivos - Queso","Snacks y aperitivos","Forma",5,"5 X 1 KG",5,1,"3068e6f2a2ce79314e458b7a6ab57b4d",32,4.1,388,288,144,396.2,296.2,152.2,1800,800,1200,11,2,4,88,0.909605571518518,16091136,17861345.768,1728000000,1.3848,0.08,1200,169.394495412844,4129,0,3241,0,7370,1151,2620,1715,864,1020,14,30,20,10,12,86,822.965,1873.3,1226.225,617.76,530.4,2100,4500,3000,1500,1800,12900,5070.65,11,50,TRUE,0.000458016140066183
"BR0171","BonsaiGreen Gajos de brocoli sazonado 11 x 1 kg","Gajos de brocoli","Forma estable","Bastones clasicos - Sigilo","Bastones clasicos","Forma",11,"11x1,0 kg",11,1,"519a80871f454928779db9ed3e039e2b",62,4.8,380,282,167,389.6,291.6,176.6,1800,800,1200,10,2,4,80,0.92884536,17895720,20063059.776,1728000000,1.3624,0.1,1550,215.261977573904,1310,0,53620,0,54930,0,54930,0,0,0,0,687,0,0,0,687,0,34605.9,0,0,0,0,103050,0,0,0,103050,34605.9,10,99,TRUE,0.00306944900791921
"BR0172","BonsaiGreen Dippers de brocoli 5 x 1,75 kg","Dippers de brocoli","Forma estable","Bastones clasicos - Sigilo","Bastones clasicos","Forma",8.75,"5 X 1,8kg",5,1.8,"414d4cf5c1bc8a346f7e4445ede7acbd",49,4.1,386,286,229,394.2,294.2,237.2,1800,800,1200,7,2,4,56,0.891493666,25280684,27508947.408,1728000000,1.3768,0.08,1200,168.415902140673,39018,0,0,0,39018,0,24528,14490,0,0,0,438,259,0,0,697,0,14348.88,6592.95,0,0,0,65700,38850,0,0,104550,20941.83,7,52.5,TRUE,0.00154339178481089
"BR0173","5 bolsas de 1,75 kg | Bastones rectos de brocoli 9x9 mm","Bastones rectos de brocoli","Estacional","Bastones clasicos - Sigilo","Bastones clasicos","Medio",8.75,"5 X 1,75 KG",5,1.75,"bdefb2124af27fa9ca0fa5d293a18aa4",150,4.1,386,286,209,394.2,294.2,217.2,1800,800,1200,8,2,4,64,0.932943504,23072764,25189474.608,1728000000,1.3768,0.08,1200,168.415902140673,329481,0,0,0,329481,0,216546,112935,0,0,0,3384,1765,0,0,5149,0,112603.92,58726.2,0,0,0,507600,264750,0,0,772350,171330.12,8,61.25,TRUE,0.0142800836518763
"BR0174","Gajos de brocoli - sazonado - Caja de 5 packs de 1,75 kg","Gajos de brocoli","Forma estable","Bastones clasicos - Sigilo","Bastones clasicos","Forma",8.75,"5 X 1.8 KG",1.75,1.75,"116dda17a7b7fb82c62f462ef4a94218",6,4.1,386,286,164,394.2,294.2,172.2,1800,800,1200,10,2,4,80,0.92456763,18104944,19970660.808,1728000000,1.3768,0.08,1200,168.415902140673,49557,0,0,0,49557,0,49557,0,0,0,0,620,0,0,0,620,0,22548.435,0,0,0,0,93000,0,0,0,93000,22548.435,10,78.75,TRUE,0.00273720813497131
"BR0175","Brocoli en rejilla - sazonado - Caja de 5 packs de 1,75 kg","Brocoli en rejilla","Forma estable","Bastones clasicos - Sigilo","Bastones clasicos","Forma",8.75,"5 X 1,75 KG",5,1.75,"2060590a59a5c59ff1bb32dbffe1028b",23,4.1,386,286,288,394.2,294.2,296.2,1800,800,1200,6,2,4,48,0.954205338,31794048,34351392.168,1728000000,1.3768,0.08,1200,168.415902140673,18028,0,0,0,18028,0,18028,0,0,0,0,376,0,0,0,376,0,8202.74,0,0,0,0,56400,0,0,0,56400,8202.74,6,43.75,TRUE,0.00056702436883784
"BR0176","5 bolsas de 1 kg | Bocados de brocoli con queso cheddar picante","Bocados de brocoli con queso cheddar","Co-produccion","Snacks y aperitivos - Queso","Snacks y aperitivos","Forma",5,"5x1,0 kg",5,1,"1e4959b0a5703ba491bdc303578ad11c",19,2.7,393,255,168,398.4,260.4,173.4,1800,800,1200,10,2,4,80,0.83282864,16836120,17989098.624,1728000000,1.3176,0.06,730,98.0477064220183,1,0,18641,0,18642,2911,6628,4338,2185,2580,37,83,55,28,33,236,1921.26,3579.12,2602.8,1442.1,1702.8,5550,12450,8250,4200,4950,35400,11248.08,10,45,TRUE,0.00110726224331972
"BR0177","BonsaiVegetales Bocados de brocoli con mozzarella 5 x 1 kg","Bocados de brocoli con mozzarella","Co-produccion","Snacks y aperitivos - Queso","Snacks y aperitivos","Forma",5,"5 X 1 KG",5,1,"1e4959b0a5703ba491bdc303578ad11c",19,2.7,393,255,168,398.4,260.4,173.4,1800,800,1200,10,2,4,80,0.83282864,16836120,17989098.624,1728000000,1.3176,0.06,730,98.0477064220183,2754,0,0,0,2754,430,979,641,323,381,6,13,9,5,5,38,283.8,528.66,384.6,213.18,251.46,900,1950,1350,750,750,5700,1661.7,10,45,TRUE,0.000163576881134133
"BR0178","5 bolsas de 1 kg | Bocados de brocoli con queso cheddar picante","Bocados de brocoli con queso cheddar","Co-produccion","Snacks y aperitivos - Queso","Snacks y aperitivos","Forma",5,"5 X 1 KG",5,1,"4b244c7cfb71e51bf24fcc396d19c509",55,2.7,393,250,168,398.4,255.4,173.4,1800,800,1200,10,2,4,80,0.816837306666667,16506000,17643685.824,1728000000,1.3076,0.06,730,97.3035677879714,69953,0,5263,0,75216,11746,26742,17502,8815,10411,147,335,219,111,131,943,7047.6,14440.68,9451.08,5289,6246.6,22050,50250,32850,16650,19650,141450,42474.96,10,45,TRUE,0.00455688840421665
"BR0179","BonsaiVegetales Bocados de brocoli con queso suizo 5 x 1 kg","Bocados de brocoli con queso suizo","Co-produccion","Snacks y aperitivos - Queso","Snacks y aperitivos","Forma",5,"5 X 1 KG",5,1,"1aef9680c5b131e489d3ac61e5ace43f",15,4.8,384,286,148,393.6,295.6,157.6,1800,800,1200,11,2,4,88,0.933801713777778,16253952,18336470.016,1728000000,1.3784,0.1,1550,217.79001019368,10579,0,15920,0,26499,4138,9421,6166,3106,3668,48,108,71,36,42,305,3186.26,7254.17,4747.82,2391.62,2824.36,7200,16200,10650,5400,6300,45750,20404.23,11,50,TRUE,0.0016303112006237
"BR0180","BonsaiVegetales Bocados de brocoli con queso crema picante 5 x 1 kg","Bocados de brocoli con queso crema","Co-produccion","Snacks y aperitivos - Queso","Snacks y aperitivos","Forma",5,"5 X 1 KG",5,1,"1e4959b0a5703ba491bdc303578ad11c",19,2.7,393,255,168,398.4,260.4,173.4,1800,800,1200,10,2,4,80,0.83282864,16836120,17989098.624,1728000000,1.3176,0.06,730,98.0477064220183,34641,0,0,0,34641,5409,12316,8061,4060,4795,68,154,101,51,60,434,3569.94,6650.64,4836.6,2679.6,3164.7,10200,23100,15150,7650,9000,65100,20901.48,10,45,TRUE,0.0020575405734813
"BR0181","Bocados de brocoli con queso cheddar - picante - Caja de 5 packs de 1 kg","Bocados de brocoli con queso cheddar","Co-produccion","Snacks y aperitivos - Queso","Snacks y aperitivos","Forma",5,"5X 1,0 KG",5,1,"1e4959b0a5703ba491bdc303578ad11c",19,2.7,393,255,168,398.4,260.4,173.4,1800,800,1200,10,2,4,80,0.83282864,16836120,17989098.624,1728000000,1.3176,0.06,730,98.0477064220183,32220,0,190,0,32410,5061,11523,7542,3798,4486,64,145,95,48,57,409,3340.26,6222.42,4525.2,2506.68,2960.76,9600,21750,14250,7200,8550,61350,19555.32,10,45,TRUE,0.0019250278567746
"BR0182","BonsaiPremium Bastones rectos de brocoli 5 x 2,5 kg | Ref F6I","Bastones rectos de brocoli","Estacional","Brocoli especial - Bastones Especiales","Brocoli especial","Corte steak",12.5,"5 X 2,5 KG",5,2.5,"a1c08078a73de9700accb1bfa9d293be",120,2.7,395,292,245,400,297.4,250.4,1800,800,1200,7,2,4,56,0.96533837037037,28258300,29787584,1728000000,1.3948,0.06,730,103.79245667686,333606,0,1,5154,338761,52901,120441,78828,39703,46888,945,2151,1408,709,838,6051,28566.54,57811.68,42567.12,23821.8,28132.8,141750,322650,211200,106350,125700,907650,180899.94,7,75,TRUE,0.0119880176797613
"BR0183","BonsaiGreen Bastones rectos de brocoli 9x18 mm 5 x 2,5 kg | Ref IGH","Bastones rectos de brocoli","Estacional","Bastones clasicos - Sigilo","Bastones clasicos","Corte steak",12.5,"5 X 2,5 KG",5,2.5,"fc6931875b8384c7bacd18bb4699795f",201,2.7,393,255,219,398.4,260.4,224.4,1800,800,1200,8,2,4,64,0.862222592,21947085,23280009.984,1728000000,1.3176,0.06,730,98.0477064220183,38855,0,0,0,38855,0,0,38855,0,0,0,0,608,0,0,608,0,0,20981.7,0,0,0,0,91200,0,0,91200,20981.7,8,87.5,TRUE,0.00177039456492742
"BR0184","BonsaiPremium Bastones rectos de brocoli 9x9 mm 5 x 2,5 kg | Ref PH8","Bastones rectos de brocoli","Estacional","Bastones clasicos - Cielo","Bastones clasicos","Medio",12.5,"5 X 2,5 KG",5,2.5,"8850d576186653964c356b848cd2153a",104,4.1,386,286,194,394.2,294.2,202.2,1800,800,1200,8,2,4,64,0.868513704,21416824,23449870.008,1728000000,1.3768,0.08,1200,168.415902140673,5895,0,0,0,5895,0,3230,2665,0,0,0,51,42,0,0,93,0,2309.45,1905.475,0,0,0,7650,6300,0,0,13950,4214.925,8,87.5,TRUE,0.000275250896211315
"BR0185","BonsaiGreen Brocoli zigzag 5 x 2,5 kg","Brocoli zigzag","Forma estable","Bastones clasicos - Sigilo","Bastones clasicos","Forma",12.5,"5 X 2,5 KG",5,2.5,"78476d2a5588a720c7742ab9b866c42e",98,2.7,393,255,286,398.4,260.4,291.4,1800,800,1200,6,2,4,48,0.839744864,28661490,30230815.104,1728000000,1.3176,0.06,730,98.0477064220183,47249,0,0,0,47249,0,0,47249,0,0,0,0,985,0,0,985,0,0,19844.58,0,0,0,0,147750,0,0,147750,19844.58,6,62.5,TRUE,0.00164851862202558
"BR0186","5 bolsas de 2,5 kg | Mix crujiente de brocoli","Mix crujiente de brocoli","Forma estable","Bastones clasicos - Sigilo","Bastones clasicos","Forma",12.5,"5 X 2,5 KG",5,2.5,"27cfee279bf2517d910cfab7c0b51213",30,4.1,386,286,204,394.2,294.2,212.2,1800,800,1200,8,2,4,64,0.911466904,22520784,24609606.408,1728000000,1.3768,0.08,1200,168.415902140673,79869,0,2,0,79871,0,2196,77675,0,0,0,35,1214,0,0,1249,0,1284.66,40391,0,0,0,5250,182100,0,0,187350,41675.66,8,87.5,TRUE,0.00354654615931666
"BR0187","BonsaiPremium Bastones rectos de brocoli 9x9 mm 5 x 2,5 kg | Ref 2QK","Bastones rectos de brocoli","Estacional","Bastones clasicos - Cielo","Bastones clasicos","Medio",12.5,"5 X 2,5 KG",5,2.5,"e743e947473252606cfa14519dbf593b",186,2.7,393,255,291,398.4,260.4,296.4,1800,800,1200,6,2,4,48,0.854153664,29162565,30749531.904,1728000000,1.3176,0.06,730,98.0477064220183,614,0,0,0,614,614,0,0,0,0,13,0,0,0,0,13,405.24,0,0,0,0,1950,0,0,0,0,1950,405.24,6,62.5,TRUE,2.1054389420135e-05
"BR0188","BonsaiPremium Bastones rectos de brocoli 5 x 2,5 kg | Ref F6I","Bastones rectos de brocoli","Estacional","Brocoli especial - Bastones Especiales","Brocoli especial","Corte steak",12.5,"5 X 2,5 KG",5,2.5,"d31c61f54dfba12e6064bda2c75bc9f2",172,2.7,395,292,194,400,297.4,199.4,1800,800,1200,9,2,4,72,0.988359333333333,22375960,23720624,1728000000,1.3948,0.06,730,103.79245667686,169127,3,1583,0,170713,26659,60694,39724,20008,23628,371,843,552,278,329,2373,15995.4,32774.76,23834.4,12004.8,14176.8,55650,126450,82800,41700,49350,355950,98786.16,9,100,TRUE,0.00762930394941714
"BR0189","Corte rustico de brocoli - clasico - Caja de 5 packs de 2,5 kg","Corte rustico de brocoli","Forma estable","Bastones clasicos - Sigilo","Bastones clasicos","Forma",12.5,"5 X 2,5 KG",5,2.5,"37070e9f43f02e356af14131f16a3112",40,2.7,393,255,245,398.4,260.4,250.4,1800,800,1200,7,2,4,56,0.841858154666667,24552675,25977337.344,1728000000,1.3176,0.06,730,98.0477064220183,528201,0,32401,0,560602,0,560602,0,0,0,0,10011,0,0,0,10011,0,235452.84,0,0,0,0,1501650,0,0,0,1501650,235452.84,7,75,TRUE,0.0228326241438051
"BR0190","5 bolsas de 2,5 kg | Corte rustico de brocoli | Ref 97Y","Corte rustico de brocoli","Forma estable","Bastones clasicos - Sigilo","Bastones clasicos","Forma",12.5,"5 X 2,5kg",5,2.5,"37070e9f43f02e356af14131f16a3112",40,2.7,393,255,245,398.4,260.4,250.4,1800,800,1200,7,2,4,56,0.841858154666667,24552675,25977337.344,1728000000,1.3176,0.06,730,98.0477064220183,17369,0,0,0,17369,0,17369,0,0,0,0,311,0,0,0,311,0,7294.98,0,0,0,0,46650,0,0,0,46650,7294.98,7,75,TRUE,0.000707417827181763
"BR0191","Bastones rectos de brocoli - clasico - Caja de 5 packs de 2,5 kg | Ref 11C","Bastones rectos de brocoli","Estacional","Bastones clasicos - Sigilo","Bastones clasicos","Medio",12.5,"5 X 2,5 KG",5,2.5,"fc6931875b8384c7bacd18bb4699795f",201,2.7,393,255,219,398.4,260.4,224.4,1800,800,1200,8,2,4,64,0.862222592,21947085,23280009.984,1728000000,1.3176,0.06,730,98.0477064220183,88246,0,0,0,88246,40731,0,47515,0,0,637,0,743,0,0,1380,19550.88,0,25658.1,0,0,95550,0,111450,0,0,207000,45208.98,8,87.5,TRUE,0.00402085288319611
"BR0192","5 bolsas de 2,5 kg | Bastones rectos de brocoli | Ref GXS","Bastones rectos de brocoli","Estacional","Bastones clasicos - Sigilo","Bastones clasicos","Grueso",12.5,"5 X 2,5 KG",5,2.5,"1a3ffa8018de4637afcdd1e390e2602a",14,4.1,383,248,199,391.2,256.2,207.2,1800,800,1200,8,2,4,64,0.769137450666667,18901816,20766711.168,1728000000,1.2948,0.08,1200,158.385321100917,93709,0,0,75,93784,0,0,0,0,93784,0,0,0,0,1466,1466,0,0,0,0,54863.64,0,0,0,0,219900,219900,54863.64,8,87.5,TRUE,0.00496163966467561
"BR0193","Brocoli zigzag 9x9 mm - clasico - Caja de 5 packs de 2,5 kg | Ref V9S","Brocoli zigzag","Forma estable","Bastones clasicos - Sigilo","Bastones clasicos","Forma",12.5,"5X2,5 KG",5,2.5,"78476d2a5588a720c7742ab9b866c42e",98,2.7,393,255,286,398.4,260.4,291.4,1800,800,1200,6,2,4,48,0.839744864,28661490,30230815.104,1728000000,1.3176,0.06,730,98.0477064220183,352703,1,2,0,352706,0,0,264390,0,88316,0,0,5509,0,1840,7349,0,0,111043.8,0,42391.68,0,0,826350,0,276000,1102350,153435.48,6,62.5,TRUE,0.0123059198946042
"BR0194","5 bolsas de 1,75 kg | Bastones rectos de brocoli 6x6 mm","Bastones rectos de brocoli","Estacional","Brocoli especial - Bastones Especiales","Brocoli especial","Fino",8.75,"5 X 1,75 KG",5,1.75,"f1efec47e48187c72213058375afab2c",196,2.7,395,296,286,400,301.4,291.4,1800,800,1200,6,2,3,36,0.731899666666667,33439120,35131184,1728000000,1.4028,0.06,730,104.387767584098,48228,0,0,0,48228,7531,17147,11223,5652,6675,210,477,312,157,186,1342,4970.46,9259.38,7407.18,3730.32,4405.5,31500,71550,46800,23550,27900,201300,29772.84,6,43.75,TRUE,0.0014422628346679
"BR0195","BonsaiGreen Bastones rectos de brocoli 9x9 mm con cabo 5 x 2,5 kg | Ref GPT","Bastones rectos de brocoli","Estacional","Bastones clasicos - Sigilo","Bastones clasicos","Medio",12.5,"5 X 2,5 kg",5,2.5,"02cf77de65b70dd77905e2e33d78478f",1,2.7,395,296,291,400,301.4,296.4,1800,800,1200,6,2,3,36,0.744458,34023720,35733984,1728000000,1.4028,0.06,730,104.387767584098,315717,0,0,0,315717,0,0,0,0,315717,0,0,0,0,8770,8770,0,0,0,0,132601.14,0,0,0,0,1315500,1315500,132601.14,6,62.5,TRUE,0.00927932042704325
"BR0196","Bastones rectos de brocoli - clasico - Caja de 5 packs de 2,5 kg | Ref M96","Bastones rectos de brocoli","Estacional","Bastones clasicos - Sigilo","Bastones clasicos","Grueso",12.5,"5 X 2,5 KG",5,2.5,"3249c6671a2e400c91ae940376aa4946",33,4.1,388,288,268,396.2,296.2,276.2,1800,800,1200,6,2,4,48,0.900369342444444,29947392,32413296.328,1728000000,1.3848,0.08,1200,169.394495412844,31013,0,0,0,31013,0,0,0,0,31013,0,0,0,0,647,647,0,0,0,0,20158.45,0,0,0,0,97050,97050,20158.45,6,62.5,TRUE,0.00103558266442701
"BR0197","Bastones rectos de brocoli 7x7 mm - clasico - Caja de 5 packs de 2,5 kg","Bastones rectos de brocoli","Estacional","Bastones clasicos - Legumes Frites","Bastones clasicos","Fino",12.5,"5 X 2,5 KG",5,2.5,"614801e8bbdec32546c0d92055dfb596",79,4.1,388,288,194,396.2,296.2,202.2,1800,800,1200,8,2,4,64,0.878854361777778,21678336,23729067.768,1728000000,1.3848,0.08,1200,169.394495412844,61138,0,0,0,61138,61138,0,0,0,0,956,0,0,0,0,956,35765.73,0,0,0,0,143400,0,0,0,0,143400,35765.73,8,87.5,TRUE,0.002820234911019
"BR0198","BonsaiGreen Bastones rectos de brocoli 9x9 mm 5 x 2,5 kg | Ref TJZ","Bastones rectos de brocoli","Estacional","Bastones clasicos - Legumes Frites","Bastones clasicos","Medio",12.5,"5 X 2,5 KG",5,2.5,"3bbb0a264f46985b05693bd22a6944d3",44,4.6,381,283,188,390.2,292.2,197.2,1800,800,1200,9,2,4,72,0.936835082,20270724,22484041.968,1728000000,1.3648,0.1,1450,201.728848114169,209409,1,7350,0,216760,216760,0,0,0,0,3011,0,0,0,0,3011,121385.6,0,0,0,0,451650,0,0,0,0,451650,121385.6,9,100,TRUE,0.0106932539755363
"BR0199","BonsaiGreen Bastones rectos de brocoli 9x9 mm 5 x 2,5 kg | Ref 66Q","Bastones rectos de brocoli","Estacional","Bastones clasicos - Legumes Frites","Bastones clasicos","Medio",12.5,"5 X 2,5 KG",5,2.5,"79637c70988d89fe3abe191b59c1ed0c",99,4.1,388,288,219,396.2,296.2,227.2,1800,800,1200,7,2,4,56,0.864076395259259,24471936,26662928.768,1728000000,1.3848,0.08,1200,169.394495412844,43002,1,0,0,43003,43003,0,0,0,0,768,0,0,0,0,768,22361.56,0,0,0,0,115200,0,0,0,0,115200,22361.56,7,75,TRUE,0.00175723735138895
"BR0200","BonsaiGreen Bastones rectos de brocoli 11x11 mm 5 x 2,5 kg | Ref 94Q","Bastones rectos de brocoli","Estacional","Bastones clasicos - Legumes Frites","Bastones clasicos","Medio",12.5,"5 X 2,5 KG",5,2.5,"ad02b3d41b4467a5a65a742951a80e72",135,4.1,386,286,171,394.2,294.2,179.2,1800,800,1200,10,2,4,80,0.96215168,18877716,20782476.288,1728000000,1.3768,0.08,1200,168.415902140673,70691,0,0,0,70691,70691,0,0,0,0,884,0,0,0,0,884,36759.32,0,0,0,0,132600,0,0,0,0,132600,36759.32,10,112.5,TRUE,0.00374467970595595
"BR0201","5 bolsas de 2,5 kg | Bastones rectos de brocoli 9x18 mm | Ref M8G","Bastones rectos de brocoli","Estacional","Bastones clasicos - Legumes Frites","Bastones clasicos","Corte steak",12.5,"5 X 2,5 KG",5,2.5,"162c41fa859810e889efa37f867819bb",12,2.7,395,296,214,400,301.4,219.4,1800,800,1200,8,2,3,48,0.734746222222222,25020880,26450864,1728000000,1.4028,0.06,730,104.387767584098,18969,0,0,0,18969,18969,0,0,0,0,396,0,0,0,0,396,11381.4,0,0,0,0,59400,0,0,0,0,59400,11381.4,8,87.5,TRUE,0.000758126812486211
"BR0202","5 bolsas de 2,5 kg | Bastones rectos de brocoli 9x18 mm | Ref VXR","Bastones rectos de brocoli","Estacional","Bastones clasicos - Legumes Frites","Bastones clasicos","Corte steak",12.5,"5 X 2,5 KG",5,2.5,"67894c5a8355ca9b7e57b96362fa45f1",84,4.1,388,288,169,396.2,296.2,177.2,1800,800,1200,10,2,4,80,0.962741054074074,18884736,20795206.768,1728000000,1.3848,0.08,1200,169.394495412844,81074,0,0,0,81074,81074,0,0,0,0,1014,0,0,0,0,1014,47428.29,0,0,0,0,152100,0,0,0,0,152100,47428.29,10,112.5,TRUE,0.00429309681639182
"BR0203","5 bolsas de 2,5 kg | Bastones rectos de brocoli 9x9 mm | Ref 3JD","Bastones rectos de brocoli","Estacional","Bastones clasicos - Legumes Frites Salados","Bastones clasicos","Medio",12.5,"5 X 2,5 KG",5,2.5,"f95687311339e4b9b0ef5622b26fd941",199,2.7,393,255,209,398.4,260.4,214.4,1800,800,1200,8,2,4,64,0.823799125333333,20944935,22242576.384,1728000000,1.3176,0.06,730,98.0477064220183,319104,2,0,0,319106,22211,0,0,296895,0,348,0,0,4639,0,4987,13326.6,0,0,124695.9,0,52200,0,0,695850,0,748050,138022.5,8,87.5,TRUE,0.0152354733972676
"BR0204","5 bolsas de 2,5 kg | Bastones rectos de brocoli 6x6 mm | Ref MQU","Bastones rectos de brocoli","Estacional","Bastones clasicos - Legumes Frites Salados","Bastones clasicos","Fino",12.5,"5 X 2,5 KG",5,2.5,"3826faf22304dbe5bef22f8c36155874",42,2.7,393,255,224,398.4,260.4,229.4,1800,800,1200,7,2,4,56,0.771255034666667,22448160,23798726.784,1728000000,1.3176,0.06,730,98.0477064220183,76435,2,0,0,76437,0,0,0,76437,0,0,0,0,1365,0,1365,0,0,0,32103.54,0,0,0,0,204750,0,204750,32103.54,7,75,TRUE,0.00340504522419655
"BR0205","Bastones rectos de brocoli 6x6 mm - crocante - Caja de 5 packs de 2,5 kg | Ref 3CH","Bastones rectos de brocoli","Estacional","Bastones extra crocantes - Muy Crocantes","Bastones extra crocantes","Fino",12.5,"5 X 2,5 KG",5,2.5,"414d4cf5c1bc8a346f7e4445ede7acbd",49,4.1,386,286,229,394.2,294.2,237.2,1800,800,1200,7,2,4,56,0.891493666,25280684,27508947.408,1728000000,1.3768,0.08,1200,168.415902140673,306527,0,1,15867,322395,0,42942,279453,0,0,0,767,4991,0,0,5758,0,25121.07,127151.115,0,0,0,115050,748650,0,0,863700,152272.185,7,75,TRUE,0.0127526217249502
"BR0206","5 bolsas de 2,5 kg | Bastones rectos de brocoli 9x9 mm crocante","Bastones rectos de brocoli","Estacional","Bastones extra crocantes - Muy Crocantes","Bastones extra crocantes","Medio",12.5,"5x2,5 kg",5,2.5,"48d2fa87ef6ac189e633680672b6132e",52,4.1,386,286,199,394.2,294.2,207.2,1800,800,1200,8,2,4,64,0.889990304,21968804,24029738.208,1728000000,1.3768,0.08,1200,168.415902140673,509284,0,5000,26184,540468,0,58719,481749,0,0,0,918,7528,0,0,8446,0,30533.88,219195.795,0,0,0,137700,1129200,0,0,1266900,249729.675,8,87.5,TRUE,0.0246016123590524
"BR0207","Bastones rectos de brocoli 9x9 mm - crocante - Caja de 5 packs de 2,5 kg | Ref M67","Bastones rectos de brocoli","Estacional","Bastones extra crocantes - Muy Crocantes","Bastones extra crocantes","Medio",12.5,"5 X 2,5 KG",5,2.5,"48d2fa87ef6ac189e633680672b6132e",52,4.1,386,286,199,394.2,294.2,207.2,1800,800,1200,8,2,4,64,0.889990304,21968804,24029738.208,1728000000,1.3768,0.08,1200,168.415902140673,698710,1,4364,35872,738947,0,17685,721262,0,0,0,277,11270,0,0,11547,0,9196.2,328174.21,0,0,0,41550,1690500,0,0,1732050,337370.41,8,87.5,TRUE,0.0336361961261068
"BR0208","Bastones rectos de brocoli 9x9 mm - crocante - Caja de 5 packs de 2,5 kg | Ref XJG","Bastones rectos de brocoli","Estacional","Bastones extra crocantes - Muy Crocantes","Bastones extra crocantes","Medio",12.5,"5 X 2,5 KG",5,2.5,"fa8da38322149b23e14a120e71d38975",200,2.7,393,255,235,398.4,260.4,240.4,1800,800,1200,7,2,4,56,0.808237621333333,23550525,24939903.744,1728000000,1.3176,0.06,730,98.0477064220183,7252,0,1147,0,8399,0,0,8399,0,0,0,0,150,0,0,150,0,0,3527.58,0,0,0,0,22500,0,0,22500,3527.58,7,75,TRUE,0.000356637484726986
"BR0209","BonsaiPremium Bastones rectos de brocoli 13x13 mm 5 x 2,5 kg","Bastones rectos de brocoli","Estacional","Bastones clasicos - Reserva Privada","Bastones clasicos","Grueso",12.5,"5 X 2,5 KG",5,2.5,"bbc4a9c702728931b676523ffd513a75",149,4.1,384,284,179,392.2,292.2,187.2,1800,800,1200,9,2,4,72,0.893886552,19521024,21453277.248,1728000000,1.3688,0.08,1200,167.437308868502,18727,0,0,0,18727,2924,6658,4358,2195,2592,41,93,61,31,36,262,2090.66,4760.47,3115.97,1569.425,1347.84,6150,13950,9150,4650,5400,39300,12884.365,9,100,TRUE,0.00095932467477116
"BR0209XL","BonsaiPremium Bastones rectos de brocoli 13x13 mm 5 x 2,5 kg XL","Bastones rectos de brocoli","Estacional","Bastones clasicos - Reserva Privada","Bastones clasicos","Grueso",12.5,"5 X 2,5 KG",5,2.5,"f324c5af11a778e41d0ca8572b5187bb",198,4.1,384,286,184,392.2,294.2,192.2,1800,800,1200,9,2,4,72,0.924043463666667,20207616,22177043.128,1728000000,1.3728,0.08,1200,167.926605504587,20283,0,0,0,20283,3168,7211,4720,2377,2807,44,101,66,34,39,284,2265.12,5155.865,3374.8,1699.555,2007.005,6600,15150,9900,5100,5850,42600,14502.345,9,100,TRUE,0.00100373047468836
"BR0210","5 bolsas de 2,5 kg | Bastones rectos de brocoli 16x18 mm","Bastones rectos de brocoli","Estacional","Bastones clasicos - Reserva Privada","Bastones clasicos","Grueso",12.5,"5 X 2,5 KG",5,2.5,"67894c5a8355ca9b7e57b96362fa45f1",84,4.1,388,288,169,396.2,296.2,177.2,1800,800,1200,10,2,4,80,0.962741054074074,18884736,20795206.768,1728000000,1.3848,0.08,1200,169.394495412844,61059,0,0,0,61059,0,0,0,0,61059,0,0,0,0,764,764,0,0,0,0,31750.68,0,0,0,0,114600,114600,31750.68,10,112.5,TRUE,0.00323324615181277
"BR0211","Bastones rectos de brocoli 16x18 mm - con cabo - Caja de 5 packs de 2,5 kg","Bastones rectos de brocoli","Estacional","Bastones clasicos - Reserva Privada","Bastones clasicos","Grueso",12.5,"5x2,5 kg",5,2.5,"67894c5a8355ca9b7e57b96362fa45f1",84,4.1,388,288,169,396.2,296.2,177.2,1800,800,1200,10,2,4,80,0.962741054074074,18884736,20795206.768,1728000000,1.3848,0.08,1200,169.394495412844,47588,0,0,0,47588,0,0,0,0,47588,0,0,0,0,595,595,0,0,0,0,24745.76,0,0,0,0,89250,89250,24745.76,10,112.5,TRUE,0.00251991873225022
"BR0212","BonsaiGreen Brocoli zigzag 9x9 mm 5 x 2,5 kg","Brocoli zigzag","Forma estable","Bastones clasicos - Sigilo","Bastones clasicos","Forma",12.5,"5 X 2,5 KG",5,2.5,"c4661c6946240f8ff854e9255c97cbc9",157,4.1,388,288,353,396.2,296.2,361.2,1800,800,1200,4,2,4,32,0.784970809777778,39445632,42388423.728,1728000000,1.3848,0.08,1200,169.394495412844,41492,0,0,0,41492,0,0,0,0,41492,0,0,0,0,1297,1297,0,0,0,0,26969.8,0,0,0,0,194550,194550,26969.8,4,37.5,TRUE,0.00105187819021381
"BR0213","Espirales de brocoli - sazonado - Caja de 11 packs de 0,5 kg","Espirales de brocoli","Forma estable","Bastones clasicos - Sigilo","Bastones clasicos","Forma",5.5,"11 X 0,5 KG",11,0.5,"6f0bc5eabea0d399e9342acf41bcb33b",93,2.7,395,296,194,400,301.4,199.4,1800,800,1200,9,2,3,54,0.7512395,22682480,24039664,1728000000,1.4028,0.06,730,104.387767584098,2,48016,0,0,48018,0,48018,0,0,0,0,890,0,0,0,890,0,25929.72,0,0,0,0,133500,0,0,0,133500,25929.72,9,44,TRUE,0.00211696428256522
"BR0214","11 bolsas de 0,5 kg | Bastones rectos de brocoli","Bastones rectos de brocoli","Estacional","Bastones clasicos - Sigilo","Bastones clasicos","Forma",5.5,"11 X 0,5 KG",11,0.5,"5e09543a8b7a6614f447c98559a39851",74,2.7,395,296,178,400,301.4,183.4,1800,800,1200,9,2,3,54,0.6909595,20811760,22110704,1728000000,1.4028,0.06,730,104.387767584098,2,30967,0,0,30969,0,30969,0,0,0,0,574,0,0,0,574,0,16723.26,0,0,0,0,86100,0,0,0,86100,16723.26,9,44,TRUE,0.00148805290854786
"BR0215","Brocoli en rejilla - sazonado - Caja de 9 packs de 0,5 kg | Ref WRG","Brocoli en rejilla","Forma estable","Bastones clasicos - Sigilo","Bastones clasicos","Forma",4.5,"9 X 0,5 KG",9,0.5,"5e09543a8b7a6614f447c98559a39851",74,2.7,395,296,178,400,301.4,183.4,1800,800,1200,9,2,3,54,0.6909595,20811760,22110704,1728000000,1.4028,0.06,730,104.387767584098,2,3683,0,0,3685,0,3685,0,0,0,0,69,0,0,0,69,0,1989.9,0,0,0,0,10350,0,0,0,10350,1989.9,9,36,TRUE,0.000177063352642929
"BR0216","Tiras para dip de brocoli - con sal - Caja de 11 packs de 0,5 kg","Tiras para dip de brocoli","Forma estable","Bastones clasicos - Sigilo","Bastones clasicos","Forma",5.5,"11 X 0,5 KG",11,0.5,"1e4959b0a5703ba491bdc303578ad11c",19,2.7,393,255,168,398.4,260.4,173.4,1800,800,1200,10,2,4,80,0.83282864,16836120,17989098.624,1728000000,1.3176,0.06,730,98.0477064220183,3847,35710,0,0,39557,0,39557,0,0,0,0,495,0,0,0,495,0,21360.78,0,0,0,0,74250,0,0,0,74250,21360.78,10,49.5,TRUE,0.0023495318398776
"BR0217","BonsaiGreen Brocoli zigzag sazonado 9 x 0,75 kg","Brocoli zigzag","Forma estable","Bastones clasicos - Sigilo","Bastones clasicos","Forma",6.75,"9 X 0,8kg",9,0.8,"1d004a15dfa567347fd4f43b42afd3a4",18,2.7,395,296,163,400,301.4,168.4,1800,800,1200,10,2,3,60,0.704941111111111,19057960,20302304,1728000000,1.4028,0.06,730,104.387767584098,2,28665,0,0,28667,0,28667,0,0,0,0,478,0,0,0,478,0,17200.2,0,0,0,0,71700,0,0,0,71700,17200.2,10,60.75,TRUE,0.00150420086934803
"BR0218","BonsaiGreen Bastones rectos de brocoli 16x18 mm con cabo 13 x 0,75 kg","Bastones rectos de brocoli","Estacional","Bastones clasicos - Legumes Frites","Bastones clasicos","Grueso",9.75,"13 X 0,75 KG",13,0.75,"cb9988b0557e22e3abc2bbe0a56967d0",163,4.1,386,286,169,394.2,294.2,177.2,1800,800,1200,10,2,4,80,0.95141338,18656924,20550529.008,1728000000,1.3768,0.08,1200,168.415902140673,0,1962,0,0,1962,0,0,0,0,1962,0,0,0,0,25,25,0,0,0,0,1402.83,0,0,0,0,3750,3750,1402.83,10,87.75,TRUE,0.00010516202992519
"BR0219","BonsaiGreen Tiras para dip de brocoli con sal 9 x 0,75 kg","Tiras para dip de brocoli","Forma estable","Bastones clasicos - Sigilo","Bastones clasicos","Forma",6.75,"9 X 0,75 KG",9,0.75,"ce1ff894a22d25ca524b3e3a26227ec6",166,2.7,395,296,158,400,301.4,163.4,1800,800,1200,11,2,3,66,0.752411611111111,18473360,19699504,1728000000,1.4028,0.06,730,104.387767584098,2,50400,0,0,50402,0,50402,0,0,0,0,764,0,0,0,764,0,27217.08,0,0,0,0,114600,0,0,0,114600,27217.08,11,67.5,TRUE,0.00272836127266507
"BR0220","9 bolsas de 0,5 kg | Espirales de brocoli","Espirales de brocoli","Forma estable","Bastones clasicos - Reserva Privada","Bastones clasicos","Forma",4.5,"9 X 0,5 KG",9,0.5,"ae072ed4f441d6f7ab5283589778daca",139,2.7,393,255,184,398.4,260.4,189.4,1800,800,1200,9,2,4,72,0.818708016,18439560,19648992.384,1728000000,1.3176,0.06,730,98.0477064220183,6678,28026,0,0,34704,0,34704,0,0,0,0,482,0,0,0,482,0,16657.92,0,0,0,0,72300,0,0,0,72300,16657.92,9,36,TRUE,0.00188204056929775
"BR0221","BonsaiGreen Espirales de brocoli sazonado 9 x 0,5 kg","Espirales de brocoli","Forma estable","Bastones clasicos - Sigilo","Bastones clasicos","Forma",4.5,"9 X 0,5 KG",9,0.5,"74199034c698427710e01bb0d15604d8",95,2.7,393,255,173,398.4,260.4,178.4,1800,800,1200,10,2,4,80,0.856843306666667,17337195,18507815.424,1728000000,1.3176,0.06,730,98.0477064220183,15119,219095,0,0,234214,0,75581,158633,0,0,0,945,1983,0,0,2928,0,40813.74,76143.84,0,0,0,141750,297450,0,0,439200,116957.58,10,40.5,TRUE,0.0135093364295666
"BR0222","Brocoli en rejilla - sazonado - Caja de 9 packs de 0,5 kg | Ref R6I","Brocoli en rejilla","Forma estable","Bastones clasicos - Sigilo","Bastones clasicos","Forma",4.5,"9 X 0,5 KG",9,0.5,"6606e81b2f59d36618cddb9ed77287c3",83,2.7,393,255,199,398.4,260.4,204.4,1800,800,1200,8,2,4,64,0.785375658666667,19942785,21205142.784,1728000000,1.3176,0.06,730,98.0477064220183,11159,47885,0,0,59044,0,59044,0,0,0,0,923,0,0,0,923,0,28341.12,0,0,0,0,138450,0,0,0,138450,28341.12,8,31.5,TRUE,0.00296066973594711
"BR0223","Brocoli zigzag - clasico - Caja de 9 packs de 0,75 kg","Brocoli zigzag","Forma estable","Bastones clasicos - Sigilo","Bastones clasicos","Forma",6.75,"9 X 0,75 KG",9,0.75,"ae072ed4f441d6f7ab5283589778daca",139,2.7,393,255,184,398.4,260.4,189.4,1800,800,1200,9,2,4,72,0.818708016,18439560,19648992.384,1728000000,1.3176,0.06,730,98.0477064220183,954,54391,0,0,55345,0,48316,7029,0,0,0,672,98,0,0,770,0,23191.68,3795.66,0,0,0,100800,14700,0,0,115500,26987.34,9,54,TRUE,0.00300142736594583
"BR0224","9 bolsas de 0,5 kg | Dippers de brocoli","Dippers de brocoli","Forma estable","Bastones clasicos - Sigilo","Bastones clasicos","Forma",4.5,"9 X 0,5 KG",9,0.5,"3ef63ea58bdc563a0f889a62b3874119",47,2.7,393,255,148,398.4,260.4,153.4,1800,800,1200,11,2,4,88,0.810446970666667,14831820,15914231.424,1728000000,1.3176,0.06,730,98.0477064220183,10207,26712,0,0,36919,0,36919,0,0,0,0,420,0,0,0,420,0,22151.4,0,0,0,0,63000,0,0,0,63000,22151.4,11,45,TRUE,0.00248917530013174
"BR0225","BonsaiGreen Corte rustico de brocoli 9 x 0,75 kg","Corte rustico de brocoli","Forma estable","Bastones clasicos - Sigilo","Bastones clasicos","Forma",6.75,"9 X 0,75 KG",9,0.75,"8f6cdeebd6a09f639e27ef1cbb567311",108,4.1,383,248,154,391.2,256.2,162.2,1800,800,1200,11,2,4,88,0.827880694666667,14627536,16256566.368,1728000000,1.2948,0.08,1200,158.385321100917,3640,72397,0,0,76037,0,76037,0,0,0,0,865,0,0,0,865,0,44481.645,0,0,0,0,129750,0,0,0,129750,44481.645,11,67.5,TRUE,0.00519820973265764
"BR0226","Bastones rectos de brocoli 9x9 mm - con cabo - Caja de 11 packs de 0,75 kg","Bastones rectos de brocoli","Estacional","Bastones clasicos - Sigilo","Bastones clasicos","Medio",8.25,"11 X 0,75 KG",11,0.75,"ae072ed4f441d6f7ab5283589778daca",139,2.7,393,255,184,398.4,260.4,189.4,1800,800,1200,9,2,4,72,0.818708016,18439560,19648992.384,1728000000,1.3176,0.06,730,98.0477064220183,3212,18277,0,0,21489,0,7303,14186,0,0,0,102,198,0,0,300,0,3505.44,7660.44,0,0,0,15300,29700,0,0,45000,11165.88,9,66,TRUE,0.0011653748787932
"BR0227","Brocoli zigzag - sazonado - Caja de 9 packs de 0,75 kg","Brocoli zigzag","Forma estable","Bastones clasicos - Sigilo","Bastones clasicos","Forma",6.75,"9 X0,8 KG",9,0.8,"8f61ca662a88d3f0432d0d6a0cfbf2ee",107,4.1,383,248,179,391.2,256.2,187.2,1800,800,1200,9,2,4,72,0.781758432,17002136,18762202.368,1728000000,1.2948,0.08,1200,158.385321100917,1727,63340,0,0,65067,0,65067,0,0,0,0,904,0,0,0,904,0,38064.195,0,0,0,0,135600,0,0,0,135600,38064.195,9,54,TRUE,0.00382698973823054
"BR0228","9 bolsas de 0,75 kg | Bastones rectos de brocoli","Bastones rectos de brocoli","Estacional","Bastones clasicos - Sigilo","Bastones clasicos","Fino",6.75,"9 X 0,75 KG",9,0.75,"ae072ed4f441d6f7ab5283589778daca",139,2.7,393,255,184,398.4,260.4,189.4,1800,800,1200,9,2,4,72,0.818708016,18439560,19648992.384,1728000000,1.3176,0.06,730,98.0477064220183,5200,30741,0,0,35941,0,5834,30107,0,0,0,82,419,0,0,501,0,2800.32,16257.78,0,0,0,12300,62850,0,0,75150,19058.1,9,54,TRUE,0.00194912459950237
"BR0229","Brocoli en rejilla - sazonado - Caja de 9 packs de 0,5 kg | Ref R6I","Brocoli en rejilla","Forma estable","Bastones clasicos - Sigilo","Bastones clasicos","Forma",4.5,"9 X 0,5 KG",9,0.5,"6606e81b2f59d36618cddb9ed77287c3",83,2.7,393,255,199,398.4,260.4,204.4,1800,800,1200,8,2,4,64,0.785375658666667,19942785,21205142.784,1728000000,1.3176,0.06,730,98.0477064220183,2,163733,0,0,163735,0,143834,19901,0,0,0,2248,311,0,0,2559,0,69040.32,13134.66,0,0,0,337200,46650,0,0,383850,82174.98,8,31.5,TRUE,0.00821023743674718
"BR0230","BonsaiGreen Bastones rectos de brocoli 9x9 mm con cabo 9 x 0,75 kg","Bastones rectos de brocoli","Estacional","Bastones clasicos - Sigilo","Bastones clasicos","Medio",6.75,"9 X 0,75 KG",9,0.75,"ad82db0ca04dc6e4f24560b7e49b6000",137,2.7,395,296,138,400,301.4,143.4,1800,800,1200,12,2,3,72,0.720346,16134960,17288304,1728000000,1.4028,0.06,730,104.387767584098,164,2062,0,0,2226,0,511,1715,0,0,0,8,24,0,0,32,0,337.26,1131.9,0,0,0,1200,3600,0,0,4800,1469.16,12,74.25,TRUE,0.000137961296464323
"BR0231","9 bolsas de 0,75 kg | Bastones rectos de brocoli","Bastones rectos de brocoli","Estacional","Bastones clasicos - Sigilo","Bastones clasicos","Fino",6.75,"9 X 0,75 KG",9,0.75,"a778b11e4e4ba54e29a39958cb07f4f2",127,2.7,395,296,168,400,301.4,173.4,1800,800,1200,10,2,3,60,0.725871666666667,19642560,20905104,1728000000,1.4028,0.06,730,104.387767584098,2,1901,0,0,1903,0,0,1903,0,0,0,0,32,0,0,32,0,0,1255.98,0,0,0,0,4800,0,0,4800,1255.98,10,60.75,TRUE,9.68814655523516e-05
"BR0232","Espirales de brocoli - sazonado - Caja de 5 packs de 2,5 kg | Ref D2J","Espirales de brocoli","Forma estable","Bastones clasicos - Sigilo","Bastones clasicos","Forma",12.5,"5 X 2,5 KG",5,2.5,"ce9d9f5685ddf0df230b3137826b5cde",167,4.1,386,286,256,394.2,294.2,264.2,1800,800,1200,6,2,4,48,0.851117658,28261376,30640235.688,1728000000,1.3768,0.08,1200,168.415902140673,11594,0,0,0,11594,0,0,11594,0,0,0,0,242,0,0,242,0,0,5275.27,0,0,0,0,36300,0,0,36300,5275.27,6,62.5,TRUE,0.000410241879234755
"BR0233","Brocoli en rejilla - sazonado - Caja de 5 packs de 2,5 kg","Brocoli en rejilla","Forma estable","Bastones clasicos - Sigilo","Bastones clasicos","Forma",12.5,"5 X 2,5 KG",5,2.5,"02cf77de65b70dd77905e2e33d78478f",1,2.7,395,296,291,400,301.4,296.4,1800,800,1200,6,2,3,36,0.744458,34023720,35733984,1728000000,1.4028,0.06,730,104.387767584098,0,1,443343,0,443344,0,0,443344,0,0,0,0,12316,0,0,12316,0,0,212805.12,0,0,0,0,1847400,0,0,1847400,212805.12,6,62.5,TRUE,0.0130304387644855
"BR0234","Cubos de brocoli - clasico - Caja de 5 packs de 2,5 kg","Cubos de brocoli","Forma estable","Guarniciones - Cubos","Guarniciones","Forma",12.5,"5 X 2,5 KG",5,2.5,"ae072ed4f441d6f7ab5283589778daca",139,2.7,393,255,184,398.4,260.4,189.4,1800,800,1200,9,2,4,72,0.818708016,18439560,19648992.384,1728000000,1.3176,0.06,730,98.0477064220183,62225,0,1,0,62226,0,62226,0,0,0,0,865,0,0,0,865,0,29868.48,0,0,0,0,129750,0,0,0,129750,29868.48,9,100,FALSE,0.00337459245231448
"BR0235","5 bolsas de 2,5 kg | Tortitas de brocoli","Tortitas de brocoli","Forma estable","Guarniciones - Tortitas","Guarniciones","Forma",12.5,"5 X 2,5 KG",5,2.5,"c68517097037ec6420e21676ab2f1609",159,2.5,393,255,265,398,260,270,1800,800,1200,6,2,4,48,0.7761,26556975,27939600,1728000000,1.316,0.06,600,80.4892966360856,8667,0,2659,0,11326,11326,0,0,0,0,236,0,0,0,0,236,7475.16,0,0,0,0,35400,0,0,0,0,35400,7475.16,6,62.5,TRUE,0.000426479295928847
"BR0236","Rosti de brocoli - clasico - Caja de 5 packs de 2,5 kg","Rosti de brocoli","Forma estable","Guarniciones - Tortitas","Guarniciones","Forma",12.5,"5 X 2,5kg",5,2.5,"6bf7838d3709d8f15fdad06ed6484d8e",88,2.5,393,255,260,398,260,265,1800,800,1200,6,2,4,48,0.761727777777778,26055900,27422200,1728000000,1.316,0.06,600,80.4892966360856,80935,0,5395,0,86330,86330,0,0,0,0,1799,0,0,0,0,1799,46618.2,0,0,0,0,269850,0,0,0,0,269850,46618.2,6,62.5,TRUE,0.00331326110401099
"BR0237","BonsaiGreen Brocoli ondulado 5 x 2,5 kg","Brocoli ondulado","Forma estable","Bastones clasicos - Sigilo","Bastones clasicos","Forma",12.5,"5 X 2,5 KG",5,2.5,"746ba2b15e87d0070b74ecc07f6ca350",96,4.1,388,288,229,396.2,296.2,237.2,1800,800,1200,7,2,4,56,0.902107926740741,25589376,27836473.168,1728000000,1.3848,0.08,1200,169.394495412844,16762,1,0,0,16763,0,0,16763,0,0,0,0,300,0,0,300,0,0,11985.545,0,0,0,0,45000,0,0,45000,11985.545,7,75,TRUE,0.00065507654426587
"BR0238","Bastones rectos de brocoli 6x6 mm - picante - Caja de 5 packs de 1,75 kg","Bastones rectos de brocoli","Estacional","Bastones clasicos - Sigilo","Bastones clasicos","Fino",8.75,"5 X 1,75 KG",5,1.75,"9c72b7ef9f82b991ef05900066e9dc1b",114,4.8,380,282,271,389.6,291.6,280.6,1800,800,1200,6,2,4,48,0.885506256,29040360,31878225.216,1728000000,1.3624,0.1,1550,215.261977573904,196,0,38089,0,38285,0,0,38285,0,0,0,0,798,0,0,798,0,0,26799.5,0,0,0,0,119700,0,0,119700,26799.5,6,43.75,TRUE,0.00131833765146162
"BR0239","Dippers de brocoli - clasico - Caja de 5 packs de 2,5 kg","Dippers de brocoli","Forma estable","Bastones clasicos - Sigilo","Bastones clasicos","Forma",12.5,"5 X 2,5 KG",5,2.5,"963709ce03639618149be23f8bb82ece",111,4.1,383,248,253,391.2,256.2,261.2,1800,800,1200,6,2,4,48,0.727191248,24030952,26178884.928,1728000000,1.2948,0.08,1200,158.385321100917,1534176,2,9,1004,1535191,0,1165678,369513,0,0,0,24285,7699,0,0,31984,0,530383.49,192146.76,0,0,0,3642750,1154850,0,0,4797600,722530.25,6,62.5,TRUE,0.0638839027267834
"BR0240","Dippers de brocoli - clasico - Caja de 5 packs de 2,5 kg","Dippers de brocoli","Forma estable","Bastones clasicos - Sigilo","Bastones clasicos","Forma",12.5,"5 X 2,5 KG",5,2.5,"963709ce03639618149be23f8bb82ece",111,4.1,383,248,253,391.2,256.2,261.2,1800,800,1200,6,2,4,48,0.727191248,24030952,26178884.928,1728000000,1.2948,0.08,1200,158.385321100917,1,0,146137,0,146138,0,110963,35175,0,0,0,2312,733,0,0,3045,0,50488.165,18291,0,0,0,346800,109950,0,0,456750,68779.165,6,62.5,TRUE,0.006081240560091
"BR0241","5 bolsas de 2,5 kg | Gajos de brocoli sazonado","Gajos de brocoli","Forma estable","Bastones clasicos - Sigilo","Bastones clasicos","Forma",12.5,"5 X 2,5 KG",5,2.5,"537ef1ac28efdb45dee0d50d3e1f8274",65,4.8,380,282,251,389.6,291.6,260.6,1800,800,1200,6,2,4,48,0.822391056,26897160,29606078.016,1728000000,1.3624,0.1,1550,215.261977573904,8244,0,13085,0,21329,0,21329,0,0,0,0,445,0,0,0,445,0,14930.3,0,0,0,0,66750,0,0,0,66750,14930.3,6,62.5,TRUE,0.000792983348427864
"BR0242","5 bolsas de 1,75 kg | Rodajas de brocoli","Rodajas de brocoli","Forma estable","Bastones clasicos - Reserva Privada","Bastones clasicos","Forma",8.75,"5 X 1,75 KG",5,1.75,"eb4895380ccaa410da0fefb6f12b197b",190,4.1,386,286,253,394.2,294.2,261.2,1800,800,1200,6,2,4,48,0.841453188,27930188,30292314.768,1728000000,1.3768,0.08,1200,168.415902140673,102787,0,0,0,102787,0,102787,0,0,0,0,2142,0,0,0,2142,0,53449.24,0,0,0,0,321300,0,0,0,321300,53449.24,6,43.75,TRUE,0.0036801399260184
"BR0243","5 bolsas de 2,5 kg | Brocoli en rejilla sazonado, con cabo | Ref XZ2","Brocoli en rejilla","Forma estable","Bastones clasicos - Sigilo","Bastones clasicos","Forma",12.5,"5 X 2,5 KG",5,2.5,"ab2be01db2336d90876b25f646f81b48",132,4.1,386,286,283,394.2,294.2,291.2,1800,800,1200,6,2,4,48,0.938097888,31242068,33771523.968,1728000000,1.3768,0.08,1200,168.415902140673,733361,28205,119454,0,881020,0,0,881020,0,0,0,0,18355,0,0,18355,0,0,400864.1,0,0,0,0,2753250,0,0,2753250,400864.1,6,62.5,TRUE,0.0281997977854731
"BR0244","Espirales de brocoli - sazonado, con cabo - Caja de 5 packs de 2,5 kg","Espirales de brocoli","Forma estable","Bastones clasicos - Sigilo","Bastones clasicos","Forma",12.5,"5 X 2,5 KG",5,2.5,"eb4895380ccaa410da0fefb6f12b197b",190,4.1,386,286,253,394.2,294.2,261.2,1800,800,1200,6,2,4,48,0.841453188,27930188,30292314.768,1728000000,1.3768,0.08,1200,168.415902140673,541199,0,6696,0,547895,0,0,547895,0,0,0,0,11415,0,0,11415,0,0,249292.225,0,0,0,0,1712250,0,0,1712250,249292.225,6,62.5,TRUE,0.019616588330877
"BR0245","Rosti de brocoli - clasico - Caja de 11 packs de 1 kg | Ref AD9","Rosti de brocoli","Forma estable","Guarniciones - Tortitas","Guarniciones","Forma",11,"11 X 1 KG",11,1,"a49d6ed97efd5ce792072d9ef9acf630",124,4.6,378,245,235,387.2,254.2,244.2,1800,800,1200,7,2,4,56,0.778934327111111,21763350,24035687.808,1728000000,1.2828,0.1,1450,189.608562691131,20724,0,0,0,20724,20724,0,0,0,0,371,0,0,0,0,371,14506.8,0,0,0,0,55650,0,0,0,0,55650,14506.8,7,66,TRUE,0.000952243105955655
"BR0246","Bocaditos inflados de brocoli - clasico - Caja de 11 packs de 1 kg","Bocaditos inflados de brocoli","Forma estable","Snacks y aperitivos - Base Brocoli","Snacks y aperitivos","Forma",11,"11 X 1 KG",11,1,"ef2c4cbdd2be88c4d7a73fe0a429c842",194,4.6,378,245,245,387.2,254.2,254.2,1800,800,1200,7,2,4,56,0.810831719703704,22689450,25019950.208,1728000000,1.2828,0.1,1450,189.608562691131,152096,0,1255,0,153351,153351,0,0,0,0,2739,0,0,0,0,2739,85876.56,0,0,0,0,410850,0,0,0,0,410850,85876.56,7,66,TRUE,0.00675869181491839
"BR0247","BonsaiPremium Bastones rectos de brocoli 6x6 mm 5 x 2,5 kg | Ref 3BS","Bastones rectos de brocoli","Estacional","Bastones clasicos - Reserva Privada","Bastones clasicos","Fino",12.5,"5 X 2.5 KG",2.5,2.5,"5c09a821f787019adf0ee74c5cc31985",72,4.1,385,255,318,393.2,263.2,326.2,1800,800,1200,5,2,4,40,0.781447136296296,31219650,33758516.288,1728000000,1.3128,0.08,1200,160.587155963303,2,0,660044,742,660788,0,660788,0,0,0,0,16520,0,0,0,16520,0,300658.54,0,0,0,0,2478000,0,0,0,2478000,300658.54,5,50,TRUE,0.0211657721979587
"BR0248","BonsaiPremium Bastones rectos de brocoli 6x6 mm 5 x 2,5 kg | Ref EBV","Bastones rectos de brocoli","Estacional","Bastones clasicos - Reserva Privada","Bastones clasicos","Fino",12.5,"5 X 2,5 KG",5,2.5,"845990194eeb50cd131954a55fecd655",103,2.5,395,264,330,400,269,335,1800,800,1200,5,2,4,40,0.834398148148148,34412400,36046000,1728000000,1.338,0.06,600,81.8348623853211,0,0,576148,0,576148,576148,0,0,0,0,14404,0,0,0,0,14404,241982.16,0,0,0,0,2160600,0,0,0,0,2160600,241982.16,5,50,TRUE,0.0167424533017168
"BR0249","5 bolsas de 2,5 kg | Bastones rectos de brocoli 6x6 mm | Ref MO1","Bastones rectos de brocoli","Estacional","Bastones clasicos - Reserva Privada","Bastones clasicos","Fino",12.5,"5 X 2,5 KG",5,2.5,"2060590a59a5c59ff1bb32dbffe1028b",23,4.1,386,286,288,394.2,294.2,296.2,1800,800,1200,6,2,4,48,0.954205338,31794048,34351392.168,1728000000,1.3768,0.08,1200,168.415902140673,0,0,282539,0,282539,0,282539,0,0,0,0,5887,0,0,0,5887,0,128555.245,0,0,0,0,883050,0,0,0,883050,128555.245,6,62.5,TRUE,0.00888653750538466
"BR0250","BonsaiPremium Bastones rectos de brocoli 6x6 mm 5 x 2,5 kg | Ref HQ9","Bastones rectos de brocoli","Estacional","Bastones clasicos - Reserva Privada","Bastones clasicos","Fino",12.5,"5 X 2,5 KG",5,2.5,"2060590a59a5c59ff1bb32dbffe1028b",23,4.1,386,286,288,394.2,294.2,296.2,1800,800,1200,6,2,4,48,0.954205338,31794048,34351392.168,1728000000,1.3768,0.08,1200,168.415902140673,0,0,13200,0,13200,0,13200,0,0,0,0,275,0,0,0,275,0,6006,0,0,0,0,41250,0,0,0,41250,6006,6,62.5,TRUE,0.0004151720472964
"BR0251","Bastones rectos de brocoli 6x6 mm - clasico - Caja de 5 packs de 2,5 kg | Ref KYM","Bastones rectos de brocoli","Estacional","Bastones clasicos - Reserva Privada","Bastones clasicos","Fino",12.5,"5 X 2,5 kg",5,2.5,"60f9d051a89c1302333f9987840f1831",78,4.1,385,255,328,393.2,263.2,336.2,1800,800,1200,5,2,4,40,0.80540321037037,32201400,34793418.688,1728000000,1.3128,0.08,1200,160.587155963303,0,0,120133,0,120133,0,120133,0,0,0,0,3004,0,0,0,3004,0,54660.515,0,0,0,0,450600,0,0,0,450600,54660.515,5,50,TRUE,0.00373067630599912
"BR0252","BonsaiPremium Bastones rectos de brocoli 6x6 mm 5 x 2,5 kg | Ref 9HL","Bastones rectos de brocoli","Estacional","Bastones clasicos - Reserva Privada","Bastones clasicos","Fino",12.5,"5 X 2,5 KG",5,2.5,"60f9d051a89c1302333f9987840f1831",78,4.1,385,255,328,393.2,263.2,336.2,1800,800,1200,5,2,4,40,0.80540321037037,32201400,34793418.688,1728000000,1.3128,0.08,1200,160.587155963303,0,0,1165084,5540,1170624,0,1170624,0,0,0,0,29266,0,0,0,29266,0,532633.92,0,0,0,0,4389900,0,0,0,4389900,532633.92,5,50,TRUE,0.0363532020346941
"BR0253","BonsaiPremium Bastones rectos de brocoli 6x6 mm 5 x 2,5 kg | Ref 6DP","Bastones rectos de brocoli","Estacional","Bastones clasicos - Reserva Privada","Bastones clasicos","Fino",12.5,"5 X 2,5 KG",5,2.5,"845990194eeb50cd131954a55fecd655",103,2.5,395,264,330,400,269,335,1800,800,1200,5,2,4,40,0.834398148148148,34412400,36046000,1728000000,1.338,0.06,600,81.8348623853211,0,0,1913149,0,1913149,1913149,0,0,0,0,47829,0,0,0,0,47829,803522.58,0,0,0,0,7174350,0,0,0,0,7174350,803522.58,5,50,TRUE,0.0555947565412468
"BR0254","5 bolsas de 2,5 kg | Bastones rectos de brocoli 6x6 mm | Ref 7FD","Bastones rectos de brocoli","Estacional","Bastones clasicos - Reserva Privada","Bastones clasicos","Fino",12.5,"5 X 2,5 KG",5,2.5,"845990194eeb50cd131954a55fecd655",103,2.5,395,264,330,400,269,335,1800,800,1200,5,2,4,40,0.834398148148148,34412400,36046000,1728000000,1.338,0.06,600,81.8348623853211,0,0,39317,0,39317,39317,0,0,0,0,983,0,0,0,0,983,16513.14,0,0,0,0,147450,0,0,0,0,147450,16513.14,5,50,TRUE,0.00114252420639072
"BR0255","BonsaiPremium Bastones rectos de brocoli 6x6 mm 5 x 2,5 kg | Ref UW8","Bastones rectos de brocoli","Estacional","Bastones clasicos - Reserva Privada","Bastones clasicos","Fino",12.5,"5 X 2,5 KG",5,2.5,"11b35a29e8327acfb5f714e16d96040c",7,4.1,379,268,363,387.2,276.2,371.2,1800,800,1200,4,2,4,32,0.735145377185185,36870636,39697850.368,1728000000,1.3268,0.08,1200,162.299694189602,0,0,702946,4513,707459,0,0,0,0,707459,0,0,0,0,22109,22109,0,0,0,0,321893.845,0,0,0,0,3316350,3316350,321893.845,4,37.5,TRUE,0.0191875995846668
"BR0256","BonsaiPremium Bastones rectos de brocoli 6x6 mm 5 x 2,5 kg | Ref R0L","Bastones rectos de brocoli","Estacional","Bastones clasicos - Reserva Privada","Bastones clasicos","Fino",12.5,"5 X 2,5 kg",5,2.5,"4f15606db1c337e2b9460243b25326d4",61,4.1,379,268,358,387.2,276.2,366.2,1800,800,1200,4,2,4,32,0.725243095703704,36362776,39163127.168,1728000000,1.3268,0.08,1200,162.299694189602,0,0,408317,0,408317,0,0,0,0,408317,0,0,0,0,12760,12760,0,0,0,0,212324.84,0,0,0,0,1914000,1914000,212324.84,4,37.5,TRUE,0.011228983177742
"BR0257","BonsaiPremium Bastones rectos de brocoli 6x6 mm 5 x 2,5 kg | Ref 9HL","Bastones rectos de brocoli","Estacional","Bastones clasicos - Reserva Privada","Bastones clasicos","Fino",12.5,"5 X 2,5 KG",5,2.5,"2060590a59a5c59ff1bb32dbffe1028b",23,4.1,386,286,288,394.2,294.2,296.2,1800,800,1200,6,2,4,48,0.954205338,31794048,34351392.168,1728000000,1.3768,0.08,1200,168.415902140673,0,0,114566,1136,115702,0,62721,52981,0,0,0,1307,1104,0,0,2411,0,28538.055,30993.885,0,0,0,196050,165600,0,0,361650,59531.94,6,62.5,TRUE,0.00363910880426424
"BR0258","BonsaiPremium Bastones rectos de brocoli 6x6 mm 5 x 2,5 kg | Ref EBV","Bastones rectos de brocoli","Estacional","Bastones clasicos - Reserva Privada","Bastones clasicos","Fino",12.5,"5 X 2,5 KG",5,2.5,"2060590a59a5c59ff1bb32dbffe1028b",23,4.1,386,286,288,394.2,294.2,296.2,1800,800,1200,6,2,4,48,0.954205338,31794048,34351392.168,1728000000,1.3768,0.08,1200,168.415902140673,0,0,128133,503,128636,0,128636,0,0,0,0,2680,0,0,0,2680,0,58529.38,0,0,0,0,402000,0,0,0,402000,58529.38,6,62.5,TRUE,0.00404591450575907
"BR0259","5 bolsas de 2,5 kg | Corte rustico de brocoli | Ref VYR","Corte rustico de brocoli","Forma estable","Bastones clasicos - Sigilo","Bastones clasicos","Forma",12.5,"5 X 2,5 KG",5,2.5,"d85b31778b741c8bdb462d9f332e56d2",176,4.1,383,248,244,391.2,256.2,252.2,1800,800,1200,7,2,4,56,0.819157369333333,23176096,25276855.968,1728000000,1.2948,0.08,1200,158.385321100917,0,0,38639,0,38639,0,38639,0,0,0,0,690,0,0,0,690,0,25115.35,0,0,0,0,103500,0,0,0,103500,25115.35,7,75,TRUE,0.00166719192050292
"BR0260","5 bolsas de 2,5 kg | Bastones rectos de brocoli 9x9 mm | Ref RZ3","Bastones rectos de brocoli","Estacional","Bastones clasicos - Legumes Frites Salados","Bastones clasicos","Medio",12.5,"5 X 2,5 KG",5,2.5,"f95687311339e4b9b0ef5622b26fd941",199,2.7,393,255,209,398.4,260.4,214.4,1800,800,1200,8,2,4,64,0.823799125333333,20944935,22242576.384,1728000000,1.3176,0.06,730,98.0477064220183,16557,0,0,0,16557,0,0,0,16557,0,0,0,0,259,0,259,0,0,0,6953.94,0,0,0,0,38850,0,38850,6953.94,8,87.5,TRUE,0.000790501378973007
"BR0261","BonsaiPremium Gajos de brocoli 5 x 2,5 kg","Gajos de brocoli","Forma estable","Bastones clasicos - Reserva Privada","Bastones clasicos","Forma",12.5,"5 X 2,5 KG",5,2.5,"83d3c7c10fbc6fe2e476fd8c600855e2",102,2.7,393,255,194,398.4,260.4,199.4,1800,800,1200,9,2,4,72,0.861934416,19441710,20686425.984,1728000000,1.3176,0.06,730,98.0477064220183,28626,0,0,0,28626,0,24918,3708,0,0,0,347,52,0,0,399,0,10465.56,1779.84,0,0,0,52050,7800,0,0,59850,12245.4,9,100,FALSE,0.00147240134741234
"BR0262","BonsaiVegetales Cubos de brocoli 11 x 1 kg","Cubos de brocoli","Forma estable","Guarniciones - Cubos","Guarniciones","Forma",11,"11 X 1 KG",11,1,"83d3c7c10fbc6fe2e476fd8c600855e2",102,2.7,393,255,194,398.4,260.4,199.4,1800,800,1200,9,2,4,72,0.861934416,19441710,20686425.984,1728000000,1.3176,0.06,730,98.0477064220183,9883,0,0,0,9883,0,9883,0,0,0,0,138,0,0,0,138,0,4150.86,0,0,0,0,20700,0,0,0,20700,4150.86,9,88,TRUE,0.000508340058564807
"BR0263","5 bolsas de 2,5 kg | Bastones rectos de brocoli | Ref 2YG","Bastones rectos de brocoli","Estacional","Bastones clasicos - Legumes Frites","Bastones clasicos","Corte steak",12.5,"5 X 2,5 KG",5,2.5,"b9470f0403af99853ed89bcf86be3235",148,4.1,383,248,194,391.2,256.2,202.2,1800,800,1200,8,2,4,64,0.750577184,18426896,20265583.968,1728000000,1.2948,0.08,1200,158.385321100917,47162,0,0,0,47162,47162,0,0,0,0,737,0,0,0,0,737,30655.3,0,0,0,0,110550,0,0,0,0,110550,30655.3,8,87.5,TRUE,0.00255941098272872
"BR0264","5 bolsas de 2,5 kg | Bastones rectos de brocoli | Ref GW2","Bastones rectos de brocoli","Estacional","Bastones clasicos - Legumes Frites","Bastones clasicos","Medio",12.5,"5 X 2,5 KG",5,2.5,"1a3ffa8018de4637afcdd1e390e2602a",14,4.1,383,248,199,391.2,256.2,207.2,1800,800,1200,8,2,4,64,0.769137450666667,18901816,20766711.168,1728000000,1.2948,0.08,1200,158.385321100917,163709,0,0,0,163709,96397,0,0,67312,0,1507,0,0,1052,0,2559,50126.44,0,0,35002.24,0,226050,0,0,157800,0,383850,85128.68,8,87.5,TRUE,0.00866101966075641
"BR0265","Gajos de brocoli - clasico - Caja de 5 packs de 2,5 kg | Ref SF8","Gajos de brocoli","Forma estable","Bastones clasicos - Reserva Privada","Bastones clasicos","Forma",12.5,"5 X 2,5 KG",5,2.5,"3b9cad8a30970ffa68683f11cb2734ba",43,4.1,383,248,184,391.2,256.2,192.2,1800,800,1200,9,2,4,72,0.802638732,17477056,19263329.568,1728000000,1.2948,0.08,1200,158.385321100917,68585,0,0,0,68585,0,0,68585,0,0,0,0,953,0,0,953,0,0,40122.225,0,0,0,0,142950,0,0,142950,40122.225,9,100,TRUE,0.00392428793499317
"BR0266","13 bolsas de 0,75 kg | Espirales de brocoli","Espirales de brocoli","Forma estable","Bastones clasicos - Sigilo","Bastones clasicos","Forma",9.75,"13 X 0,75 KG",13,0.75,"4989f7c44b56191eebb2c0b95763c0db",54,2.7,395,296,250,400,301.4,255.4,1800,800,1200,7,2,3,42,0.748392944444444,29230000,30791024,1728000000,1.4028,0.06,730,104.387767584098,0,32727,0,0,32727,0,32727,0,0,0,0,780,0,0,0,780,0,15708.96,0,0,0,0,117000,0,0,0,117000,15708.96,7,58.5,TRUE,0.00111963735887787
"BR0267","5 bolsas de 2,5 kg | Bastones rectos de brocoli con cabo, crocante","Bastones rectos de brocoli","Estacional","Bastones clasicos - Sigilo","Bastones clasicos","Fino",12.5,"5 X 2,5 KG",5,2.5,"5c09a821f787019adf0ee74c5cc31985",72,4.1,385,255,318,393.2,263.2,326.2,1800,800,1200,5,2,4,40,0.781447136296296,31219650,33758516.288,1728000000,1.3128,0.08,1200,160.587155963303,161176,0,0,0,161176,0,0,161176,0,0,0,0,4030,0,0,4030,0,0,83811.52,0,0,0,0,604500,0,0,604500,83811.52,5,50,TRUE,0.00516264596175806
"BR0268","BonsaiGreen Bastones rectos de brocoli 9x9 mm 5 x 2,5 kg | Ref 5JJ","Bastones rectos de brocoli","Estacional","Bastones clasicos - Legumes Frites","Bastones clasicos","Medio",12.5,"5X2,5 KG",5,2.5,"55b52b97c05b19dbbbefa191622fe36a",66,4.1,386,286,179,394.2,294.2,187.2,1800,800,1200,9,2,4,72,0.904594392,19760884,21710265.408,1728000000,1.3768,0.08,1200,168.415902140673,0,327106,0,0,327106,167630,0,0,159476,0,2329,0,0,2215,0,4544,76271.65,0,0,82927.52,0,349350,0,0,332250,0,681600,159199.17,9,100,TRUE,0.0165532068302208
"BR0269","BonsaiGreen Bastones rectos de brocoli 9x9 mm 11 x 1 kg","Bastones rectos de brocoli","Estacional","Bastones clasicos - Legumes Frites","Bastones clasicos","Medio",11,"11 X 1 KG",11,1,"9a88ed4806deaa5c9b3abac82886d23a",112,4.1,386,286,184,394.2,294.2,192.2,1800,800,1200,9,2,4,72,0.928755567,20312864,22290133.608,1728000000,1.3768,0.08,1200,168.415902140673,0,91498,0,0,91498,47704,0,0,43794,0,663,0,0,609,0,1272,27906.84,0,0,28466.1,0,99450,0,0,91350,0,190800,56372.94,9,88,TRUE,0.00450443620358016
"BR0270","Bastones rectos de brocoli 9x9 mm - crocante - Caja de 5 packs de 2,5 kg | Ref 0DP","Bastones rectos de brocoli","Estacional","Bastones clasicos - Sigilo","Bastones clasicos","Medio",12.5,"5 X 2,5 KG",5,2.5,"614801e8bbdec32546c0d92055dfb596",79,4.1,388,288,194,396.2,296.2,202.2,1800,800,1200,8,2,4,64,0.878854361777778,21678336,23729067.768,1728000000,1.3848,0.08,1200,169.394495412844,0,50204,0,0,50204,0,32403,17801,0,0,0,507,279,0,0,786,0,21061.95,12727.715,0,0,0,76050,41850,0,0,117900,33789.665,8,87.5,TRUE,0.0023158604055219
"BR0271","13 bolsas de 0,75 kg | Bastones rectos de brocoli 9x9 mm crocante","Bastones rectos de brocoli","Estacional","Bastones clasicos - Sigilo","Bastones clasicos","Medio",9.75,"13 X 0,75 KG",13,0.75,"48d2fa87ef6ac189e633680672b6132e",52,4.1,386,286,199,394.2,294.2,207.2,1800,800,1200,8,2,4,64,0.889990304,21968804,24029738.208,1728000000,1.3768,0.08,1200,168.415902140673,0,51599,0,0,51599,0,27922,23677,0,0,0,437,370,0,0,807,0,14519.44,10773.035,0,0,0,65550,55500,0,0,121050,25292.475,8,68.25,TRUE,0.00234873960366709
"BR0272","BonsaiGreen Brocoli zigzag 13 x 0,75 kg","Brocoli zigzag","Forma estable","Bastones clasicos - Sigilo","Bastones clasicos","Forma",9.75,"13 X 0,75 KG",13,0.75,"72188210fb21e6ddf6d4aba9a9301c48",94,4.1,388,288,239,396.2,296.2,247.2,1800,800,1200,7,2,4,56,0.940139458222222,26706816,29010017.568,1728000000,1.3848,0.08,1200,169.394495412844,0,39097,0,0,39097,0,0,39097,0,0,0,0,699,0,0,699,0,0,25413.05,0,0,0,0,104850,0,0,104850,25413.05,7,58.5,TRUE,0.00146393340187014
"BR0273","5 bolsas de 2,5 kg | Bastones rectos de brocoli 6x6 mm crocante","Bastones rectos de brocoli","Estacional","Bastones clasicos - Sigilo","Bastones clasicos","Fino",12.5,"5 X 2.5 KG",2.5,2.5,"ad99ed562d5d808977b10fa512bfde8b",138,4.1,386,286,214,394.2,294.2,222.2,1800,800,1200,8,2,4,64,0.954420104,23624744,25769342.808,1728000000,1.3768,0.08,1200,168.415902140673,0,26831,0,0,26831,0,20493,6338,0,0,0,321,100,0,0,421,0,11988.405,4119.7,0,0,0,48150,15000,0,0,63150,16108.105,8,87.5,TRUE,0.00113571601029835
"BR0274","BonsaiGreen Bastones rectos de brocoli 6x6 mm crocante 13 x 1 kg","Bastones rectos de brocoli","Estacional","Bastones clasicos - Sigilo","Bastones clasicos","Fino",13,"13 X 1 KG",13,1,"c61dafed9b7d2c7f917d4debf65896c1",158,4.1,386,286,263,394.2,294.2,271.2,1800,800,1200,6,2,4,48,0.873668088,29034148,31452051.168,1728000000,1.3768,0.08,1200,168.415902140673,0,19222,0,0,19222,0,14930,4292,0,0,0,312,90,0,0,402,0,10674.95,2510.82,0,0,0,46800,13500,0,0,60300,13185.77,6,65,TRUE,0.000662048013256666
"BR0275","Gajos de brocoli - sazonado - Caja de 13 packs de 0,75 kg | Ref Y7V","Gajos de brocoli","Forma estable","Bastones clasicos - Sigilo","Bastones clasicos","Forma",9.75,"13 X 0,75 KG",13,0.75,"4f08f853cf7f9be28571df66a50bc322",60,4.1,388,288,164,396.2,296.2,172.2,1800,800,1200,10,2,4,80,0.935575674444444,18326016,20208434.568,1728000000,1.3848,0.08,1200,169.394495412844,0,61369,0,0,61369,0,61369,0,0,0,0,768,0,0,0,768,0,35900.865,0,0,0,0,115200,0,0,0,115200,35900.865,10,87.75,TRUE,0.0033487365720951
"BR0276","BonsaiGreen Gajos de brocoli sazonado 5 x 2,5 kg | Ref B13","Gajos de brocoli","Forma estable","Bastones clasicos - Sigilo","Bastones clasicos","Forma",12.5,"5 x 2,5 kg",5,2.5,"116dda17a7b7fb82c62f462ef4a94218",6,4.1,386,286,164,394.2,294.2,172.2,1800,800,1200,10,2,4,80,0.92456763,18104944,19970660.808,1728000000,1.3768,0.08,1200,168.415902140673,0,66448,0,0,66448,0,66448,0,0,0,0,831,0,0,0,831,0,30233.84,0,0,0,0,124650,0,0,0,124650,30233.84,10,112.5,TRUE,0.0036701577204547
"BR0277","BonsaiGreen Brocoli en rejilla sazonado, con cabo 13 x 0,75 kg","Brocoli en rejilla","Forma estable","Bastones clasicos - Sigilo","Bastones clasicos","Forma",9.75,"13 X 0,75 KG",13,0.75,"ab2be01db2336d90876b25f646f81b48",132,4.1,386,286,283,394.2,294.2,291.2,1800,800,1200,6,2,4,48,0.938097888,31242068,33771523.968,1728000000,1.3768,0.08,1200,168.415902140673,0,79676,0,0,79676,0,0,79676,0,0,0,0,1660,0,0,1660,0,0,36252.58,0,0,0,0,249000,0,0,249000,36252.58,6,48.75,TRUE,0.00255027932209865
"BR0278","5 bolsas de 2,5 kg | Brocoli en rejilla sazonado, con cabo | Ref SEK","Brocoli en rejilla","Forma estable","Bastones clasicos - Sigilo","Bastones clasicos","Forma",12.5,"5 X 2,5 KG",5,2.5,"ab2be01db2336d90876b25f646f81b48",132,4.1,386,286,283,394.2,294.2,291.2,1800,800,1200,6,2,4,48,0.938097888,31242068,33771523.968,1728000000,1.3768,0.08,1200,168.415902140673,0,68416,0,0,68416,0,0,68416,0,0,0,0,1426,0,0,1426,0,0,31129.28,0,0,0,0,213900,0,0,213900,31129.28,6,62.5,TRUE,0.00218986784101488
"BR0279","13 bolsas de 0,75 kg | Espirales de brocoli sazonado, con cabo","Espirales de brocoli","Forma estable","Bastones clasicos - Sigilo","Bastones clasicos","Forma",9.75,"13 X 0.8 KG",0.75,0.75,"c61dafed9b7d2c7f917d4debf65896c1",158,4.1,386,286,263,394.2,294.2,271.2,1800,800,1200,6,2,4,48,0.873668088,29034148,31452051.168,1728000000,1.3768,0.08,1200,168.415902140673,0,90724,0,0,90724,0,0,90724,0,0,0,0,1891,0,0,1891,0,0,53073.54,0,0,0,0,283650,0,0,283650,53073.54,6,48.75,TRUE,0.0031247343645145
"BR0280","5 bolsas de 2,5 kg | Espirales de brocoli sazonado, con cabo","Espirales de brocoli","Forma estable","Bastones clasicos - Sigilo","Bastones clasicos","Forma",12.5,"5 X 2,5 KG",5,2.5,"ce9d9f5685ddf0df230b3137826b5cde",167,4.1,386,286,256,394.2,294.2,264.2,1800,800,1200,6,2,4,48,0.851117658,28261376,30640235.688,1728000000,1.3768,0.08,1200,168.415902140673,0,87449,0,0,87449,0,0,87449,0,0,0,0,1822,0,0,1822,0,0,39789.295,0,0,0,0,273300,0,0,273300,39789.295,6,62.5,TRUE,0.00309429378102467
"BR0281","11 bolsas de 1 kg | Tortitas de brocoli | Ref 1Y4","Tortitas de brocoli","Forma estable","Guarniciones - Tortitas","Guarniciones","Forma",11,"11 x 1,0 kg",11,1,"63849e2a342c002e41cdca735b7ffa35",82,4.6,381,283,229,390.2,292.2,238.2,1800,800,1200,7,2,4,56,0.880143574333333,24691467,27158716.008,1728000000,1.3648,0.1,1450,201.728848114169,0,19900,0,0,19900,19900,0,0,0,0,356,0,0,0,0,356,15323,0,0,0,0,53400,0,0,0,0,53400,15323,7,66,TRUE,0.000805946442955374
"BR0282","BonsaiVegetales Aros de brocoli crocante 13 x 0,5 kg","Aros de brocoli","Co-produccion","Snacks y aperitivos - Aros y Vegetales","Snacks y aperitivos","Forma",6.5,"13 X 0,5 KG",13,0.5,"1fe6b9010b30d1d429fc0c7a240159aa",22,2.7,395,296,255,400,301.4,260.4,1800,800,1200,6,2,3,36,0.654038,29814600,31393824,1728000000,1.4028,0.06,730,104.387767584098,0,19984,0,0,19984,3121,7105,4650,2342,2766,87,198,130,66,77,558,2059.86,4689.3,3069,1545.72,1825.56,13050,29700,19500,9900,11550,83700,13189.44,6,32.5,TRUE,0.000670275636768563
"BR0283","Dippers de brocoli - clasico - Caja de 11 packs de 1 kg","Dippers de brocoli","Forma estable","Bastones clasicos - Sigilo","Bastones clasicos","Forma",11,"11 X 1 KG",11,1,"6e24cdcd39a5b66463bacc58cc283eb7",92,4.1,388,288,227,396.2,296.2,235.2,1800,800,1200,7,2,4,56,0.894501620444444,25365888,27601764.288,1728000000,1.3848,0.08,1200,169.394495412844,0,25144,0,0,25144,0,25144,0,0,0,0,449,0,0,0,449,0,16343.6,0,0,0,0,67350,0,0,0,67350,16343.6,7,66,TRUE,0.000991252504150456
"BR0284","Bastones rectos de brocoli 6x6 mm - clasico - Caja de 11 packs de 1 kg | Ref 8CD","Bastones rectos de brocoli","Estacional","Bastones clasicos - Legumes Frites","Bastones clasicos","Fino",11,"11 x 1,0 kg",11,1,"8044f4664ac51a293ecacbd7a3d0fb38",101,4.8,380,282,210,389.6,291.6,219.6,1800,800,1200,8,2,4,64,0.924006528,22503600,24948176.256,1728000000,1.3624,0.1,1550,215.261977573904,0,57430,0,0,57430,57430,0,0,0,0,898,0,0,0,0,898,36180.9,0,0,0,0,134700,0,0,0,0,134700,36180.9,8,77,TRUE,0.00255203611866546
"BR0285","BonsaiPremium Gajos de brocoli 11 x 1 kg | Ref 3T5","Gajos de brocoli","Forma estable","Bastones clasicos - Reserva Privada","Bastones clasicos","Forma",11,"11 X 1 KG",11,1,"e740f34d87ef8ba88af8bc4375aaebab",185,4.8,384,286,167,393.6,295.6,176.6,1800,800,1200,10,2,4,80,0.951253937777778,18340608,20547085.056,1728000000,1.3784,0.1,1550,217.79001019368,0,8419,0,0,8419,1315,2993,1959,987,1165,17,38,25,13,15,108,1012.55,2304.61,1234.17,759.99,897.05,2550,5700,3750,1950,2250,16200,6208.37,10,99,TRUE,0.00045903603631897
"BR0286","11 bolsas de 1 kg | Bastones rectos de brocoli 12x12 mm","Bastones rectos de brocoli","Estacional","Bastones clasicos - Legumes Frites","Bastones clasicos","Medio",11,"11 X 1,0kg",11,1,"228ba4e5ea3c7574cbd9ce77434d4525",25,4.8,380,282,185,389.6,291.6,194.6,1800,800,1200,9,2,4,72,0.921166344,19824600,22107992.256,1728000000,1.3624,0.1,1550,215.261977573904,0,2671,0,0,2671,417,950,621,313,370,6,14,9,5,6,40,321.09,731.5,478.17,241.01,284.9,900,2100,1350,750,900,6000,2056.67,9,88,TRUE,0.000134731596097777
"BR0287","Brocoli en rejilla - sazonado, con cabo - Caja de 5 packs de 2,5 kg","Brocoli en rejilla","Forma estable","Bastones clasicos - Sigilo","Bastones clasicos","Forma",12.5,"5 X 2,5 KG",5,2.5,"ab2be01db2336d90876b25f646f81b48",132,4.1,386,286,283,394.2,294.2,291.2,1800,800,1200,6,2,4,48,0.938097888,31242068,33771523.968,1728000000,1.3768,0.08,1200,168.415902140673,3201,0,107656,0,110857,0,0,110857,0,0,0,0,2310,0,0,2310,0,0,50439.935,0,0,0,0,346500,0,0,346500,50439.935,6,62.5,TRUE,0.00354832464995595
"BR0288","BonsaiVegetales Pure de brocoli 5 x 2,5 kg","Pure de brocoli","Co-produccion","Guarniciones - Pure","Guarniciones","Forma",12.5,"5 X 2,5 KG",5,2.5,"b8f10d20eb7db7428c07c066fa1e4da0",147,2.7,395,245,214,400,250.4,219.4,1800,800,1200,8,2,4,64,0.813892740740741,20709850,21975104,1728000000,1.3008,0.06,730,96.7975535168196,124709,0,2741,0,127450,19903,45313,29657,14937,17640,311,709,464,234,276,1994,13135.98,27187.8,17794.2,9858.42,11642.4,46650,106350,69600,35100,41400,299100,79618.8,8,87.5,TRUE,0.00615407644188635
"BR0289","Gajos de brocoli - clasico - Caja de 5 packs de 2,5 kg | Ref 0F7","Gajos de brocoli","Forma estable","Bastones clasicos - Sigilo","Bastones clasicos","Forma",12.5,"5 X 2,5 KG",5,2.5,"fe503fe59c48da80878a0b8f7ad58dcb",202,4.1,383,248,204,391.2,256.2,212.2,1800,800,1200,8,2,4,64,0.787697717333333,19376736,21267838.368,1728000000,1.2948,0.08,1200,158.385321100917,0,46462,0,0,46462,0,0,0,0,46462,0,0,0,0,726,726,0,0,0,0,30200.3,0,0,0,0,108900,108900,30200.3,8,87.5,TRUE,0.00239782386465915
"BR0290","BonsaiPremium Brocoli en rejilla 5 x 2,5 kg","Brocoli en rejilla","Forma estable","Bastones clasicos - Reserva Privada","Bastones clasicos","Forma",12.5,"5 X 2,5 KG",5,2.5,"02cf77de65b70dd77905e2e33d78478f",1,2.7,395,296,291,400,301.4,296.4,1800,800,1200,6,2,3,36,0.744458,34023720,35733984,1728000000,1.4028,0.06,730,104.387767584098,0,34241,0,0,34241,0,34241,0,0,0,0,952,0,0,0,952,0,18490.14,0,0,0,0,142800,0,0,0,142800,18490.14,6,62.5,TRUE,0.00100638613296841
"BR0291","BonsaiGreen Bastones rectos de brocoli 5 x 2,5 kg | Ref BBL","Bastones rectos de brocoli","Estacional","Bastones clasicos - Sigilo","Bastones clasicos","Grueso",12.5,"5 X 2,5 KG",5,2.5,"5a779fb14ea37232001ecf933514d159",71,2.7,395,296,189,400,301.4,194.4,1800,800,1200,9,2,3,54,0.732402,22097880,23436864,1728000000,1.4028,0.06,730,104.387767584098,0,53472,0,0,53472,0,0,0,0,53472,0,0,0,0,991,991,0,0,0,0,28874.88,0,0,0,0,148650,148650,28874.88,9,100,TRUE,0.00241977963496951
"BR0292","16 bolsas de 0,5 kg | Espirales de brocoli","Espirales de brocoli","Forma estable","Bastones clasicos - Sigilo","Bastones clasicos","Forma",8,"16 X 0,5 KG",16,0.5,"c36eddeb93ed1ad7e063fda32344745b",156,2.7,395,296,275,400,301.4,280.4,1800,800,1200,6,2,3,36,0.704271333333333,32153000,33805024,1728000000,1.4028,0.06,730,104.387767584098,0,61797,0,0,61797,0,61797,0,0,0,0,1717,0,0,0,1717,0,33370.38,0,0,0,0,257550,0,0,0,257550,33370.38,6,40,TRUE,0.00192196684601748
"BR0293","Gajos de brocoli - frito - Caja de 16 packs de 0,75 kg","Gajos de brocoli","Forma estable","Bastones clasicos - Sigilo","Bastones clasicos","Forma",12,"16 X 0,75 KG",16,0.75,"79637c70988d89fe3abe191b59c1ed0c",99,4.1,388,288,219,396.2,296.2,227.2,1800,800,1200,7,2,4,56,0.864076395259259,24471936,26662928.768,1728000000,1.3848,0.08,1200,169.394495412844,0,65498,0,0,65498,0,0,0,0,65498,0,0,0,0,1170,1170,0,0,0,0,38316.33,0,0,0,0,175500,175500,38316.33,7,72,TRUE,0.00267645355071213
"BR0294","BonsaiGreen Bastones rectos de brocoli sin gluten 13 x 0,75 kg","Bastones rectos de brocoli","Estacional","Bastones clasicos - Sigilo","Bastones clasicos","Grueso",9.75,"13 X 0,75 KG",13,0.75,"3cdb44bb6e06ba2151d665a0c599b894",45,2.7,395,296,173,400,301.4,178.4,1800,800,1200,10,2,3,60,0.746802222222222,20227160,21507904,1728000000,1.4028,0.06,730,104.387767584098,0,8197,0,0,8197,0,0,0,0,8197,0,0,0,0,137,137,0,0,0,0,5410.02,0,0,0,0,20550,20550,5410.02,10,87.75,TRUE,0.000405247202276543
"BR0295","Brocoli en rejilla - clasico - Caja de 13 packs de 0,5 kg | Ref XOB","Brocoli en rejilla","Forma estable","Bastones clasicos - Sigilo","Bastones clasicos","Forma",6.5,"13x0,5 kg",13,0.5,"c96df5913565ba35f3e02e744c9a6dde",160,2.7,395,296,224,400,301.4,229.4,1800,800,1200,7,2,3,42,0.672205722222222,26190080,27656464,1728000000,1.4028,0.06,730,104.387767584098,0,27938,0,0,27938,0,27938,0,0,0,0,666,0,0,0,666,0,13410.24,0,0,0,0,99900,0,0,0,99900,13410.24,7,39,TRUE,0.00106673977322712
"BR0296","Bastones rectos de brocoli - clasico - Caja de 11 packs de 1,25 kg","Bastones rectos de brocoli","Estacional","Bastones clasicos - Sigilo","Bastones clasicos","Grueso",13.75,"11 X 1,25 KG",11,1.25,"c96df5913565ba35f3e02e744c9a6dde",160,2.7,395,296,224,400,301.4,229.4,1800,800,1200,7,2,3,42,0.672205722222222,26190080,27656464,1728000000,1.4028,0.06,730,104.387767584098,0,42128,0,0,42128,0,0,0,0,42128,0,0,0,0,1004,1004,0,0,0,0,20221.44,0,0,0,0,150600,150600,20221.44,7,82.5,TRUE,0.00160854796930746
"BR0297","13 bolsas de 0,5 kg | Bastones rectos de brocoli sin gluten, con cabo","Bastones rectos de brocoli","Estacional","Bastones clasicos - Sigilo","Bastones clasicos","Medio",6.5,"13 X 0,5 KG",13,0.5,"3068e6f2a2ce79314e458b7a6ab57b4d",32,4.1,388,288,144,396.2,296.2,152.2,1800,800,1200,11,2,4,88,0.909605571518518,16091136,17861345.768,1728000000,1.3848,0.08,1200,169.394495412844,0,112903,0,0,112903,0,0,0,0,112903,0,0,0,0,1283,1283,0,0,0,0,58709.56,0,0,0,0,192450,192450,58709.56,11,65,TRUE,0.00701647167732595
"BR0298","Bastones rectos de brocoli - sazonado - Caja de 13 packs de 0,5 kg","Bastones rectos de brocoli","Estacional","Bastones clasicos - Sigilo","Bastones clasicos","Medio",6.5,"13 X 0,5 KG",13,0.5,"e86f3262de6efa8372f7a6e317b74e6b",187,4.1,386,286,144,394.2,294.2,152.2,1800,800,1200,11,2,4,88,0.898903093,15897024,17651188.008,1728000000,1.3768,0.08,1200,168.415902140673,0,28852,0,0,28852,0,0,0,0,28852,0,0,0,0,328,328,0,0,0,0,18753.8,0,0,0,0,49200,49200,18753.8,11,65,TRUE,0.00181493089524178
"BR0299","13 bolsas de 1 kg | Bastones rectos de brocoli | Ref B8C","Bastones rectos de brocoli","Estacional","Bastones clasicos - Sigilo","Bastones clasicos","Grueso",13,"13 X 1 KG",13,1,"600cd59259a79d7fa6a1bffb6451bb8a",76,4.1,386,286,219,394.2,294.2,227.2,1800,800,1200,7,2,4,56,0.853909616,24176724,26349211.008,1728000000,1.3768,0.08,1200,168.415902140673,0,10947,0,0,10947,0,0,0,0,10947,0,0,0,0,196,196,0,0,0,0,7827.105,0,0,0,0,29400,29400,7827.105,7,78,TRUE,0.000452790874396382
"BR0300","13 bolsas de 0,75 kg | Bastones rectos de brocoli 9x9 mm sin gluten, horneado","Bastones rectos de brocoli","Estacional","Bastones clasicos - Sigilo","Bastones clasicos","Medio",9.75,"13X 0,8 KG",13,0.75,"a231d37bbfd765b2d130853c472c6f8c",121,4.8,379,246,212,388.6,255.6,221.6,1800,800,1200,8,2,4,64,0.815210261333333,19765608,22010677.056,1728000000,1.2884,0.1,1550,203.569826707441,0,537174,0,0,537174,0,166453,370721,0,0,0,2601,5793,0,0,8394,0,93213.68,207603.76,0,0,0,390150,868950,0,0,1259100,300817.44,8,68.25,TRUE,0.0271772059832412
"BR0301","Bastones rectos de brocoli 6x6 mm - clasico - Caja de 11 packs de 1 kg | Ref 4YH","Bastones rectos de brocoli","Estacional","Bastones clasicos - Reserva Privada","Bastones clasicos","Fino",11,"11 X 1 KG",11,1,"d8d0e4bd0a27b5d4b00b32f474a5923a",177,4.8,379,246,251,388.6,255.6,260.6,1800,800,1200,6,2,4,48,0.719011036,23401734,25884397.296,1728000000,1.2884,0.1,1550,203.569826707441,0,84080,0,0,84080,0,0,0,84080,0,0,0,0,1752,0,1752,0,0,0,52970.4,0,0,0,0,262800,0,262800,52970.4,6,55,TRUE,0.0035928961503451
"BR0302","Bastones rectos de brocoli 10x10 mm - clasico - Caja de 5 packs de 1,75 kg","Bastones rectos de brocoli","Estacional","Bastones clasicos - Legumes Frites","Bastones clasicos","Medio",8.75,"5 X 1,75 KG",5,1.75,"d26d5d6c9610627f969c12fa3f73a697",171,4.8,379,246,207,388.6,255.6,216.6,1800,800,1200,8,2,4,64,0.796816528,19299438,21514046.256,1728000000,1.2884,0.1,1550,203.569826707441,0,743209,0,0,743209,662841,80368,0,0,0,10357,1256,0,0,0,11613,324792.09,50631.84,0,0,0,1553550,188400,0,0,0,1741950,375423.93,8,61.25,TRUE,0.0385093597025986
"BR0303","BonsaiVegetales Rosti de brocoli 2 x 3 kg","Rosti de brocoli","Forma estable","Guarniciones - Legumes Croquetas","Guarniciones","Forma",6,"2 X 3 KG",2,3,"25b51ca97d24c6dd7fdc2fd6f9551dac",29,4.6,380,252,144,389.2,261.2,153.2,1800,800,1200,11,2,4,88,0.793128769481481,13789440,15574164.928,1728000000,1.3008,0.1,1450,192.269113149847,9612,0,0,0,9612,9612,0,0,0,0,110,0,0,0,0,110,6728.4,0,0,0,0,16500,0,0,0,0,16500,6728.4,11,60,TRUE,0.000697055137844612
"BR0304","Bocados de brocoli con mozzarella - clasico - Caja de 5 packs de 1 kg | Ref 3D8","Bocados de brocoli con mozzarella","Co-produccion","Snacks y aperitivos - Queso","Snacks y aperitivos","Forma",5,"5 X 1,0 kg",5,1,"4b244c7cfb71e51bf24fcc396d19c509",55,2.7,393,250,168,398.4,255.4,173.4,1800,800,1200,10,2,4,80,0.816837306666667,16506000,17643685.824,1728000000,1.3076,0.06,730,97.3035677879714,135472,0,16117,0,151589,23672,53895,35274,17766,20982,296,674,441,223,263,1897,14203.2,29103.3,19047.96,10659.6,12589.2,44400,101100,66150,33450,39450,284550,85603.26,10,45,TRUE,0.00918387253120078
"BR0305","Bastones rectos de brocoli 11x11 mm - clasico - Caja de 5 packs de 2,5 kg | Ref F3B","Bastones rectos de brocoli","Estacional","Bastones clasicos - Sigilo","Bastones clasicos","Medio",12.5,"5 X 2,5 KG",5,2.5,"125888817c4da192ce9335454b8d4432",8,4.8,379,281,271,388.6,290.6,280.6,1800,800,1200,6,2,4,48,0.880204474888889,28861229,31687361.096,1728000000,1.3584,0.1,1550,214.62996941896,3162,0,25544,164,28870,0,0,28870,0,0,0,0,602,0,0,602,0,0,20209,0,0,0,0,90300,0,0,90300,20209,6,62.5,TRUE,0.00100030390251226
"BR0306","Bastones rectos de brocoli 12x12 mm - clasico - Caja de 5 packs de 2,5 kg","Bastones rectos de brocoli","Estacional","Bastones clasicos - Reserva Privada","Bastones clasicos","Medio",12.5,"5 X 2,5 KG",5,2.5,"bf05ab5b9fe071ca604f12617c73c3ec",154,4.1,386,286,258,394.2,294.2,266.2,1800,800,1200,6,2,4,48,0.857560638,28482168,30872182.968,1728000000,1.3768,0.08,1200,168.415902140673,2,0,890710,0,890712,890712,0,0,0,0,18557,0,0,0,0,18557,405273.96,0,0,0,0,2783550,0,0,0,0,2783550,405273.96,6,62.5,TRUE,0.0312726194157692
"BR0307","Bastones rectos de brocoli 6x6 mm - clasico - Caja de 5 packs de 2,5 kg | Ref 5W7","Bastones rectos de brocoli","Estacional","Bastones clasicos - Legumes Frites","Bastones clasicos","Fino",12.5,"5 X 2,5 KG",5,2.5,"3ee40e049bab5e95db9b552be527cd7d",46,4.8,380,282,261,389.6,291.6,270.6,1800,800,1200,6,2,4,48,0.853948656,27968760,30742151.616,1728000000,1.3624,0.1,1550,215.261977573904,0,36192,0,0,36192,36192,0,0,0,0,754,0,0,0,0,754,25334.4,0,0,0,0,113100,0,0,0,0,113100,25334.4,6,62.5,TRUE,0.00129401517979346
"BR0308","BonsaiGreen Bastones rectos de brocoli 6x6 mm 11 x 1 kg","Bastones rectos de brocoli","Estacional","Bastones clasicos - Legumes Frites","Bastones clasicos","Fino",11,"11 X 1 KG",11,1,"3665e3bea9deb6de2f6ad8e308473be4",39,4.8,380,282,212,389.6,291.6,221.6,1800,800,1200,8,2,4,64,0.932421888,22717920,25175390.976,1728000000,1.3624,0.1,1550,215.261977573904,0,32017,0,0,32017,32017,0,0,0,0,501,0,0,0,0,501,22411.9,0,0,0,0,75150,0,0,0,0,75150,22411.9,8,77,TRUE,0.00140932796664483
"BR0309","BonsaiPremium Gajos de brocoli 11 x 1 kg | Ref RF0","Gajos de brocoli","Forma estable","Bastones clasicos - Reserva Privada","Bastones clasicos","Forma",11,"11 X 1 KG",11,1,"e740f34d87ef8ba88af8bc4375aaebab",185,4.8,384,286,167,393.6,295.6,176.6,1800,800,1200,10,2,4,80,0.951253937777778,18340608,20547085.056,1728000000,1.3784,0.1,1550,217.79001019368,2519,74974,0,0,77493,0,0,77493,0,0,0,0,969,0,0,969,0,0,48820.59,0,0,0,0,145350,0,0,145350,48820.59,10,99,TRUE,0.00422521434403919
"BR0310","5 bolsas de 1 kg | Aros de brocoli","Aros de brocoli","Co-produccion","Snacks y aperitivos - Aros y Vegetales","Snacks y aperitivos","Forma",5,"5X 1,0 KG",5,1,"e743e947473252606cfa14519dbf593b",186,2.7,393,255,291,398.4,260.4,296.4,1800,800,1200,6,2,4,48,0.854153664,29162565,30749531.904,1728000000,1.3176,0.06,730,98.0477064220183,81950,0,2252,0,84202,13149,29937,19594,9868,11654,274,624,409,206,243,1756,8678.34,14369.76,9405.12,6512.88,7691.64,41100,93600,61350,30900,36450,263400,46657.74,6,25,TRUE,0.00288733175562575
"BR0310XL","5 bolsas de 1 kg | Aros de brocoli XL","Aros de brocoli","Co-produccion","Snacks y aperitivos - Aros y Vegetales","Snacks y aperitivos","Forma",5,"5 x 1,0 kg",5,1,"76707310f2a6b601d4f7815c21f6e7bd",97,2.7,393,297,257,398.4,302.4,262.4,1800,800,1200,6,2,3,36,0.658603008,29997297,31612944.384,1728000000,1.4016,0.06,730,104.298470948012,90679,0,2492,0,93171,14550,33125,21680,10920,12896,405,921,603,304,359,2592,9603,19875,13008,7207.2,8511.36,60750,138150,90450,45600,53850,388800,58204.56,6,25,TRUE,0.00310597984878438
"BR0311","Aros de brocoli - crocante - Caja de 5 packs de 1 kg","Aros de brocoli","Co-produccion","Snacks y aperitivos - Aros y Vegetales","Snacks y aperitivos","Forma",5,"5 X 1 KG",5,1,"25a862538c3d2488d1284dc2bd9244f3",28,2.7,395,296,204,400,301.4,209.4,1800,800,1200,8,2,3,48,0.701257333333333,23851680,25245264,1728000000,1.4028,0.06,730,104.387767584098,56336,0,2,0,56338,8798,20030,13109,6603,7798,184,418,274,138,163,1177,5278.8,10816.2,7865.4,3961.8,4678.8,27600,62700,41100,20700,24450,176550,32601,8,35,TRUE,0.00236201391264682
"BR0312","BonsaiVegetales Aros de brocoli 5 x 1 kg","Aros de brocoli","Co-produccion","Snacks y aperitivos - Aros y Vegetales","Snacks y aperitivos","Forma",5,"5X 1,0 KG",5,1,"25a862538c3d2488d1284dc2bd9244f3",28,2.7,395,296,204,400,301.4,209.4,1800,800,1200,8,2,3,48,0.701257333333333,23851680,25245264,1728000000,1.4028,0.06,730,104.387767584098,56648,0,0,0,56648,8846,20140,13182,6639,7841,185,420,275,139,164,1183,5307.6,10875.6,7909.2,3983.4,4704.6,27750,63000,41250,20850,24600,177450,32780.4,8,35,TRUE,0.00237501090069966
"BR0313","Aros de brocoli - crocante - Caja de 5 packs de 1 kg","Aros de brocoli","Co-produccion","Snacks y aperitivos - Aros y Vegetales","Snacks y aperitivos","Forma",5,"5 X 1 KG",5,1,"25a862538c3d2488d1284dc2bd9244f3",28,2.7,395,296,204,400,301.4,209.4,1800,800,1200,8,2,3,48,0.701257333333333,23851680,25245264,1728000000,1.4028,0.06,730,104.387767584098,96723,0,2638,0,99361,15516,35326,23121,11645,13753,324,736,482,243,287,2072,9309.6,19076.04,13872.6,6987,8251.8,48600,110400,72300,36450,43050,310800,57497.04,8,35,TRUE,0.00416578622554051
"BR0314","Bastones rectos de brocoli 9x9 mm - clasico - Caja de 5 packs de 2,5 kg | Ref CIH","Bastones rectos de brocoli","Estacional","Bastones clasicos - Sigilo","Bastones clasicos","Medio",12.5,"5 X 2,5 KG",5,2.5,"bbc4a9c702728931b676523ffd513a75",149,4.1,384,284,179,392.2,292.2,187.2,1800,800,1200,9,2,4,72,0.893886552,19521024,21453277.248,1728000000,1.3688,0.08,1200,167.437308868502,449345,0,0,0,449345,0,0,11770,0,437575,0,0,164,0,6078,6242,0,0,8415.55,0,227539,0,0,24600,0,911700,936300,235954.55,9,100,TRUE,0.0230185158319564
"BR0314XL","Bastones rectos de brocoli 9x9 mm - clasico - Caja de 5 packs de 2,5 kg | Ref CIH XL","Bastones rectos de brocoli","Estacional","Bastones clasicos - Sigilo","Bastones clasicos","Medio",12.5,"5 X 2,5 KG",5,2.5,"9bad717e71278467a7e45ca1001c12ee",113,4.1,384,286,179,392.2,294.2,187.2,1800,800,1200,9,2,4,72,0.900004872,19658496,21600116.928,1728000000,1.3728,0.08,1200,167.926605504587,438153,0,0,0,438153,0,0,11477,0,426676,0,0,160,0,5927,6087,0,0,8206.055,0,221871.52,0,0,24000,0,889050,913050,230077.575,9,100,TRUE,0.0222882259151463
"BR0315","5 bolsas de 2,5 kg | Bastones rectos de brocoli 11x11 mm | Ref CIA","Bastones rectos de brocoli","Estacional","Bastones clasicos - Sigilo","Bastones clasicos","Medio",12.5,"5 X 2,5kg",5,2.5,"5de73c5764aabd7851aff9fdd3125d98",73,4.7,385,285,170,394.4,294.4,179.4,1800,800,1200,10,2,4,80,0.964369351111111,18653250,20830377.984,1728000000,1.3776,0.1,1500,210.642201834862,73214,0,0,3345,76559,0,0,76559,0,0,0,0,957,0,0,957,0,0,48232.17,0,0,0,0,143550,0,0,143550,48232.17,10,112.5,TRUE,0.00410432498358195
"BR0316","5 bolsas de 2,5 kg | Bastones rectos de brocoli 9x9 mm | Ref AAM","Bastones rectos de brocoli","Estacional","Bastones clasicos - Legumes Frites","Bastones clasicos","Medio",12.5,"5 X 2,5 kg",5,2.5,"f152ca1c81c447e9f47aac4e934dc6fc",195,4.8,380,282,163,389.6,291.6,172.6,1800,800,1200,10,2,4,80,0.90780696,17467080,19608630.336,1728000000,1.3624,0.1,1550,215.261977573904,57896,0,0,0,57896,41815,0,0,16081,0,523,0,0,202,0,725,26343.45,0,0,12382.37,0,78450,0,0,30300,0,108750,38725.82,10,112.5,TRUE,0.00331457805196976
"BR0317","BonsaiGreen Bastones rectos de brocoli 11x11 mm 5 x 2,5 kg | Ref JZT","Bastones rectos de brocoli","Estacional","Bastones clasicos - Legumes Frites","Bastones clasicos","Medio",12.5,"5 X 2,5 KG",5,2.5,"f152ca1c81c447e9f47aac4e934dc6fc",195,4.8,380,282,163,389.6,291.6,172.6,1800,800,1200,10,2,4,80,0.90780696,17467080,19608630.336,1728000000,1.3624,0.1,1550,215.261977573904,58373,0,0,0,58373,51399,0,0,0,6974,643,0,0,0,88,731,32381.37,0,0,0,5369.98,96450,0,0,0,13200,109650,37751.35,10,112.5,TRUE,0.00334188656604309
"BR0318","BonsaiGreen Bastones rectos de brocoli 9x9 mm con cabo 5 x 2,5 kg | Ref GLD","Bastones rectos de brocoli","Estacional","Bastones clasicos - Sigilo","Bastones clasicos","Medio",12.5,"5 X 2,5 KG",5,2.5,"8850d576186653964c356b848cd2153a",104,4.1,386,286,194,394.2,294.2,202.2,1800,800,1200,8,2,4,64,0.868513704,21416824,23449870.008,1728000000,1.3768,0.08,1200,168.415902140673,23876,0,0,0,23876,3728,8489,5556,2798,3305,59,133,87,44,52,375,2665.52,6069.635,3972.54,2000.57,2363.075,8850,19950,13050,6600,7800,56250,17071.34,8,87.5,TRUE,0.00111482449498581
"BR0319","Bastones rectos de brocoli 13x13 mm - clasico - Caja de 5 packs de 2,5 kg | Ref DHZ","Bastones rectos de brocoli","Estacional","Bastones clasicos - Legumes Frites","Bastones clasicos","Grueso",12.5,"5 X 2,5 KG",5,2.5,"ec50ec2078db5c1fbf57db09049b95f3",192,4.8,380,282,158,389.6,291.6,167.6,1800,800,1200,10,2,4,80,0.88150896,16931280,19040593.536,1728000000,1.3624,0.1,1550,215.261977573904,24396,0,0,0,24396,19886,0,0,0,4510,249,0,0,0,57,306,15312.22,0,0,0,3472.7,37350,0,0,0,8550,45900,18784.92,10,112.5,TRUE,0.0014408833827094
"BR0320","BonsaiGreen Bastones rectos de brocoli 6x6 mm 5 x 2,5 kg | Ref OI4","Bastones rectos de brocoli","Estacional","Bastones clasicos - Sigilo","Bastones clasicos","Fino",12.5,"5 X 2,5 KG",5,2.5,"beea47cc5f637c6fde9604c5cdd6c572",153,4.7,387,287,214,396.4,296.4,223.4,1800,800,1200,8,2,4,64,0.972145454222222,23768766,26247927.264,1728000000,1.3856,0.1,1500,211.865443425076,10948,0,0,0,10948,0,10948,0,0,0,0,172,0,0,0,172,0,8429.96,0,0,0,0,25800,0,0,0,25800,8429.96,8,87.5,TRUE,0.000460604475638323
"BR0321","BonsaiPremium Bastones rectos de brocoli 6x6 mm 5 x 2,5 kg | Ref 59E","Bastones rectos de brocoli","Estacional","Bastones clasicos - Reserva Privada","Bastones clasicos","Fino",12.5,"5 X 2,5 KG",5,2.5,"d85b31778b741c8bdb462d9f332e56d2",176,4.1,383,248,244,391.2,256.2,252.2,1800,800,1200,7,2,4,56,0.819157369333333,23176096,25276855.968,1728000000,1.2948,0.08,1200,158.385321100917,279675,0,0,0,279675,0,0,0,279675,0,0,0,0,4995,0,4995,0,0,0,145431,0,0,0,0,749250,0,749250,145431,7,75,TRUE,0.0120673904699049
"BR0322","Bastones rectos de brocoli 6x6 mm - picante - Caja de 5 packs de 2,5 kg","Bastones rectos de brocoli","Estacional","Bastones clasicos - Sigilo","Bastones clasicos","Fino",12.5,"5 X 2,5 KG",5,2.5,"414d4cf5c1bc8a346f7e4445ede7acbd",49,4.1,386,286,229,394.2,294.2,237.2,1800,800,1200,7,2,4,56,0.891493666,25280684,27508947.408,1728000000,1.3768,0.08,1200,168.415902140673,27820,0,438531,0,466351,0,0,466351,0,0,0,0,8328,0,0,8328,0,0,212189.705,0,0,0,0,1249200,0,0,1249200,212189.705,7,75,TRUE,0.0184469296795925
"BR0323","Bastones rectos de brocoli 6x6 mm - picante - Caja de 5 packs de 2,5 kg","Bastones rectos de brocoli","Estacional","Bastones clasicos - Sigilo","Bastones clasicos","Fino",12.5,"5 X 2,5 KG",5,2.5,"32afd4b4cbf80746743543d141a1b52c",35,2.7,395,296,235,400,301.4,240.4,1800,800,1200,7,2,3,42,0.704438777777778,27476200,28982624,1728000000,1.4028,0.06,730,104.387767584098,0,0,12817,0,12817,0,0,12817,0,0,0,0,306,0,0,306,0,0,8459.22,0,0,0,0,45900,0,0,45900,8459.22,7,75,TRUE,0.00046647644142931
"BR0324","Cubos de brocoli - sazonado - Caja de 5 packs de 2,5 kg","Cubos de brocoli","Forma estable","Guarniciones - Cubos","Guarniciones","Forma",12.5,"5 X 2,5 KG",5,2.5,"082c1cdb42b1abd201403ca33ca11ef0",2,4.1,383,248,189,391.2,256.2,197.2,1800,800,1200,9,2,4,72,0.823519032,17951976,19764456.768,1728000000,1.2948,0.08,1200,158.385321100917,142401,0,0,0,142401,0,83217,0,0,59184,0,1156,0,0,822,1978,0,43272.84,0,0,34622.64,0,173400,0,0,123300,296700,77895.48,9,100,TRUE,0.00793233012343599
"BR0325","BonsaiGreen Espirales de brocoli 13 x 0,5 kg | Ref V23","Espirales de brocoli","Forma estable","Bastones clasicos - Sigilo","Bastones clasicos","Forma",6.5,"13 X 0,5 KG",13,0.5,"457aead6b645a6fdaad21f23a4e8ca12",51,2.7,393,255,265,398.4,260.4,270.4,1800,800,1200,6,2,4,48,0.779227904,26556975,28052204.544,1728000000,1.3176,0.06,730,98.0477064220183,0,51347,0,0,51347,0,0,51347,0,0,0,0,1070,0,0,1070,0,0,24646.56,0,0,0,0,160500,0,0,160500,24646.56,6,32.5,TRUE,0.00193346569027534
"BR0326","13 bolsas de 0,5 kg | Espirales de brocoli sazonado | Ref 8LT","Espirales de brocoli","Forma estable","Bastones clasicos - Sigilo","Bastones clasicos","Forma",6.5,"13 X 0,5 KG",13,0.5,"ab79baee2357a91142d0c868d05f3c31",133,4.1,383,248,258,391.2,256.2,266.2,1800,800,1200,6,2,4,48,0.741111448,24505872,26680012.128,1728000000,1.2948,0.08,1200,158.385321100917,0,65147,0,0,65147,0,65147,0,0,0,0,1358,0,0,0,1358,0,38110.995,0,0,0,0,203700,0,0,0,203700,38110.995,6,32.5,TRUE,0.00265842407076965
"BR0327","BonsaiGreen Brocoli en rejilla sazonado 13 x 0,5 kg | Ref TWE","Brocoli en rejilla","Forma estable","Bastones clasicos - Sigilo","Bastones clasicos","Forma",6.5,"13 X 0,5 kg",13,0.5,"8ff369b05ce8c21076793bc345e6ec1e",109,4.1,383,248,268,391.2,256.2,276.2,1800,800,1200,6,2,4,48,0.768951848,25455712,27682266.528,1728000000,1.2948,0.08,1200,158.385321100917,0,58364,0,0,58364,0,58364,0,0,0,0,1216,0,0,0,1216,0,34142.94,0,0,0,0,182400,0,0,0,182400,34142.94,6,32.5,TRUE,0.00229276635436479
"BR0328","BonsaiGreen Espirales de brocoli 9 x 0,75 kg","Espirales de brocoli","Forma estable","Bastones clasicos - Sigilo","Bastones clasicos","Forma",6.75,"9 X 0,75 KG",9,0.75,"1c01c33ced1f5bfdb36a399ac98e0c68",16,4.1,383,248,214,391.2,256.2,222.2,1800,800,1200,8,2,4,64,0.824818250666666,20326576,22270092.768,1728000000,1.2948,0.08,1200,158.385321100917,0,36180,0,0,36180,0,36180,0,0,0,0,566,0,0,0,566,0,21165.3,0,0,0,0,84900,0,0,0,84900,21165.3,8,47.25,TRUE,0.00177993578456106
"BR0329","Brocoli en rejilla - clasico - Caja de 9 packs de 0,75 kg | Ref JOY","Brocoli en rejilla","Forma estable","Bastones clasicos - Sigilo","Bastones clasicos","Forma",6.75,"9 X 0,75 KG",9,0.75,"1cbc364190e4feb6cfbe064584c400ab",17,4.1,383,248,224,391.2,256.2,232.2,1800,800,1200,7,2,4,56,0.754196436,21276416,23272347.168,1728000000,1.2948,0.08,1200,158.385321100917,0,33395,0,0,33395,0,33395,0,0,0,0,597,0,0,0,597,0,17365.4,0,0,0,0,89550,0,0,0,89550,17365.4,7,40.5,TRUE,0.00156957825979714
"BR0330","9 bolsas de 0,75 kg | Espirales de brocoli","Espirales de brocoli","Forma estable","Bastones clasicos - Sigilo","Bastones clasicos","Forma",6.75,"9 X 0,75 KG",9,0.75,"1c01c33ced1f5bfdb36a399ac98e0c68",16,4.1,383,248,214,391.2,256.2,222.2,1800,800,1200,8,2,4,64,0.824818250666666,20326576,22270092.768,1728000000,1.2948,0.08,1200,158.385321100917,0,36080,0,0,36080,0,36080,0,0,0,0,564,0,0,0,564,0,21106.8,0,0,0,0,84600,0,0,0,84600,21106.8,8,47.25,TRUE,0.00177501611683148
"BR0331","Brocoli en rejilla - clasico - Caja de 9 packs de 0,75 kg | Ref TP4","Brocoli en rejilla","Forma estable","Bastones clasicos - Sigilo","Bastones clasicos","Forma",6.75,"9 X 0,75 KG",9,0.75,"1cbc364190e4feb6cfbe064584c400ab",17,4.1,383,248,224,391.2,256.2,232.2,1800,800,1200,7,2,4,56,0.754196436,21276416,23272347.168,1728000000,1.2948,0.08,1200,158.385321100917,0,28544,0,0,28544,0,28544,0,0,0,0,510,0,0,0,510,0,14842.88,0,0,0,0,76500,0,0,0,76500,14842.88,7,40.5,TRUE,0.00134157933366221
"BR0332","Bastones rectos de brocoli 6x6 mm - clasico - Caja de 5 packs de 2,5 kg | Ref VDD","Bastones rectos de brocoli","Estacional","Bastones clasicos - Sigilo","Bastones clasicos","Fino",12.5,"5 X 2,5 KG",5,2.5,"e67976152cc42ec69a300f4522f58632",183,2.7,393,255,255,398.4,260.4,260.4,1800,800,1200,6,2,4,48,0.750410304,25554825,27014770.944,1728000000,1.3176,0.06,730,98.0477064220183,737870,842,0,789,739501,0,518338,221163,0,0,0,10799,4608,0,0,15407,0,217701.96,106158.24,0,0,0,1619850,691200,0,0,2311050,323860.2,6,62.5,TRUE,0.0289378228964589
"BR0333","5 bolsas de 2,5 kg | Bastones rectos de brocoli 6x6 mm | Ref VXL","Bastones rectos de brocoli","Estacional","Bastones clasicos - Sigilo","Bastones clasicos","Fino",12.5,"5 X 2,5 KG",5,2.5,"3665e3bea9deb6de2f6ad8e308473be4",39,4.8,380,282,212,389.6,291.6,221.6,1800,800,1200,8,2,4,64,0.932421888,22717920,25175390.976,1728000000,1.3624,0.1,1550,215.261977573904,47485,10440,3,150,58078,0,46286,11792,0,0,0,724,185,0,0,909,0,32400.2,9079.84,0,0,0,108600,27750,0,0,136350,41480.04,8,87.5,TRUE,0.00255648404431392
"BR0334","5 bolsas de 2,5 kg | Bastones rectos de brocoli 9x9 mm | Ref TYH","Bastones rectos de brocoli","Estacional","Bastones clasicos - Sigilo","Bastones clasicos","Medio",12.5,"5 X 2,5 KG",5,2.5,"fa8da38322149b23e14a120e71d38975",200,2.7,393,255,235,398.4,260.4,240.4,1800,800,1200,7,2,4,56,0.808237621333333,23550525,24939903.744,1728000000,1.3176,0.06,730,98.0477064220183,786867,98,2649,4631,794245,0,498454,162211,0,133580,0,8901,2897,0,2386,14184,0,209350.68,68128.62,0,56103.6,0,1335150,434550,0,357900,2127600,333582.9,7,75,TRUE,0.0337251505008912
"BR0335","Bastones rectos de brocoli 9x9 mm - clasico - Caja de 5 packs de 2,5 kg | Ref 5G6","Bastones rectos de brocoli","Estacional","Bastones clasicos - Sigilo","Bastones clasicos","Medio",12.5,"5 X 2,5 KG",5,2.5,"fa8da38322149b23e14a120e71d38975",200,2.7,393,255,235,398.4,260.4,240.4,1800,800,1200,7,2,4,56,0.808237621333333,23550525,24939903.744,1728000000,1.3176,0.06,730,98.0477064220183,31652,0,0,0,31652,0,24433,7219,0,0,0,437,129,0,0,566,0,10261.86,3031.98,0,0,0,65550,19350,0,0,84900,13293.84,7,75,TRUE,0.00134400400840321
"BR0336","5 bolsas de 2,5 kg | Bastones rectos de brocoli 9x9 mm | Ref TYH","Bastones rectos de brocoli","Estacional","Bastones clasicos - Sigilo","Bastones clasicos","Medio",12.5,"5 X 2,5 KG",5,2.5,"cf4c068dfec055bf302e658d71c9c942",169,4.8,380,282,192,389.6,291.6,201.6,1800,800,1200,8,2,4,64,0.848268288,20574720,22903243.776,1728000000,1.3624,0.1,1550,215.261977573904,30101,0,0,0,30101,0,26422,3679,0,0,0,413,58,0,0,471,0,18495.4,2832.83,0,0,0,61950,8700,0,0,70650,21328.23,8,87.5,TRUE,0.0014630089741197
"BR0337","Bastones rectos de brocoli 11x11 mm - clasico - Caja de 5 packs de 2,5 kg | Ref 9O7","Bastones rectos de brocoli","Estacional","Bastones clasicos - Sigilo","Bastones clasicos","Medio",12.5,"5 X 2,5 KG",5,2.5,"b104736a19fe0c796651c18805508482",142,4.1,383,248,209,391.2,256.2,217.2,1800,800,1200,8,2,4,64,0.806257984,19851656,21768965.568,1728000000,1.2948,0.08,1200,158.385321100917,17838,0,1289,1503,20630,0,0,20630,0,0,0,0,323,0,0,323,0,0,13409.5,0,0,0,0,48450,0,0,48450,13409.5,8,87.5,TRUE,0.00103920801367906
"BR0338","5 bolsas de 2,5 kg | Bastones rectos de brocoli 13x13 mm","Bastones rectos de brocoli","Estacional","Bastones clasicos - Sigilo","Bastones clasicos","Grueso",12.5,"5 x 2,5 kg",5,2.5,"0b72571a5bb7429ce7de424547e8d27d",4,4.1,386,286,174,394.2,294.2,182.2,1800,800,1200,9,2,4,72,0.880433217,19208904,21130397.208,1728000000,1.3768,0.08,1200,168.415902140673,34163,0,0,2795,36958,0,1072,35886,0,0,0,15,499,0,0,514,0,766.48,23325.9,0,0,0,2250,74850,0,0,77100,24092.38,9,100,TRUE,0.00192400357667465
"BR0339","Bastones rectos de brocoli 6x6 mm - con cabo - Caja de 5 packs de 2,5 kg","Bastones rectos de brocoli","Estacional","Bastones clasicos - Sigilo","Bastones clasicos","Fino",12.5,"5 X 2,5 KG",5,2.5,"3479d784dc4ed4c42784cabde22ac149",36,4.1,383,248,248,391.2,256.2,256.2,1800,800,1200,7,2,4,56,0.832149556,23556032,25677757.728,1728000000,1.2948,0.08,1200,158.385321100917,642678,0,19158,0,661836,0,407639,254197,0,0,0,7280,4540,0,0,11820,0,211972.28,132182.44,0,0,0,1092000,681000,0,0,1773000,344154.72,7,75,TRUE,0.0280962430344805
"BR0340","Bastones rectos de brocoli 9x9 mm - con cabo - Caja de 5 packs de 2,5 kg","Bastones rectos de brocoli","Estacional","Bastones clasicos - Sigilo","Bastones clasicos","Medio",12.5,"5 X 2,5 KG",5,2.5,"3826faf22304dbe5bef22f8c36155874",42,2.7,393,255,224,398.4,260.4,229.4,1800,800,1200,7,2,4,56,0.771255034666667,22448160,23798726.784,1728000000,1.3176,0.06,730,98.0477064220183,1697970,0,30437,0,1728407,0,1006991,333326,0,388090,0,17982,5953,0,6931,30866,0,422936.22,159996.48,0,162997.8,0,2697300,892950,0,1039650,4629900,745930.5,7,75,TRUE,0.0769954864897613
"BR0340XL","Bastones rectos de brocoli 9x9 mm - con cabo - Caja de 5 packs de 2,5 kg XL","Bastones rectos de brocoli","Estacional","Bastones clasicos - Sigilo","Bastones clasicos","Medio",12.5,"5 X 2,5 KG",5,2.5,"fa8da38322149b23e14a120e71d38975",200,2.7,393,255,235,398.4,260.4,240.4,1800,800,1200,7,2,4,56,0.808237621333333,23550525,24939903.744,1728000000,1.3176,0.06,730,98.0477064220183,1559526,0,27955,0,1587481,0,924886,306148,0,356447,0,16516,5467,0,6366,28349,0,388452.12,128582.16,0,149707.74,0,2477400,820050,0,954900,4252350,666742.02,7,75,TRUE,0.0674074569462889
"BR0341","5 bolsas de 2,5 kg | Bastones rectos de brocoli 11x11 mm con cabo | Ref EBK","Bastones rectos de brocoli","Estacional","Bastones clasicos - Sigilo","Bastones clasicos","Medio",12.5,"5 X 2,5 KG",5,2.5,"1c01c33ced1f5bfdb36a399ac98e0c68",16,4.1,383,248,214,391.2,256.2,222.2,1800,800,1200,8,2,4,64,0.824818250666666,20326576,22270092.768,1728000000,1.2948,0.08,1200,158.385321100917,512738,0,9318,0,522056,0,0,415053,0,107003,0,0,6486,0,1672,8158,0,0,188849.115,0,55641.56,0,0,972900,0,250800,1223700,244490.675,8,87.5,TRUE,0.025683420562322
"BR0342","Bastones rectos de brocoli 9x9 mm - con cabo - Caja de 5 packs de 2,5 kg","Bastones rectos de brocoli","Estacional","Bastones clasicos - Sigilo","Bastones clasicos","Medio",12.5,"5 X 2,5 KG",5,2.5,"fa8da38322149b23e14a120e71d38975",200,2.7,393,255,235,398.4,260.4,240.4,1800,800,1200,7,2,4,56,0.808237621333333,23550525,24939903.744,1728000000,1.3176,0.06,730,98.0477064220183,40711,0,0,0,40711,0,40711,0,0,0,0,727,0,0,0,727,0,17098.62,0,0,0,0,109050,0,0,0,109050,17098.62,7,75,TRUE,0.00172866634607933
"BR0343","5 bolsas de 2,5 kg | Bastones rectos de brocoli 6x6 mm | Ref DUF","Bastones rectos de brocoli","Estacional","Bastones clasicos - Sigilo","Bastones clasicos","Fino",12.5,"5 X 2,5 KG",5,2.5,"b1561453f5edf808c1c92eb2d0f45d38",143,2.7,393,255,321,398.4,260.4,326.4,1800,800,1200,5,2,4,40,0.78383872,32169015,33861832.704,1728000000,1.3176,0.06,730,98.0477064220183,0,0,286173,0,286173,0,91907,194266,0,0,0,2298,4857,0,0,7155,0,49629.78,93247.68,0,0,0,344700,728550,0,0,1073250,142877.46,5,50,TRUE,0.00889592049989718
"BR0344","Bastones rectos de brocoli 9x9 mm - clasico - Caja de 5 packs de 2,5 kg | Ref HKF","Bastones rectos de brocoli","Estacional","Bastones clasicos - Sigilo","Bastones clasicos","Medio",12.5,"5 X 2,5 KG",5,2.5,"e743e947473252606cfa14519dbf593b",186,2.7,393,255,291,398.4,260.4,296.4,1800,800,1200,6,2,4,48,0.854153664,29162565,30749531.904,1728000000,1.3176,0.06,730,98.0477064220183,0,0,312633,0,312633,0,92689,219944,0,0,0,1932,4583,0,0,6515,0,44490.72,105573.12,0,0,0,289800,687450,0,0,977250,150063.84,6,62.5,TRUE,0.0107203533022558
"BR0345","Bastones rectos de brocoli 9x9 mm - clasico - Caja de 5 packs de 2,5 kg | Ref PII","Bastones rectos de brocoli","Estacional","Bastones clasicos - Sigilo","Bastones clasicos","Medio",12.5,"5 X 2,5 KG",5,2.5,"5e55b0f0e0122b55ba8d4d91fb921c5a",75,4.5,391,292,316,400,301,325,1800,800,1200,5,2,3,30,0.679340277777778,36078352,39130000,1728000000,1.402,0.08,1400,200.081549439348,6083,0,519602,0,525685,0,94198,431487,0,0,0,3140,14383,0,0,17523,0,55105.83,224373.24,0,0,0,471000,2157450,0,0,2628450,279479.07,5,50,TRUE,0.0145706489032537
"BR0346","Bastones rectos de brocoli 9x9 mm - clasico - Caja de 5 packs de 2,5 kg | Ref HKF","Bastones rectos de brocoli","Estacional","Bastones clasicos - Sigilo","Bastones clasicos","Medio",12.5,"5 X 2,5 KG",5,2.5,"5914abeae491eab8612131985b15994f",70,4.1,386,286,239,394.2,294.2,247.2,1800,800,1200,7,2,4,56,0.929077716,26384644,28668683.808,1728000000,1.3768,0.08,1200,168.415902140673,2657,0,397961,0,400618,0,134550,266068,0,0,0,2403,4752,0,0,7155,0,69966,138355.36,0,0,0,360450,712800,0,0,1073250,208321.36,7,75,TRUE,0.0151837561272383
"BR0347","Bastones rectos de brocoli 9x9 mm - clasico - Caja de 5 packs de 2,5 kg | Ref HKF","Bastones rectos de brocoli","Estacional","Bastones clasicos - Sigilo","Bastones clasicos","Medio",12.5,"5X 2,5 KG",5,2.5,"5914abeae491eab8612131985b15994f",70,4.1,386,286,239,394.2,294.2,247.2,1800,800,1200,7,2,4,56,0.929077716,26384644,28668683.808,1728000000,1.3768,0.08,1200,168.415902140673,5,0,380621,1090,381716,0,0,0,0,381716,0,0,0,0,6817,6817,0,0,0,0,198492.32,0,0,0,0,1022550,1022550,198492.32,7,75,TRUE,0.0144673545718487
"BR0348","Bastones rectos de brocoli 9x9 mm - clasico - Caja de 5 packs de 2,5 kg | Ref PII","Bastones rectos de brocoli","Estacional","Bastones clasicos - Sigilo","Bastones clasicos","Medio",12.5,"5 X 2,5 KG",5,2.5,"4e08f8e3d25dca0ebe2ef18b5cff3f24",58,4.8,380,282,305,389.6,291.6,314.6,1800,800,1200,5,2,4,40,0.82733508,32683800,35740875.456,1728000000,1.3624,0.1,1550,215.261977573904,2,0,142660,0,142662,0,64906,77756,0,0,0,1623,1944,0,0,3567,0,40890.78,48986.28,0,0,0,243450,291600,0,0,535050,89877.06,5,50,TRUE,0.00436491472839756
"BR0349","Bastones rectos de brocoli 9x9 mm - clasico - Caja de 5 packs de 2,5 kg | Ref HKF","Bastones rectos de brocoli","Estacional","Bastones clasicos - Sigilo","Bastones clasicos","Medio",12.5,"5 X 2,5 KG",5,2.5,"6d5c1314ab281dbdd56dc5dde84579b9",91,2.7,395,296,245,400,301.4,250.4,1800,800,1200,7,2,3,42,0.733741555555556,28645400,30188224,1728000000,1.4028,0.06,730,104.387767584098,0,0,92361,0,92361,0,0,92361,0,0,0,0,2200,0,0,2200,0,0,49874.94,0,0,0,0,330000,0,0,330000,49874.94,7,75,TRUE,0.00322428732012819
"BR0350","11 bolsas de 1 kg | Tortitas de brocoli | Ref G03","Tortitas de brocoli","Forma estable","Guarniciones - Tortitas","Guarniciones","Forma",11,"11 X 1 KG",11,1,"1f3654aef5539d7393e1c6a4a8be552f",21,4.6,383,285,206,392.2,294.2,215.2,1800,800,1200,8,2,4,64,0.919663098074074,22485930,24830903.648,1728000000,1.3728,0.1,1450,202.911314984709,139,0,3647,0,3786,3786,0,0,0,0,60,0,0,0,0,60,2385.18,0,0,0,0,9000,0,0,0,0,9000,2385.18,8,77,TRUE,0.000168371955262691
"BR0351","11 bolsas de 1 kg | Tortitas de brocoli | Ref G03","Tortitas de brocoli","Forma estable","Guarniciones - Tortitas","Guarniciones","Forma",11,"11 X 1 KG",11,1,"1f3654aef5539d7393e1c6a4a8be552f",21,4.6,383,285,206,392.2,294.2,215.2,1800,800,1200,8,2,4,64,0.919663098074074,22485930,24830903.648,1728000000,1.3728,0.1,1450,202.911314984709,3207,0,68372,0,71579,71579,0,0,0,0,1119,0,0,0,0,1119,45094.77,0,0,0,0,167850,0,0,0,0,167850,45094.77,8,77,TRUE,0.00318327949966935
"BR0352","BonsaiGreen Bastones rectos de brocoli 9x9 mm 5 x 2,5 kg | Ref KXH","Bastones rectos de brocoli","Estacional","Bastones clasicos - Sigilo","Bastones clasicos","Medio",12.5,"5 X2,5 KG",5,2.5,"e743e947473252606cfa14519dbf593b",186,2.7,393,255,291,398.4,260.4,296.4,1800,800,1200,6,2,4,48,0.854153664,29162565,30749531.904,1728000000,1.3176,0.06,730,98.0477064220183,30713,0,0,0,30713,0,18980,11733,0,0,0,396,245,0,0,641,0,9110.4,5631.84,0,0,0,59400,36750,0,0,96150,14742.24,6,62.5,TRUE,0.00105316524798144
"BR0353","BonsaiVegetales Croquetas de brocoli 13 x 0,75 kg","Croquetas de brocoli","Forma estable","Guarniciones - Legumes Croquetas","Guarniciones","Forma",9.75,"13 X 0,75 KG",13,0.75,"ea6403e25e3a52198dad19251c207a47",189,4.6,380,252,245,389.2,261.2,254.2,1800,800,1200,7,2,4,56,0.83746340637037,23461200,25841727.968,1728000000,1.3008,0.1,1450,192.269113149847,21335,0,0,0,21335,21335,0,0,0,0,381,0,0,0,0,381,13441.05,0,0,0,0,57150,0,0,0,0,57150,13441.05,7,58.5,TRUE,0.000909373774572486
"BR0354","BonsaiGreen Brocoli en rejilla sazonado, con cabo 13 x 0,5 kg","Brocoli en rejilla","Forma estable","Bastones clasicos - Sigilo","Bastones clasicos","Forma",6.5,"13 X 0,5 KG",13,0.5,"6a29db0cef2137d2bb15a27d61f064bd",86,2.7,393,255,270,398.4,260.4,275.4,1800,800,1200,6,2,4,48,0.793636704,27058050,28570921.344,1728000000,1.3176,0.06,730,98.0477064220183,50094,0,0,0,50094,0,0,50094,0,0,0,0,1044,0,0,1044,0,0,27050.76,0,0,0,0,156600,0,0,156600,27050.76,6,32.5,TRUE,0.00185135292454556
"BR0355","BonsaiGreen Dippers de brocoli 13 x 0,5 kg","Dippers de brocoli","Forma estable","Bastones clasicos - Sigilo","Bastones clasicos","Forma",6.5,"13 X 0,5 KG",13,0.5,"a130566667d4be7bb38053adaefea0af",119,2.7,393,255,204,398.4,260.4,209.4,1800,800,1200,8,2,4,64,0.804587392,20443860,21723859.584,1728000000,1.3176,0.06,730,98.0477064220183,23972,0,0,0,23972,0,23972,0,0,0,0,375,0,0,0,375,0,11506.56,0,0,0,0,56250,0,0,0,56250,11506.56,8,45.5,TRUE,0.00117257699866855
"BR0356","Espirales de brocoli - sazonado - Caja de 13 packs de 0,5 kg","Espirales de brocoli","Forma estable","Bastones clasicos - Sigilo","Bastones clasicos","Forma",6.5,"13 X 0,5 KG",13,0.5,"457aead6b645a6fdaad21f23a4e8ca12",51,2.7,393,255,265,398.4,260.4,270.4,1800,800,1200,6,2,4,48,0.779227904,26556975,28052204.544,1728000000,1.3176,0.06,730,98.0477064220183,37946,0,0,0,37946,0,0,37946,0,0,0,0,791,0,0,791,0,0,18214.08,0,0,0,0,118650,0,0,118650,18214.08,6,32.5,TRUE,0.0014288524954367
"BR0357","BonsaiGreen Bastones rectos de brocoli 6x6 mm 13 x 0,75 kg","Bastones rectos de brocoli","Estacional","Bastones clasicos - Sigilo","Bastones clasicos","Fino",9.75,"13 X 0,75 KG",13,0.75,"ad23381bab48bad4640990fdc6a27c9b",136,4.1,383,248,229,391.2,256.2,237.2,1800,800,1200,7,2,4,56,0.770436669333333,21751336,23773474.368,1728000000,1.2948,0.08,1200,158.385321100917,23014,0,0,0,23014,0,15160,7854,0,0,0,271,141,0,0,412,0,10839.4,5105.1,0,0,0,40650,21150,0,0,61800,15944.5,7,58.5,TRUE,0.00105804995150643
"BR0358","BonsaiGreen Espirales de brocoli 13 x 0,75 kg","Espirales de brocoli","Forma estable","Bastones clasicos - Sigilo","Bastones clasicos","Forma",9.75,"13 X 0,75 KG",13,0.75,"6d5c1314ab281dbdd56dc5dde84579b9",91,2.7,395,296,245,400,301.4,250.4,1800,800,1200,7,2,3,42,0.733741555555556,28645400,30188224,1728000000,1.4028,0.06,730,104.387767584098,0,8728,0,0,8728,0,8728,0,0,0,0,208,0,0,0,208,0,5236.8,0,0,0,0,31200,0,0,0,31200,5236.8,7,58.5,TRUE,0.000304691154600739
"BR0359","Brocoli zigzag - clasico - Caja de 13 packs de 0,75 kg | Ref 6P9","Brocoli zigzag","Forma estable","Bastones clasicos - Legumes Frites","Bastones clasicos","Forma",9.75,"13 X 0,8 kg",13,0.75,"10c5f9edbe2c87186bcdeb991fe8d902",5,4.6,380,252,228,389.2,261.2,237.2,1800,800,1200,7,2,4,56,0.78145680562963,21833280,24113524.288,1728000000,1.3008,0.1,1450,192.269113149847,19687,0,0,0,19687,19687,0,0,0,0,352,0,0,0,0,352,12402.81,0,0,0,0,52800,0,0,0,0,52800,12402.81,7,58.5,TRUE,0.000901696859106831
"BR0360","Bastones rectos de brocoli 9x9 mm - crocante - Caja de 5 packs de 2,5 kg | Ref 559","Bastones rectos de brocoli","Estacional","Bastones clasicos - Sigilo","Bastones clasicos","Medio",12.5,"5 X 2,5 KG",5,2.5,"48d2fa87ef6ac189e633680672b6132e",52,4.1,386,286,199,394.2,294.2,207.2,1800,800,1200,8,2,4,64,0.889990304,21968804,24029738.208,1728000000,1.3768,0.08,1200,168.415902140673,100212,0,0,0,100212,0,0,100212,0,0,0,0,1566,0,0,1566,0,0,45596.46,0,0,0,0,234900,0,0,234900,45596.46,8,87.5,TRUE,0.00456155920003656
"BR0361","BonsaiGreen Gajos de brocoli sazonado 5 x 2,5 kg | Ref 595","Gajos de brocoli","Forma estable","Bastones clasicos - Sigilo","Bastones clasicos","Forma",12.5,"5 X 2.5 KG",2.5,2.5,"116dda17a7b7fb82c62f462ef4a94218",6,4.1,386,286,164,394.2,294.2,172.2,1800,800,1200,10,2,4,80,0.92456763,18104944,19970660.808,1728000000,1.3768,0.08,1200,168.415902140673,114948,0,0,0,114948,0,110251,4697,0,0,0,1379,59,0,0,1438,0,50164.205,3358.355,0,0,0,206850,8850,0,0,215700,53522.56,10,112.5,TRUE,0.00634898401232282
"BR0362","BonsaiGreen Espirales de brocoli 5 x 2,5 kg","Espirales de brocoli","Forma estable","Bastones clasicos - Sigilo","Bastones clasicos","Forma",12.5,"5 X 2,5 KG",5,2.5,"3256a5fed07b421a92abee44a3d93243",34,2.7,395,296,260,400,301.4,265.4,1800,800,1200,6,2,3,36,0.666596333333333,30399200,31996624,1728000000,1.4028,0.06,730,104.387767584098,22649,0,0,0,22649,0,0,22649,0,0,0,0,630,0,0,630,0,0,9512.58,0,0,0,0,94500,0,0,94500,9512.58,6,62.5,TRUE,0.000745052501381615
"BR0363","BonsaiPremium Bastones rectos de brocoli 5 x 2,5 kg | Ref XJT","Bastones rectos de brocoli","Estacional","Bastones clasicos - Reserva Privada","Bastones clasicos","Medio",12.5,"5 X 2,5 KG",5,2.5,"a053806f0b23db27a17e90bf971c8a62",117,4.1,386,286,273,394.2,294.2,281.2,1800,800,1200,6,2,4,48,0.905882988,30138108,32611787.568,1728000000,1.3768,0.08,1200,168.415902140673,93363,0,0,0,93363,0,0,0,0,93363,0,0,0,0,1946,1946,0,0,0,0,54617.355,0,0,0,0,291900,291900,54617.355,6,62.5,TRUE,0.00309783878934935
"BR0364","BonsaiPremium Bastones rectos de brocoli 5 x 2,5 kg | Ref 8OM","Bastones rectos de brocoli","Estacional","Bastones clasicos - Reserva Privada","Bastones clasicos","Fino",12.5,"5 X 2,5 KG",5,2.5,"5752498adef915345dabc54b32edf146",68,2.7,395,296,219,400,301.4,224.4,1800,800,1200,8,2,3,48,0.751490666666667,25605480,27053664,1728000000,1.4028,0.06,730,104.387767584098,80636,0,0,0,80636,0,80636,0,0,0,0,1680,0,0,0,1680,0,43543.44,0,0,0,0,252000,0,0,0,252000,43543.44,8,87.5,TRUE,0.00314916963087589
"BR0365","Bastones rectos de brocoli - clasico - Caja de 5 packs de 2,5 kg | Ref NW8","Bastones rectos de brocoli","Estacional","Bastones clasicos - Reserva Privada","Bastones clasicos","Grueso",12.5,"5 X 2,5 KG",5,2.5,"55b52b97c05b19dbbbefa191622fe36a",66,4.1,386,286,179,394.2,294.2,187.2,1800,800,1200,9,2,4,72,0.904594392,19760884,21710265.408,1728000000,1.3768,0.08,1200,168.415902140673,107201,0,0,0,107201,0,107201,0,0,0,0,1489,0,0,0,1489,0,48776.455,0,0,0,0,223350,0,0,0,223350,48776.455,9,100,TRUE,0.00542490912855923
"BR0366","Bastones rectos de brocoli 6x6 mm - crocante - Caja de 5 packs de 2,5 kg | Ref JZO","Bastones rectos de brocoli","Estacional","Bastones clasicos - Sigilo","Bastones clasicos","Fino",12.5,"5 X 2,5 KG",5,2.5,"d6e2cbc227acca3455d02367e9bd0b2b",175,2.7,395,294,214,400,299.4,219.4,1800,800,1200,8,2,4,64,0.973160888888889,24851820,26275344,1728000000,1.3988,0.06,730,104.090112130479,14653,0,0,0,14653,0,0,14653,0,0,0,0,229,0,0,229,0,0,9670.98,0,0,0,0,34350,0,0,34350,9670.98,8,87.5,TRUE,0.000589614764632932
"BR0367","5 bolsas de 2,5 kg | Bastones rectos de brocoli con cabo | Ref AYC","Bastones rectos de brocoli","Estacional","Bastones clasicos - Sigilo","Bastones clasicos","Medio",12.5,"5 X 2,5 KG",5,2.5,"48d2fa87ef6ac189e633680672b6132e",52,4.1,386,286,199,394.2,294.2,207.2,1800,800,1200,8,2,4,64,0.889990304,21968804,24029738.208,1728000000,1.3768,0.08,1200,168.415902140673,51022,0,0,0,51022,0,0,0,0,51022,0,0,0,0,798,798,0,0,0,0,29847.87,0,0,0,0,119700,119700,29847.87,8,87.5,TRUE,0.0023224750878564
"BR0368","Bastones rectos de brocoli - con cabo - Caja de 5 packs de 2,5 kg","Bastones rectos de brocoli","Estacional","Bastones clasicos - Sigilo","Bastones clasicos","Medio",12.5,"5 X 2,5 KG",5,2.5,"9a88ed4806deaa5c9b3abac82886d23a",112,4.1,386,286,184,394.2,294.2,192.2,1800,800,1200,9,2,4,72,0.928755567,20312864,22290133.608,1728000000,1.3768,0.08,1200,168.415902140673,97174,0,0,3610,100784,0,0,0,0,100784,0,0,0,0,1400,1400,0,0,0,0,52407.68,0,0,0,0,210000,210000,52407.68,9,100,TRUE,0.00496158493455182
"BR0369","5 bolsas de 2,5 kg | Espirales de brocoli","Espirales de brocoli","Forma estable","Bastones clasicos - Reserva Privada","Bastones clasicos","Forma",12.5,"5 X 2,5 KG",5,2.5,"3256a5fed07b421a92abee44a3d93243",34,2.7,395,296,260,400,301.4,265.4,1800,800,1200,6,2,3,36,0.666596333333333,30399200,31996624,1728000000,1.4028,0.06,730,104.387767584098,44106,0,0,0,44106,0,0,44106,0,0,0,0,1226,0,0,1226,0,0,18524.52,0,0,0,0,183900,0,0,183900,18524.52,6,62.5,TRUE,0.00145089344456433
"BR0370","BonsaiGreen Bastones rectos de brocoli 11 x 1,25 kg","Bastones rectos de brocoli","Estacional","Bastones clasicos - Sigilo","Bastones clasicos","Grueso",13.75,"11 X 1,25 KG",11,1.25,"c96df5913565ba35f3e02e744c9a6dde",160,2.7,395,296,224,400,301.4,229.4,1800,800,1200,7,2,3,42,0.672205722222222,26190080,27656464,1728000000,1.4028,0.06,730,104.387767584098,0,101561,0,0,101561,0,0,0,0,101561,0,0,0,0,2419,2419,0,0,0,0,48749.28,0,0,0,0,362850,362850,48749.28,7,82.5,TRUE,0.00387784229754166
"BR0371","13 bolsas de 1 kg | Bastones rectos de brocoli | Ref PB9","Bastones rectos de brocoli","Estacional","Bastones clasicos - Sigilo","Bastones clasicos","Grueso",13,"13 X 1 KG",13,1,"dcc42a5da445d56728ad8178bf5931e9",179,2.7,395,296,240,400,301.4,245.4,1800,800,1200,7,2,3,42,0.719090166666667,28060800,29585424,1728000000,1.4028,0.06,730,104.387767584098,0,141544,0,46,141590,0,0,0,0,141590,0,0,0,0,3372,3372,0,0,0,0,67963.2,0,0,0,0,505800,505800,67963.2,7,78,TRUE,0.00504582905690501
"BR0372","BonsaiGreen Espirales de brocoli sin gluten 13 x 0,75 kg","Espirales de brocoli","Forma estable","Bastones clasicos - Sigilo","Bastones clasicos","Forma",9.75,"13 X 0,75 KG",13,0.75,"4989f7c44b56191eebb2c0b95763c0db",54,2.7,395,296,250,400,301.4,255.4,1800,800,1200,7,2,3,42,0.748392944444444,29230000,30791024,1728000000,1.4028,0.06,730,104.387767584098,0,181556,0,0,181556,0,181556,0,0,0,0,4323,0,0,0,4323,0,87146.88,0,0,0,0,648450,0,0,0,648450,87146.88,7,58.5,TRUE,0.00621128977078344
"BR0373","16 bolsas de 0,5 kg | Brocoli en rejilla sin gluten","Brocoli en rejilla","Forma estable","Bastones clasicos - Sigilo","Bastones clasicos","Forma",8,"16 X 0,5 KG",16,0.5,"f1efec47e48187c72213058375afab2c",196,2.7,395,296,286,400,301.4,291.4,1800,800,1200,6,2,3,36,0.731899666666667,33439120,35131184,1728000000,1.4028,0.06,730,104.387767584098,0,49137,0,0,49137,0,49137,0,0,0,0,1365,0,0,0,1365,0,26533.98,0,0,0,0,204750,0,0,0,204750,26533.98,6,40,TRUE,0.00146944656438327
"BR0374","Bastones rectos de brocoli - clasico - Caja de 13 packs de 1 kg | Ref OVH","Bastones rectos de brocoli","Estacional","Bastones clasicos - Sigilo","Bastones clasicos","Grueso",13,"13 X 1 KG",13,1,"6d5c1314ab281dbdd56dc5dde84579b9",91,2.7,395,296,245,400,301.4,250.4,1800,800,1200,7,2,3,42,0.733741555555556,28645400,30188224,1728000000,1.4028,0.06,730,104.387767584098,0,15996,0,0,15996,0,0,0,0,15996,0,0,0,0,381,381,0,0,0,0,10557.36,0,0,0,0,57150,57150,10557.36,7,78,TRUE,0.000558414265466707
"BR0375","11 bolsas de 1,25 kg | Bastones rectos de brocoli | Ref YF3","Bastones rectos de brocoli","Estacional","Bastones clasicos - Legumes Frites","Bastones clasicos","Corte steak",13.75,"11 X 1,25 KG",11,1.25,"c61dafed9b7d2c7f917d4debf65896c1",158,4.1,386,286,263,394.2,294.2,271.2,1800,800,1200,6,2,4,48,0.873668088,29034148,31452051.168,1728000000,1.3768,0.08,1200,168.415902140673,0,240998,0,0,240998,0,0,0,0,240998,0,0,0,0,5021,5021,0,0,0,0,125318.96,0,0,0,0,753150,753150,125318.96,6,68.75,TRUE,0.00830050187799553
"BR0376","13 bolsas de 0,75 kg | Brocoli zigzag sazonado","Brocoli zigzag","Forma estable","Bastones clasicos - Sigilo","Bastones clasicos","Forma",9.75,"13 X 0,75 KG",13,0.75,"ddc8f0c662924d5b7914ba35ddb1ebe4",181,2.7,395,294,250,400,299.4,255.4,1800,800,1200,7,2,4,56,0.991235777777778,29032500,30586704,1728000000,1.3988,0.06,730,104.090112130479,0,71871,0,0,71871,0,0,0,0,71871,0,0,0,0,1284,1284,0,0,0,0,34498.08,0,0,0,0,192600,192600,34498.08,7,58.5,TRUE,0.00247553603719969
"BR0377","13 bolsas de 0,75 kg | Brocoli zigzag picante | Ref P85","Brocoli zigzag","Forma estable","Bastones clasicos - Sigilo","Bastones clasicos","Forma",9.75,"13 X 0,75 KG",13,0.75,"ddc8f0c662924d5b7914ba35ddb1ebe4",181,2.7,395,294,250,400,299.4,255.4,1800,800,1200,7,2,4,56,0.991235777777778,29032500,30586704,1728000000,1.3988,0.06,730,104.090112130479,0,31227,0,0,31227,0,0,0,0,31227,0,0,0,0,558,558,0,0,0,0,14988.96,0,0,0,0,83700,83700,14988.96,7,58.5,TRUE,0.0010755877034358
"BR0378","BonsaiGreen Bastones rectos de brocoli 6x6 mm 5 x 2,5 kg | Ref FVE","Bastones rectos de brocoli","Estacional","Bastones clasicos - Grado B","Bastones clasicos","Fino",12.5,"5 X 2,5 KG",5,2.5,"2361696c0cf9b4a8490d7098c11e6a51",27,2.7,393,255,250,398.4,260.4,255.4,1800,800,1200,7,2,4,56,0.858668421333333,25053750,26496054.144,1728000000,1.3176,0.06,730,98.0477064220183,0,0,0,8811,8811,0,8114,697,0,0,0,145,13,0,0,158,0,3894.72,460.02,0,0,0,21750,1950,0,0,23700,4354.74,7,75,TRUE,0.000351683879658734
"BR0379","Bastones rectos de brocoli 6x6 mm - clasico - Caja de 5 packs de 2,5 kg | Ref OO7","Bastones rectos de brocoli","Estacional","Bastones clasicos - Grado B","Bastones clasicos","Fino",12.5,"5 X 2,5 KG",5,2.5,"2361696c0cf9b4a8490d7098c11e6a51",27,2.7,393,255,250,398.4,260.4,255.4,1800,800,1200,7,2,4,56,0.858668421333333,25053750,26496054.144,1728000000,1.3176,0.06,730,98.0477064220183,2,0,0,67892,67894,0,50646,0,17248,0,0,905,0,308,0,1213,0,24310.08,0,7244.16,0,0,135750,0,46200,0,181950,31554.24,7,75,TRUE,0.00270993364266826
"BR0380","Bastones rectos de brocoli 6x6 mm - clasico - Caja de 5 packs de 2,5 kg | Ref OO7","Bastones rectos de brocoli","Estacional","Bastones clasicos - Grado B","Bastones clasicos","Fino",12.5,"5 X 2,5 KG",5,2.5,"edebe6dd9669ec03369694b6dbbd4c54",193,2.5,393,255,250,398,260,255,1800,800,1200,7,2,4,56,0.855147222222222,25053750,26387400,1728000000,1.316,0.06,600,80.4892966360856,584,0,0,122186,122770,53989,43273,16762,8746,0,965,773,300,157,0,2195,29154.06,25963.8,11062.92,5772.36,0,144750,115950,45000,23550,0,329250,71953.14,7,75,TRUE,0.00490026443147233
"BR0381","Bastones rectos de brocoli 9x9 mm - clasico - Caja de 5 packs de 2,5 kg | Ref XNV","Bastones rectos de brocoli","Estacional","Bastones clasicos - Grado B","Bastones clasicos","Medio",12.5,"5 X 2,5 KG",5,2.5,"9dbb448086386afae3321dda0441c688",116,2.7,393,255,230,398.4,260.4,235.4,1800,800,1200,7,2,4,56,0.791427354666667,23049450,24421186.944,1728000000,1.3176,0.06,730,98.0477064220183,0,0,0,30911,30911,0,6954,23957,0,0,0,125,428,0,0,553,0,4172.4,14374.2,0,0,0,18750,64200,0,0,82950,18546.6,7,75,TRUE,0.00134107321432832
"BR0382","BonsaiGreen Bastones rectos de brocoli 9x9 mm 5 x 2,5 kg | Ref 768","Bastones rectos de brocoli","Estacional","Bastones clasicos - Grado B","Bastones clasicos","Medio",12.5,"5 X 2,5 KG",5,2.5,"9dbb448086386afae3321dda0441c688",116,2.7,393,255,230,398.4,260.4,235.4,1800,800,1200,7,2,4,56,0.791427354666667,23049450,24421186.944,1728000000,1.3176,0.06,730,98.0477064220183,9892,0,0,61298,71190,0,40982,0,30208,0,0,732,0,540,0,1272,0,24589.2,0,18124.8,0,0,109800,0,81000,0,190800,42714,7,75,TRUE,0.00308857695086
"BR0383","BonsaiGreen Bastones rectos de brocoli 9x9 mm 5 x 2,5 kg | Ref 768","Bastones rectos de brocoli","Estacional","Bastones clasicos - Grado B","Bastones clasicos","Medio",12.5,"5 X 2,5 KG",5,2.5,"9dbb448086386afae3321dda0441c688",116,2.7,393,255,230,398.4,260.4,235.4,1800,800,1200,7,2,4,56,0.791427354666667,23049450,24421186.944,1728000000,1.3176,0.06,730,98.0477064220183,1051,0,0,15386,16437,13508,0,0,2929,0,242,0,0,53,0,295,8104.8,0,0,1757.4,0,36300,0,0,7950,0,44250,9862.2,7,75,TRUE,0.000713118968131561
"BR0384","5 bolsas de 2,5 kg | Bastones rectos de brocoli 11x11 mm | Ref UC1","Bastones rectos de brocoli","Estacional","Bastones clasicos - Grado B","Bastones clasicos","Medio",12.5,"5 X 2,5 KG",5,2.5,"d57ede415e9b30ea0e94a15552298aa3",174,2.7,393,255,214,398.4,260.4,219.4,1800,800,1200,8,2,4,64,0.843010858666667,21446010,22761293.184,1728000000,1.3176,0.06,730,98.0477064220183,1437,0,0,19034,20471,7628,0,0,12843,0,120,0,0,201,0,321,5034.48,0,0,6935.22,0,18000,0,0,30150,0,48150,11969.7,8,87.5,TRUE,0.000954536531503995
"BR0385","5 bolsas de 2,5 kg | Bastones rectos de brocoli 11x11 mm | Ref UC1","Bastones rectos de brocoli","Estacional","Bastones clasicos - Grado B","Bastones clasicos","Medio",12.5,"5 X2,5 KG",5,2.5,"d57ede415e9b30ea0e94a15552298aa3",174,2.7,393,255,214,398.4,260.4,219.4,1800,800,1200,8,2,4,64,0.843010858666667,21446010,22761293.184,1728000000,1.3176,0.06,730,98.0477064220183,133,28,59,2,222,35,79,51,26,31,1,2,1,1,1,6,23.1,52.14,33.66,14.04,20.46,150,300,150,150,150,900,143.4,8,87.5,TRUE,1.03515758875427e-05
"BR0386","5 bolsas de 2,5 kg | Bastones rectos de brocoli 6x6 mm | Ref WPA","Bastones rectos de brocoli","Estacional","Bastones clasicos - Grado B","Bastones clasicos","Fino",12.5,"5 X 2,5 KG",5,2.5,"414d4cf5c1bc8a346f7e4445ede7acbd",49,4.1,386,286,229,394.2,294.2,237.2,1800,800,1200,7,2,4,56,0.891493666,25280684,27508947.408,1728000000,1.3768,0.08,1200,168.415902140673,134,28,59,2,223,35,79,52,26,31,1,2,1,1,1,6,25.025,46.215,23.66,18.59,22.165,150,300,150,150,150,900,135.655,7,75,TRUE,8.8209638631613e-06
"BR0387","5 bolsas de 2,5 kg | Bastones rectos de brocoli 9x9 mm | Ref WFG","Bastones rectos de brocoli","Estacional","Bastones clasicos - Grado B","Bastones clasicos","Medio",12.5,"5 X 2,5 KG",5,2.5,"48d2fa87ef6ac189e633680672b6132e",52,4.1,386,286,199,394.2,294.2,207.2,1800,800,1200,8,2,4,64,0.889990304,21968804,24029738.208,1728000000,1.3768,0.08,1200,168.415902140673,0,0,0,5144,5144,0,0,5144,0,0,0,0,81,0,0,81,0,0,2340.52,0,0,0,0,12150,0,0,12150,2340.52,8,87.5,TRUE,0.00023415020681144
"BR0388","Bastones rectos de brocoli 9x9 mm - clasico - Caja de 5 packs de 2,5 kg | Ref GR7","Bastones rectos de brocoli","Estacional","Bastones clasicos - Grado B","Bastones clasicos","Medio",12.5,"5 X 2,5 KG",5,2.5,"1cbc364190e4feb6cfbe064584c400ab",17,4.1,383,248,224,391.2,256.2,232.2,1800,800,1200,7,2,4,56,0.754196436,21276416,23272347.168,1728000000,1.2948,0.08,1200,158.385321100917,1613,0,0,61227,62840,0,49527,13313,0,0,0,885,238,0,0,1123,0,25754.04,9518.795,0,0,0,132750,35700,0,0,168450,35272.835,7,75,TRUE,0.00295350495120983
"BR0389","5 bolsas de 2,5 kg | Bastones rectos de brocoli 9x9 mm | Ref BHE","Bastones rectos de brocoli","Estacional","Bastones clasicos - Grado B","Bastones clasicos","Medio",12.5,"5 X 2,5 KG",5,2.5,"fc6931875b8384c7bacd18bb4699795f",201,2.7,393,255,219,398.4,260.4,224.4,1800,800,1200,8,2,4,64,0.862222592,21947085,23280009.984,1728000000,1.3176,0.06,730,98.0477064220183,0,0,0,2295,2295,0,2295,0,0,0,0,36,0,0,0,36,0,1514.7,0,0,0,0,5400,0,0,0,5400,1514.7,8,87.5,TRUE,0.000104569695702186
"BR0390","BonsaiGreen Bastones rectos de brocoli 6x6 mm 5 x 2,5 kg | Ref FVE","Bastones rectos de brocoli","Estacional","Bastones clasicos - Sigilo","Bastones clasicos","Fino",12.5,"5 X 2,5 KG",5,2.5,"2361696c0cf9b4a8490d7098c11e6a51",27,2.7,393,255,250,398.4,260.4,255.4,1800,800,1200,7,2,4,56,0.858668421333333,25053750,26496054.144,1728000000,1.3176,0.06,730,98.0477064220183,0,0,0,3517,3517,0,3517,0,0,0,0,63,0,0,0,63,0,1688.16,0,0,0,0,9450,0,0,0,9450,1688.16,7,75,TRUE,0.000140378186898169
"BR0391","BonsaiGreen Gajos de brocoli sazonado 5 x 2,5 kg | Ref PO5","Gajos de brocoli","Forma estable","Bastones clasicos - Sigilo","Bastones clasicos","Forma",12.5,"5X2,5 KG",5,2.5,"83d3c7c10fbc6fe2e476fd8c600855e2",102,2.7,393,255,194,398.4,260.4,199.4,1800,800,1200,9,2,4,72,0.861934416,19441710,20686425.984,1728000000,1.3176,0.06,730,98.0477064220183,1226086,0,265033,0,1491119,0,1151498,339621,0,0,0,15994,4717,0,0,20711,0,483629.16,163018.08,0,0,0,2399100,707550,0,0,3106650,646647.24,9,100,FALSE,0.0766969057762923
"BR0392","BonsaiGreen Gajos de brocoli sazonado 5 x 2,5 kg | Ref PO5","Gajos de brocoli","Forma estable","Bastones clasicos - Sigilo","Bastones clasicos","Forma",12.5,"5 X 2,5 KG",5,2.5,"dc0b41c3254944ee2f8977c80dc8f455",178,4.5,391,292,172,400,301,181,1800,800,1200,9,2,3,54,0.6810125,19637584,21792400,1728000000,1.402,0.08,1400,200.081549439348,37497,0,243,0,37740,0,33494,4246,0,0,0,621,79,0,0,700,0,21771.1,3035.89,0,0,0,93150,11850,0,0,105000,24806.99,9,100,TRUE,0.00192182500657922
"BR0393","11 bolsas de 1 kg | Gajos de brocoli","Gajos de brocoli","Forma estable","Bastones clasicos - Reserva Privada","Bastones clasicos","Forma",11,"11 X 1 KG",11,1,"83d3c7c10fbc6fe2e476fd8c600855e2",102,2.7,393,255,194,398.4,260.4,199.4,1800,800,1200,9,2,4,72,0.861934416,19441710,20686425.984,1728000000,1.3176,0.06,730,98.0477064220183,19231,0,0,0,19231,0,0,19231,0,0,0,0,268,0,0,268,0,0,9230.88,0,0,0,0,40200,0,0,40200,9230.88,9,88,TRUE,0.000989161961576425
"BR0394","Gajos de brocoli - con cabo - Caja de 5 packs de 2,5 kg","Gajos de brocoli","Forma estable","Bastones clasicos - Reserva Privada","Bastones clasicos","Forma",12.5,"5 X 2,5 KG",5,2.5,"b9470f0403af99853ed89bcf86be3235",148,4.1,383,248,194,391.2,256.2,202.2,1800,800,1200,8,2,4,64,0.750577184,18426896,20265583.968,1728000000,1.2948,0.08,1200,158.385321100917,27637,0,0,0,27637,0,0,27637,0,0,0,0,432,0,0,432,0,0,17964.05,0,0,0,0,64800,0,0,64800,17964.05,8,87.5,TRUE,0.00149981852613701
"BR0395","Gajos de brocoli - sazonado - Caja de 5 packs de 2,5 kg","Gajos de brocoli","Forma estable","Bastones clasicos - Sigilo","Bastones clasicos","Forma",12.5,"5 X 2,5 KG",5,2.5,"082c1cdb42b1abd201403ca33ca11ef0",2,4.1,383,248,189,391.2,256.2,197.2,1800,800,1200,9,2,4,72,0.823519032,17951976,19764456.768,1728000000,1.2948,0.08,1200,158.385321100917,206835,0,18454,0,225289,0,225289,0,0,0,0,3130,0,0,0,3130,0,117150.28,0,0,0,0,469500,0,0,0,469500,117150.28,9,100,TRUE,0.0125495377221984
"BR0396","5 bolsas de 2,5 kg | Gajos de brocoli sin gluten | Ref EQY","Gajos de brocoli","Forma estable","Bastones clasicos - Sigilo","Bastones clasicos","Forma",12.5,"5 X 2,5 KG",5,2.5,"ac8b5267c6be652bd0aff43408408e79",134,4.1,388,288,209,396.2,296.2,217.2,1800,800,1200,8,2,4,64,0.944051272888889,23354496,25489384.368,1728000000,1.3848,0.08,1200,169.394495412844,1933,2,515633,18382,535950,0,535950,0,0,0,0,8375,0,0,0,8375,0,243857.25,0,0,0,0,1256250,0,0,0,1256250,243857.25,8,87.5,TRUE,0.0229484721057564
"BR0397","5 bolsas de 2,5 kg | Gajos de brocoli sin gluten | Ref S62","Gajos de brocoli","Forma estable","Bastones clasicos - Sigilo","Bastones clasicos","Forma",12.5,"5 X 2,5 KG",5,2.5,"162c41fa859810e889efa37f867819bb",12,2.7,395,296,214,400,301.4,219.4,1800,800,1200,8,2,3,48,0.734746222222222,25020880,26450864,1728000000,1.4028,0.06,730,104.387767584098,0,1,484350,0,484351,0,484351,0,0,0,0,10091,0,0,0,10091,0,232488.48,0,0,0,0,1513650,0,0,0,1513650,232488.48,8,87.5,TRUE,0.0193578723050508
"BR0398","Gajos de brocoli - sin gluten - Caja de 5 packs de 2,5 kg","Gajos de brocoli","Forma estable","Bastones clasicos - Sigilo","Bastones clasicos","Forma",12.5,"5 X 2,5 KG",5,2.5,"bdefb2124af27fa9ca0fa5d293a18aa4",150,4.1,386,286,209,394.2,294.2,217.2,1800,800,1200,8,2,4,64,0.932943504,23072764,25189474.608,1728000000,1.3768,0.08,1200,168.415902140673,0,0,71218,0,71218,0,71218,0,0,0,0,1113,0,0,0,1113,0,37033.36,0,0,0,0,166950,0,0,0,166950,37033.36,8,87.5,TRUE,0.00308666963351248
"BR0399","Bastones rectos de brocoli 6x9 mm - clasico - Caja de 5 packs de 2,5 kg","Bastones rectos de brocoli","Estacional","Bastones clasicos - Sigilo","Bastones clasicos","Fino",12.5,"5 X 2,5 KG",5,2.5,"170f5916eaeb0e271ae012eedb1ad645",13,4.1,386,286,298,394.2,294.2,306.2,1800,800,1200,5,2,4,40,0.822016865,32898008,35511128.568,1728000000,1.3768,0.08,1200,168.415902140673,1417,0,24732,0,26149,0,0,26149,0,0,0,0,654,0,0,654,0,0,16996.85,0,0,0,0,98100,0,0,98100,16996.85,5,50,TRUE,0.000794850557517039
"BR0400","5 bolsas de 2,5 kg | Bastones rectos de brocoli | Ref H44","Bastones rectos de brocoli","Estacional","Bastones clasicos - Legumes Frites","Bastones clasicos","Medio",12.5,"5 X 2,5 KG",5,2.5,"b4d42409ba0a801454f8f3bc60d94ec1",145,4.1,388,288,293,396.2,296.2,301.2,1800,800,1200,5,2,4,40,0.818221234444444,32740992,35347157.328,1728000000,1.3848,0.08,1200,169.394495412844,17214,0,0,0,17214,0,0,0,0,17214,0,0,0,0,431,431,0,0,0,0,12308.01,0,0,0,0,64650,64650,12308.01,5,50,TRUE,0.000525762933511605
"BR0401","5 bolsas de 2,5 kg | Bastones rectos de brocoli 9x9 mm con cabo","Bastones rectos de brocoli","Estacional","Bastones clasicos - Sigilo","Bastones clasicos","Medio",12.5,"5 X 2,5 KG",5,2.5,"6f0bc5eabea0d399e9342acf41bcb33b",93,2.7,395,296,194,400,301.4,199.4,1800,800,1200,9,2,3,54,0.7512395,22682480,24039664,1728000000,1.4028,0.06,730,104.387767584098,8746,0,12414,0,21160,0,8112,0,0,13048,0,151,0,0,242,393,0,4380.48,0,0,8611.68,0,22650,0,0,36300,58950,12992.16,9,100,TRUE,0.000932878591758926
"BR0402","BonsaiGreen Gajos de brocoli 13 x 0,75 kg","Gajos de brocoli","Forma estable","Bastones clasicos - Sigilo","Bastones clasicos","Forma",9.75,"13 X 0,75 KG",13,0.75,"0b72571a5bb7429ce7de424547e8d27d",4,4.1,386,286,174,394.2,294.2,182.2,1800,800,1200,9,2,4,72,0.880433217,19208904,21130397.208,1728000000,1.3768,0.08,1200,168.415902140673,0,16214,0,0,16214,0,0,0,0,16214,0,0,0,0,226,226,0,0,0,0,11593.01,0,0,0,0,33900,33900,11593.01,9,78,TRUE,0.000844087720986059
"BR0403","BonsaiGreen Bastones rectos de brocoli 6x6 mm con cabo 5 x 2,5 kg","Bastones rectos de brocoli","Estacional","Bastones clasicos - Sigilo","Bastones clasicos","Fino",12.5,"5 X 2,5 KG",5,2.5,"4472825c5f9816d7befa089cf8451878",50,4.1,383,248,318,391.2,256.2,326.2,1800,800,1200,5,2,4,40,0.756794873333333,30204912,32693538.528,1728000000,1.2948,0.08,1200,158.385321100917,128,27,57,2,214,33,76,50,25,30,1,2,2,1,1,7,23.595,54.34,35.75,17.875,21.45,150,300,300,150,150,1050,153.01,5,50,TRUE,7.08494035672079e-06
"BR0404","Bastones rectos de brocoli 9x9 mm - clasico - Caja de 11 packs de 1 kg","Bastones rectos de brocoli","Estacional","Bastones clasicos - Sigilo","Bastones clasicos","Medio",11,"11 X 1 KG",11,1,"563a3fa61d441769163b35905be8987d",67,4.1,383,248,234,391.2,256.2,242.2,1800,800,1200,7,2,4,56,0.786676902666667,22226256,24274601.568,1728000000,1.2948,0.08,1200,158.385321100917,129,27,57,2,215,34,76,50,25,30,1,2,1,1,1,6,24.31,54.34,35.75,17.875,21.45,150,300,150,150,150,900,153.725,7,66,TRUE,9.67324411272866e-06
"BR0405","BonsaiVegetales Bastones rectos de brocoli 10x10 mm 5 x 2,5 kg","Bastones rectos de brocoli","Estacional","Guarniciones - Otros","Guarniciones","Medio",12.5,"5 X 2,5 KG",5,2.5,"55b52b97c05b19dbbbefa191622fe36a",66,4.1,386,286,179,394.2,294.2,187.2,1800,800,1200,9,2,4,72,0.904594392,19760884,21710265.408,1728000000,1.3768,0.08,1200,168.415902140673,129,27,58,2,216,34,77,50,25,30,1,2,1,1,1,6,15.47,35.035,35.75,13,21.45,150,300,150,150,150,900,120.705,9,100,TRUE,1.09306850847361e-05
"BR0406","BonsaiGreen Brocoli en rejilla sazonado 5 x 2,5 kg","Brocoli en rejilla","Forma estable","Bastones clasicos - Sigilo","Bastones clasicos","Forma",12.5,"5X2,5 KG",5,2.5,"a23eeef1c0cd8cfd40b780d65382034a",122,4.1,386,286,303,394.2,294.2,311.2,1800,800,1200,5,2,4,40,0.83543974,33449988,36090996.768,1728000000,1.3768,0.08,1200,168.415902140673,130,27,58,2,217,34,77,51,25,30,1,2,2,1,1,7,24.31,35.035,33.15,14.625,21.45,150,300,300,150,150,1050,128.57,5,50,TRUE,6.48729679663861e-06
"BR0407","5 bolsas de 2,5 kg | Espirales de brocoli sazonado","Espirales de brocoli","Forma estable","Bastones clasicos - Sigilo","Bastones clasicos","Forma",12.5,"5 X2,5 KG",5,2.5,"c61dafed9b7d2c7f917d4debf65896c1",158,4.1,386,286,263,394.2,294.2,271.2,1800,800,1200,6,2,4,48,0.873668088,29034148,31452051.168,1728000000,1.3768,0.08,1200,168.415902140673,1944,0,0,0,1944,0,0,1944,0,0,0,0,41,0,0,41,0,0,1137.24,0,0,0,0,6150,0,0,6150,1137.24,6,62.5,TRUE,6.69556413365393e-05
"BR0408","Brocoli en rejilla - clasico - Caja de 11 packs de 1 kg | Ref GM8","Brocoli en rejilla","Forma estable","Bastones clasicos - Sigilo","Bastones clasicos","Forma",11,"11 X 1 KG",11,1,"a23eeef1c0cd8cfd40b780d65382034a",122,4.1,386,286,303,394.2,294.2,311.2,1800,800,1200,5,2,4,40,0.83543974,33449988,36090996.768,1728000000,1.3768,0.08,1200,168.415902140673,131,27,59,2,219,34,78,51,26,30,1,2,2,1,1,7,24.31,35.49,33.15,15.21,21.45,150,300,300,150,150,1050,129.61,5,44,TRUE,6.54708755052468e-06
"BR0409","5 bolsas de 2,5 kg | Bastones rectos de brocoli 9x9 mm sin gluten, horneado","Bastones rectos de brocoli","Estacional","Bastones clasicos - Sigilo","Bastones clasicos","Medio",12.5,"5 X 2,5 KG",5,2.5,"563a3fa61d441769163b35905be8987d",67,4.1,383,248,234,391.2,256.2,242.2,1800,800,1200,7,2,4,56,0.786676902666667,22226256,24274601.568,1728000000,1.2948,0.08,1200,158.385321100917,132,27,59,2,220,34,78,51,26,31,1,2,1,1,1,6,24.31,55.77,36.465,18.59,22.165,150,300,150,150,150,900,157.3,7,75,TRUE,9.89820327814095e-06
"BR0410","Brocoli en rejilla - clasico - Caja de 5 packs de 1,75 kg","Brocoli en rejilla","Forma estable","Bastones clasicos - Sigilo","Bastones clasicos","Forma",8.75,"5x1,8 kg",5,1.75,"b5ff628fcb5e9885b7d13c5dd1ddd441",146,4.8,380,282,286,389.6,291.6,295.6,1800,800,1200,6,2,4,48,0.932842656,30647760,33582335.616,1728000000,1.3624,0.1,1550,215.261977573904,4903,0,0,0,4903,0,0,4903,0,0,0,0,103,0,0,103,0,0,3775.31,0,0,0,0,15450,0,0,15450,3775.31,6,43.75,TRUE,0.000159979065354205
"BR0411","5 bolsas de 2,5 kg | Mix crujiente de brocoli","Mix crujiente de brocoli","Forma estable","Bastones clasicos - Sigilo","Bastones clasicos","Forma",12.5,"5 X 2,5 KG",5,2.5,"27cfee279bf2517d910cfab7c0b51213",30,4.1,386,286,204,394.2,294.2,212.2,1800,800,1200,8,2,4,64,0.911466904,22520784,24609606.408,1728000000,1.3768,0.08,1200,168.415902140673,3001,0,0,0,3001,0,0,3001,0,0,0,0,47,0,0,47,0,0,1560.52,0,0,0,0,7050,0,0,7050,1560.52,8,87.5,TRUE,0.000133254685982513
"BR0412","Dippers de brocoli - clasico - Caja de 5 packs de 2,5 kg","Dippers de brocoli","Forma estable","Bastones clasicos - Sigilo","Bastones clasicos","Forma",12.5,"5 X 2,5 KG",5,2.5,"414d4cf5c1bc8a346f7e4445ede7acbd",49,4.1,386,286,229,394.2,294.2,237.2,1800,800,1200,7,2,4,56,0.891493666,25280684,27508947.408,1728000000,1.3768,0.08,1200,168.415902140673,2347,0,0,0,2347,367,807,587,293,293,7,15,11,6,6,45,262.405,472.095,267.085,209.495,209.495,1050,2250,1650,900,900,6750,1420.575,7,75,TRUE,9.28376779678904e-05
"BR0413","BonsaiPremium Bastones rectos de brocoli 6x6 mm 5 x 2,5 kg | Ref F06","Bastones rectos de brocoli","Estacional","Bastones clasicos - Reserva Privada","Bastones clasicos","Fino",12.5,"5 X 2,5 KG",5,2.5,"5914abeae491eab8612131985b15994f",70,4.1,386,286,239,394.2,294.2,247.2,1800,800,1200,7,2,4,56,0.929077716,26384644,28668683.808,1728000000,1.3768,0.08,1200,168.415902140673,0,0,0,2014,2014,0,0,0,0,2014,0,0,0,0,36,36,0,0,0,0,1047.28,0,0,0,0,5400,5400,1047.28,7,75,TRUE,7.63322787300067e-05
"BR0414","Dippers de brocoli - clasico - Caja de 11 packs de 0,5 kg","Dippers de brocoli","Forma estable","Bastones clasicos - Sigilo","Bastones clasicos","Forma",5.5,"11 X 0,5 KG",11,0.5,"55b52b97c05b19dbbbefa191622fe36a",66,4.1,386,286,179,394.2,294.2,187.2,1800,800,1200,9,2,4,72,0.904594392,19760884,21710265.408,1728000000,1.3768,0.08,1200,168.415902140673,135,28,60,2,225,35,80,52,27,31,1,2,1,1,1,6,15.925,36.4,37.18,14.04,22.165,150,300,150,150,150,900,125.71,9,44,TRUE,1.13861302966001e-05
"BR0415","Dippers de brocoli - clasico - Caja de 5 packs de 2,5 kg","Dippers de brocoli","Forma estable","Bastones clasicos - Sigilo","Bastones clasicos","Forma",12.5,"5 X 2,5 KG",5,2.5,"963709ce03639618149be23f8bb82ece",111,4.1,383,248,253,391.2,256.2,261.2,1800,800,1200,6,2,4,48,0.727191248,24030952,26178884.928,1728000000,1.2948,0.08,1200,158.385321100917,136,28,60,2,226,35,80,53,27,31,1,2,2,1,1,7,25.025,36.4,27.56,19.305,22.165,150,300,300,150,150,1050,130.455,6,62.5,TRUE,9.4045379475603e-06
"BR0416","BonsaiVegetales Cubos de brocoli 5 x 2,5 kg","Cubos de brocoli","Forma estable","Guarniciones - Cubos","Guarniciones","Forma",12.5,"5 X 2,5 KG",5,2.5,"55b52b97c05b19dbbbefa191622fe36a",66,4.1,386,286,179,394.2,294.2,187.2,1800,800,1200,9,2,4,72,0.904594392,19760884,21710265.408,1728000000,1.3768,0.08,1200,168.415902140673,128,27,57,2,214,33,76,50,25,30,1,2,1,1,1,6,15.015,34.58,35.75,13,21.45,150,300,150,150,150,900,119.795,9,100,TRUE,1.08294750376552e-05
"BR0417","Mix crujiente de brocoli - clasico - Caja de 11 packs de 0,75 kg","Mix crujiente de brocoli","Forma estable","Bastones clasicos - Sigilo","Bastones clasicos","Forma",8.25,"11 X 0,75 KG",11,0.75,"563a3fa61d441769163b35905be8987d",67,4.1,383,248,234,391.2,256.2,242.2,1800,800,1200,7,2,4,56,0.786676902666667,22226256,24274601.568,1728000000,1.2948,0.08,1200,158.385321100917,2761,0,0,0,2761,0,0,2761,0,0,0,0,50,0,0,50,0,0,1974.115,0,0,0,0,7500,0,0,7500,1974.115,7,49.5,TRUE,0.000124222451140669
"BR0418","BonsaiGreen Mix crujiente de brocoli 11 x 0,75 kg","Mix crujiente de brocoli","Forma estable","Bastones clasicos - Sigilo","Bastones clasicos","Forma",8.25,"11X0,8 KG",11,0.8,"563a3fa61d441769163b35905be8987d",67,4.1,383,248,234,391.2,256.2,242.2,1800,800,1200,7,2,4,56,0.786676902666667,22226256,24274601.568,1728000000,1.2948,0.08,1200,158.385321100917,3942,0,0,0,3942,0,0,3942,0,0,0,0,71,0,0,71,0,0,2818.53,0,0,0,0,10650,0,0,10650,2818.53,7,49.5,TRUE,0.000177357806011053
"BR0419","5 bolsas de 2,5 kg | Bastones rectos de brocoli 9x18 mm | Ref TUA","Bastones rectos de brocoli","Estacional","Bastones clasicos - Reserva Privada","Bastones clasicos","Corte steak",12.5,"5 X 2,5 KG",5,2.5,"3cdb44bb6e06ba2151d665a0c599b894",45,2.7,395,296,173,400,301.4,178.4,1800,800,1200,10,2,3,60,0.746802222222222,20227160,21507904,1728000000,1.4028,0.06,730,104.387767584098,43300,0,0,0,43300,0,0,0,43300,0,0,0,0,722,0,722,0,0,0,25980,0,0,0,0,108300,0,108300,25980,10,112.5,FALSE,0.00214068608741909
"BR0420","5 bolsas de 2,5 kg | Bastones rectos de brocoli 11x11 mm | Ref ADD","Bastones rectos de brocoli","Estacional","Bastones clasicos - Reserva Privada","Bastones clasicos","Medio",12.5,"5 X 2,5 KG",5,2.5,"a130566667d4be7bb38053adaefea0af",119,2.7,393,255,204,398.4,260.4,209.4,1800,800,1200,8,2,4,64,0.804587392,20443860,21723859.584,1728000000,1.3176,0.06,730,98.0477064220183,205852,0,0,0,205852,0,24227,0,181625,0,0,379,0,2838,0,3217,0,11628.96,0,76282.5,0,0,56850,0,425700,0,482550,87911.46,8,87.5,TRUE,0.0100691356720306
"BR0421","5 bolsas de 2,5 kg | Bastones rectos de brocoli 9x9 mm | Ref 45W","Bastones rectos de brocoli","Estacional","Bastones clasicos - Reserva Privada","Bastones clasicos","Medio",12.5,"5 X 2,5 KG",5,2.5,"3826faf22304dbe5bef22f8c36155874",42,2.7,393,255,224,398.4,260.4,229.4,1800,800,1200,7,2,4,56,0.771255034666667,22448160,23798726.784,1728000000,1.3176,0.06,730,98.0477064220183,145803,0,0,0,145803,0,0,0,145803,0,0,0,0,2604,0,2604,0,0,0,61237.26,0,0,0,0,390600,0,390600,61237.26,7,75,TRUE,0.00649509803921569
